#VRML V2.0 utf8
# 3D model generated by easyeda2kicad.py (https://github.com/uPesy/easyeda2kicad.py)

Shape{
    appearance Appearance {
        material  Material 	{
            diffuseColor 1.0 1.0 1.0
            specularColor 0.8784313725490196 0.8784313725490196 0.8784313725490196
            ambientIntensity 0.2
            transparency 0
            shininess 0.5
        }
    }
    geometry IndexedFaceSet {
        ccw TRUE
        solid FALSE
        coord DEF co Coordinate {
            point [
                -0.1476 -0.0394 -2.7165, -0.1476 -0.0394 -2.6378, 0.1476 -0.0394 -2.7165, -0.0787 -0.0394 -2.6378, 0.1476 -0.0394 -2.6378, 0.0787 -0.0394 -2.6378, 0.0787 -0.0394 -1.4961, -0.0787 -0.0394 -1.4961, 0.1195 -0.0447 -1.4961, 0.1195 -0.0447 -2.6378, 0.1476 -0.0552 -2.6378, 0.1575 -0.0605 -1.4961, 0.1575 -0.0605 -2.6378, 0.1901 -0.0855 -1.4961, 0.1901 -0.0855 -2.6378, 0.2151 -0.1181 -1.4961, 0.2151 -0.1181 -2.6378, 0.2309 -0.1561 -1.4961, 0.2309 -0.1561 -2.6378, 0.2362 -0.1969 -1.4961, 0.2362 -0.1969 -2.6378, -0.2362 -0.1969 -2.6378, -0.2362 -0.1969 -1.4961, -0.2309 -0.1561 -1.4961, -0.2309 -0.1561 -2.6378, -0.2151 -0.1181 -1.4961, -0.2151 -0.1181 -2.6378, -0.1901 -0.0855 -1.4961, -0.1901 -0.0855 -2.6378, -0.1575 -0.0605 -1.4961, -0.1575 -0.0605 -2.6378, -0.1476 -0.0552 -2.6378, -0.1195 -0.0447 -1.4961, -0.1195 -0.0447 -2.6378, 0.2362 -0.4331 -2.6378, 0.2362 -0.4331 -1.8504, 0.2362 -0.4724 -1.8504, 0.2362 -0.4724 -1.4961, -0.2362 -0.4724 -1.8504, -0.2362 -0.4724 -1.4961, -0.2362 -0.4331 -1.8504, -0.2362 -0.4331 -2.6378, 0.5512 -0.4331 -1.8504, 0.5512 -0.4331 -2.6378, -0.5512 -0.4331 -1.8504, -0.5512 -0.4331 -2.6378, 0.5512 -0.4724 -1.8504, 0.5512 -0.4724 -1.4961, 0.5512 -0.1969 -1.4961, 0.5512 -0.1969 -2.6378, -0.5512 -0.1969 -2.6378, -0.5512 -0.1969 -1.4961, -0.5512 -0.4724 -1.8504, -0.5512 -0.4724 -1.4961, 0.5565 -0.1561 -1.4961, 0.5565 -0.1561 -2.6378, 0.5723 -0.1181 -1.4961, 0.5723 -0.1181 -2.6378, 0.5973 -0.0855 -1.4961, 0.5973 -0.0855 -2.6378, 0.6299 -0.0605 -1.4961, 0.6299 -0.0605 -2.6378, 0.6679 -0.0447 -1.4961, 0.6679 -0.0447 -2.6378, 0.7087 -0.0394 -1.4961, 0.7087 -0.0394 -2.6378, -0.7087 -0.0394 -2.6378, -0.7087 -0.0394 -1.4961, -0.6679 -0.0447 -1.4961, -0.6679 -0.0447 -2.6378, -0.6299 -0.0605 -1.4961, -0.6299 -0.0605 -2.6378, -0.5973 -0.0855 -1.4961, -0.5973 -0.0855 -2.6378, -0.5723 -0.1181 -1.4961, -0.5723 -0.1181 -2.6378, -0.5565 -0.1561 -1.4961, -0.5565 -0.1561 -2.6378, 1.063 -0.0394 -1.4961, 1.063 -0.0394 -2.6378, 1.0335 -0.0394 -2.6378, 0.7382 -0.0394 -2.6378, 0.7382 -0.0394 -2.7165, 1.0335 -0.0394 -2.7165, -1.063 -0.0394 -1.4961, -0.7382 -0.0394 -2.6378, -1.063 -0.0394 -2.6378, -1.0335 -0.0394 -2.6378, -1.0335 -0.0394 -2.7165, -0.7382 -0.0394 -2.7165, 0.1476 -3.1102 -2.7165, -0.1476 -3.1102 -2.7165, 1.1038 -0.0447 -1.4961, 1.1038 -0.0447 -2.6378, 1.1417 -0.0605 -1.4961, 1.1417 -0.0605 -2.6378, 1.1743 -0.0855 -1.4961, 1.1743 -0.0855 -2.6378, 1.1994 -0.1181 -1.4961, 1.1994 -0.1181 -2.6378, 1.2151 -0.1561 -1.4961, 1.2151 -0.1561 -2.6378, 1.2205 -0.1969 -1.4961, 1.2205 -0.1969 -2.6378, -1.2205 -0.1969 -2.6378, -1.2205 -0.1969 -1.4961, -1.2151 -0.1561 -1.4961, -1.2151 -0.1561 -2.6378, -1.1994 -0.1181 -1.4961, -1.1994 -0.1181 -2.6378, -1.1743 -0.0855 -1.4961, -1.1743 -0.0855 -2.6378, -1.1417 -0.0605 -1.4961, -1.1417 -0.0605 -2.6378, -1.1038 -0.0447 -1.4961, -1.1038 -0.0447 -2.6378, -0.1476 -3.1102 -2.6378, 0.1476 -3.1102 -2.6378, 1.2205 -0.4331 -2.6378, 1.2205 -0.4331 -1.8504, 1.2205 -0.4724 -1.8504, 1.2205 -0.4724 -1.4961, -1.2205 -0.4724 -1.8504, -1.2205 -0.4724 -1.4961, -1.2205 -0.4331 -1.8504, -1.2205 -0.4331 -2.6378, -0.4331 -3.1102 -2.6378, -0.4331 -1.9291 -2.6378, -0.7382 -1.9291 -2.6378, 0.4331 -3.1102 -2.6378, 0.4331 -3.1102 -2.4409, -0.4331 -3.1102 -2.4409, 0.4331 -1.9291 -2.6378, 0.7382 -1.9291 -2.6378, 1.5354 -0.4331 -1.8504, 1.5354 -0.4331 -2.6378, -1.5354 -0.4331 -1.8504, -1.5354 -0.4331 -2.6378, -0.7382 -1.9291 -2.7165, 0.4331 -2.6881 -2.2441, 0.4331 -1.9291 -2.2441, -0.4331 -2.6881 -2.2441, -0.4331 -1.9291 -2.2441, 0.7382 -1.9291 -2.7165, 1.5354 -0.4724 -1.8504, 1.5354 -0.4724 -1.4961, 1.5354 -0.1969 -1.4961, 1.5354 -0.1969 -2.6378, -1.5354 -0.1969 -2.6378, -1.5354 -0.1969 -1.4961, -1.5354 -0.4724 -1.8504, -1.5354 -0.4724 -1.4961, -1.0335 -1.9291 -2.7165, -0.4331 -1.6535 -2.2441, 0.4331 -1.6535 -2.2441, 1.0335 -1.9291 -2.7165, 2.1457 -0.0394 -2.7165, 2.1457 -1.9291 -2.7165, 1.8504 -0.0394 -2.7165, 1.8504 -1.9291 -2.7165, 2.1457 -0.0394 -1.6142, 2.1457 -0.6693 -1.6142, 2.1457 -0.0394 -2.3622, 2.1457 -0.6693 -1.7323, 2.1457 -0.6693 -2.3622, 2.1457 -0.6693 -2.2441, 2.1457 -1.2008 -2.2441, 2.1457 -1.2008 -1.7323, 1.5394 -0.1618 -1.4961, 1.5394 -0.1618 -2.6378, 1.551 -0.1285 -1.4961, 1.551 -0.1285 -2.6378, 1.5698 -0.0987 -1.4961, 1.5698 -0.0987 -2.6378, 1.5947 -0.0737 -1.4961, 1.5947 -0.0737 -2.6378, 1.6246 -0.055 -1.4961, 1.6246 -0.055 -2.6378, 1.6579 -0.0433 -1.4961, 1.6579 -0.0433 -2.6378, 1.6929 -0.0394 -1.4961, 1.6929 -0.0394 -2.6378, -1.6929 -0.0394 -2.6378, -1.6929 -0.0394 -1.4961, -1.6522 -0.0447 -1.4961, -1.6522 -0.0447 -2.6378, -1.6142 -0.0605 -1.4961, -1.6142 -0.0605 -2.6378, -1.5816 -0.0855 -1.4961, -1.5816 -0.0855 -2.6378, -1.5565 -0.1181 -1.4961, -1.5565 -0.1181 -2.6378, -1.5408 -0.1561 -1.4961, -1.5408 -0.1561 -2.6378, -2.1457 -0.0394 -2.3622, -2.1457 -0.6693 -2.3622, -2.1457 -0.0394 -1.6142, -2.1457 -0.6693 -2.2441, -2.1457 -0.6693 -1.6142, -2.1457 -0.6693 -1.7323, -2.1457 -1.2008 -1.7323, -2.1457 -1.2008 -2.2441, -1.8504 -0.0394 -2.7165, -1.8504 -1.9291 -2.7165, -2.1457 -0.0394 -2.7165, -2.1457 -1.9291 -2.7165, -1.8504 -1.9291 -2.6378, -1.8504 -0.0394 -2.6378, -1.0335 -1.9291 -2.6378, -0.4331 -1.6535 -2.0866, 0.4331 -1.6535 -2.0866, 1.8504 -1.9291 -2.6378, 1.8504 -0.0394 -2.6378, 1.0335 -1.9291 -2.6378, 2.1457 -1.9291 -2.6378, 2.1457 -0.0394 -2.6378, 2.4409 -0.0394 -0.315, 2.4409 -0.0394 -0.5512, 2.1457 -0.0394 -0.5512, 2.1457 -0.0394 -1.063, 1.8307 -0.0394 -1.4961, 1.8307 -0.0394 -0.1575, 2.2835 -0.0394 -0.1575, 2.4409 -0.0394 -1.063, 2.4409 -0.0394 -1.6142, 2.3948 -0.0394 -0.2036, 2.4198 -0.0394 -0.2362, 2.4356 -0.0394 -0.2742, 2.4409 -0.0394 -2.3622, 2.4409 -0.0394 -2.6378, 2.3242 -0.0394 -0.1628, 2.3622 -0.0394 -0.1786, -2.1457 -0.0394 -2.6378, -1.8307 -0.0394 -1.4961, -2.4409 -0.0394 -2.6378, -2.4409 -0.0394 -2.3622, -2.4409 -0.0394 -1.6142, -2.4409 -0.0394 -1.063, -2.1457 -0.0394 -1.063, -1.8307 -0.0394 -0.1575, -2.1457 -0.0394 -0.5512, -2.4409 -0.0394 -0.5512, -2.4409 -0.0394 -0.315, -2.3622 -0.0394 -0.1786, -2.3242 -0.0394 -0.1628, -2.2835 -0.0394 -0.1575, -2.4356 -0.0394 -0.2742, -2.4198 -0.0394 -0.2362, -2.3948 -0.0394 -0.2036, -0.0984 -1.9291 -0.5906, -0.0984 -0.6299 -0.5906, -0.0984 -1.9291 -0.689, -0.0984 -0.6299 -0.689, -0.689 -1.9291 -0.689, -0.689 -0.6299 -0.689, -0.689 -1.9291 -0.5906, -0.689 -0.6299 -0.5906, 0.689 -1.9291 -0.5906, 0.689 -0.6299 -0.5906, 0.689 -1.9291 -0.689, 0.689 -0.6299 -0.689, 0.0984 -1.9291 -0.689, 0.0984 -0.6299 -0.689, 0.0984 -1.9291 -0.5906, 0.0984 -0.6299 -0.5906, 1.6732 -1.9291 -0.5906, 1.6732 -0.6299 -0.5906, 1.6732 -1.9291 -0.689, 1.6732 -0.6299 -0.689, 1.0827 -1.9291 -0.689, 1.0827 -0.6299 -0.689, 1.0827 -1.9291 -0.5906, 1.0827 -0.6299 -0.5906, -1.0827 -1.9291 -0.5906, -1.0827 -0.6299 -0.5906, -1.0827 -1.9291 -0.689, -1.0827 -0.6299 -0.689, -1.6732 -1.9291 -0.689, -1.6732 -0.6299 -0.689, -1.6732 -1.9291 -0.5906, -1.6732 -0.6299 -0.5906, -2.1457 -1.9291 -2.6378, -0.4331 -1.9291 -2.0866, 0.4331 -1.9291 -2.0866, 2.4409 -0.6693 -2.3622, 2.4409 -0.6693 -2.2441, 2.4409 -1.2008 -2.2441, 2.4409 -1.2008 -1.7323, 2.4409 -0.6693 -1.7323, 2.4409 -0.6693 -1.6142, 2.4409 -1.9291 -2.6378, 1.8307 -0.6299 -1.4961, 1.8307 -0.6299 -0.1575, -1.8307 -0.6299 -1.4961, -1.8307 -0.6299 -0.1575, -1.1417 -0.6299 -0.689, -1.1417 -1.9291 -0.689, -1.1417 -1.9291 -0.5906, -0.6299 -1.9291 -0.5906, -0.6299 -1.9291 -0.689, -0.6299 -0.6299 -0.689, -0.1575 -4.6457 -0.8661, -0.6299 -4.6457 -0.8661, -0.1575 -5.0 -0.8661, -0.6299 -5.0 -0.8661, -0.1575 -0.6299 -0.689, -0.1575 -1.9291 -0.689, -0.1575 -1.9291 -0.5906, -0.6299 -5.0 -0.5906, -0.1575 -5.0 -0.5906, 0.1575 -1.9291 -0.5906, 0.1575 -1.9291 -0.689, 0.1575 -0.6299 -0.689, 0.6299 -4.6457 -0.8661, 0.1575 -4.6457 -0.8661, 0.6299 -5.0 -0.8661, 0.1575 -5.0 -0.8661, 0.6299 -0.6299 -0.689, 0.6299 -1.9291 -0.689, 0.6299 -1.9291 -0.5906, 0.1575 -5.0 -0.5906, 0.6299 -5.0 -0.5906, 1.1417 -1.9291 -0.5906, 1.1417 -1.9291 -0.689, 1.1417 -0.6299 -0.689, 1.6142 -4.6457 -0.8661, 1.1417 -4.6457 -0.8661, 1.6142 -5.0 -0.8661, 1.1417 -5.0 -0.8661, 1.6142 -0.6299 -0.689, 1.6142 -1.9291 -0.689, 1.6142 -1.9291 -0.5906, 1.6142 -5.0 -0.5906, 1.1417 -5.0 -0.5906, -1.6142 -1.9291 -0.5906, -1.1417 -5.0 -0.5906, -1.6142 -5.0 -0.5906, -1.6142 -1.9291 -0.689, -1.6142 -0.6299 -0.689, -1.1417 -0.6299 -1.4961, -0.6299 -0.6299 -1.4961, 1.1417 -1.9291 -1.4961, 1.6142 -1.9291 -1.4961, 1.1417 -0.6299 -1.4961, 1.6142 -0.6299 -1.4961, -0.6299 -1.9291 -1.4961, -0.1575 -1.9291 -1.4961, -0.1575 -0.6299 -1.4961, -1.6142 -0.6299 -1.4961, -1.6142 -1.9291 -1.4961, -1.1417 -1.9291 -1.4961, 0.1575 -1.9291 -1.4961, 0.6299 -1.9291 -1.4961, 0.1575 -0.6299 -1.4961, 0.6299 -0.6299 -1.4961, -1.1417 -5.0 -0.8661, -1.6142 -5.0 -0.8661, -1.1417 -4.6457 -0.8661, -1.6142 -4.6457 -0.8661, -2.4409 -0.6693 -1.6142, -2.4409 -0.6693 -1.7323, -2.4409 -1.2008 -1.7323, -2.4409 -1.2008 -2.2441, -2.4409 -0.6693 -2.2441, -2.4409 -0.6693 -2.3622, -2.4409 -1.9291 -2.6378, -2.1457 -1.9291 -1.1024, -2.1457 -1.9291 -1.063, -2.4409 -1.9291 -1.063, 2.4409 -1.9291 -1.063, 2.1457 -1.9291 -1.1024, 2.1457 -1.9291 -1.063, 0.1575 -1.9291 -1.1024, -0.1575 -1.9291 -1.1024, -1.6142 -1.9291 -1.1024, 1.6142 -1.9291 -1.1024, -0.6299 -1.9291 -1.1024, -1.1417 -1.9291 -1.1024, 1.1417 -1.9291 -1.1024, 0.6299 -1.9291 -1.1024, 2.4409 -1.9291 -0.315, 2.4409 -1.9291 -0.5512, 2.2835 -1.9291 -0.1575, 2.3242 -1.9291 -0.1628, 2.3622 -1.9291 -0.1786, 2.3948 -1.9291 -0.2036, 2.4198 -1.9291 -0.2362, 2.4356 -1.9291 -0.2742, -2.2835 -1.9291 -0.1575, -2.3242 -1.9291 -0.1628, -2.3622 -1.9291 -0.1786, -2.3948 -1.9291 -0.2036, -2.4198 -1.9291 -0.2362, -2.4356 -1.9291 -0.2742, -2.4409 -1.9291 -0.315, -1.1417 -4.6457 -1.1024, -0.6299 -4.6457 -1.1024, -0.1575 -4.6457 -1.1024, 0.1575 -4.6457 -1.1024, 0.6299 -4.6457 -1.1024, 1.1417 -4.6457 -1.1024, 1.6142 -4.6457 -1.1024, -1.6142 -4.6457 -1.1024, -2.4409 -1.9291 -0.5512, -1.9488 -5.1969 -0.9055, -2.0625 -5.0 -1.1024, 1.9488 -5.1969 -0.9055, 2.0625 -5.0 -1.1024, 1.9488 -5.1969 -0.5512, 2.0625 -5.0 -0.3543, 2.1457 -4.8559 -0.3543, 2.1457 -4.8559 -1.1024, 2.1457 -1.9291 -0.5512, -2.1457 -4.8559 -0.3543, -2.1457 -4.8559 -1.1024, -1.9488 -5.1969 -0.5512, -2.0625 -5.0 -0.3543, -2.1457 -1.9291 -0.5512, 2.1457 -1.9291 -0.3543, -2.1457 -1.9291 -0.3543, -2.1457 -1.9291 -0.3543
            ]
        }
        coordIndex [
            0,1,2,-1,2,1,3,-1,4,2,5,-1,5,2,3,-1,5,3,6,-1,6,3,7,-1,6,8,5,-1,5,8,9,-1,9,8,10,-1,10,8,11,-1,10,11,12,-1,12,11,13,-1,12,13,14,-1,14,13,15,-1,14,15,16,-1,16,15,17,-1,16,17,18,-1,18,17,19,-1,18,19,20,-1,21,22,23,-1,21,23,24,-1,24,23,25,-1,24,25,26,-1,26,25,27,-1,26,27,28,-1,28,27,29,-1,28,29,30,-1,30,29,31,-1,31,29,32,-1,31,32,33,-1,33,32,7,-1,33,7,3,-1,34,20,35,-1,35,20,19,-1,35,19,36,-1,36,19,37,-1,38,39,40,-1,40,39,22,-1,40,22,41,-1,41,22,21,-1,35,42,34,-1,34,42,43,-1,44,40,45,-1,45,40,41,-1,46,47,42,-1,42,47,48,-1,42,48,43,-1,43,48,49,-1,45,50,44,-1,44,50,51,-1,44,51,52,-1,52,51,53,-1,49,48,54,-1,49,54,55,-1,55,54,56,-1,55,56,57,-1,57,56,58,-1,57,58,59,-1,59,58,60,-1,59,60,61,-1,61,60,62,-1,61,62,63,-1,63,62,64,-1,63,64,65,-1,66,67,68,-1,66,68,69,-1,69,68,70,-1,69,70,71,-1,71,70,72,-1,71,72,73,-1,73,72,74,-1,73,74,75,-1,75,74,76,-1,75,76,77,-1,77,76,51,-1,77,51,50,-1,78,79,64,-1,64,79,80,-1,65,64,81,-1,81,64,80,-1,81,80,82,-1,82,80,83,-1,67,66,84,-1,84,66,85,-1,86,84,87,-1,87,84,85,-1,87,85,88,-1,88,85,89,-1,3,1,33,-1,33,1,31,-1,2,90,0,-1,0,90,91,-1,10,4,9,-1,9,4,5,-1,79,78,92,-1,79,92,93,-1,93,92,94,-1,93,94,95,-1,95,94,96,-1,95,96,97,-1,97,96,98,-1,97,98,99,-1,99,98,100,-1,99,100,101,-1,101,100,102,-1,101,102,103,-1,104,105,106,-1,104,106,107,-1,107,106,108,-1,107,108,109,-1,109,108,110,-1,109,110,111,-1,111,110,112,-1,111,112,113,-1,113,112,114,-1,113,114,115,-1,115,114,84,-1,115,84,86,-1,1,0,31,-1,31,0,91,-1,31,91,116,-1,117,90,10,-1,10,90,2,-1,10,2,4,-1,118,103,119,-1,119,103,102,-1,119,102,120,-1,120,102,121,-1,122,123,124,-1,124,123,105,-1,124,105,125,-1,125,105,104,-1,116,126,127,-1,30,31,21,-1,21,31,41,-1,50,45,85,-1,31,116,41,-1,41,116,127,-1,41,127,45,-1,45,127,128,-1,45,128,85,-1,24,26,21,-1,21,26,28,-1,21,28,30,-1,73,75,71,-1,71,75,69,-1,85,66,50,-1,50,66,69,-1,50,69,77,-1,77,69,75,-1,117,129,130,-1,131,126,116,-1,91,90,116,-1,116,90,117,-1,116,117,131,-1,131,117,130,-1,129,117,132,-1,132,117,10,-1,63,65,49,-1,49,65,81,-1,49,81,43,-1,43,81,133,-1,43,133,34,-1,133,132,34,-1,34,132,10,-1,34,10,20,-1,20,10,12,-1,49,55,63,-1,63,55,57,-1,63,57,61,-1,61,57,59,-1,14,16,12,-1,12,16,18,-1,12,18,20,-1,119,134,118,-1,118,134,135,-1,136,124,137,-1,137,124,125,-1,128,138,85,-1,85,138,89,-1,130,129,139,-1,139,129,132,-1,139,132,140,-1,126,131,127,-1,127,131,141,-1,127,141,142,-1,130,139,131,-1,131,139,141,-1,143,133,82,-1,82,133,81,-1,144,145,134,-1,134,145,146,-1,134,146,135,-1,135,146,147,-1,137,148,136,-1,136,148,149,-1,136,149,150,-1,150,149,151,-1,89,138,88,-1,88,138,152,-1,141,139,142,-1,142,139,140,-1,142,140,153,-1,153,140,154,-1,83,155,82,-1,82,155,143,-1,156,157,158,-1,158,157,159,-1,160,161,162,-1,162,161,163,-1,164,162,165,-1,165,162,163,-1,165,163,166,-1,166,163,167,-1,147,146,168,-1,147,168,169,-1,169,168,170,-1,169,170,171,-1,171,170,172,-1,171,172,173,-1,173,172,174,-1,173,174,175,-1,175,174,176,-1,175,176,177,-1,177,176,178,-1,177,178,179,-1,179,178,180,-1,179,180,181,-1,182,183,184,-1,182,184,185,-1,185,184,186,-1,185,186,187,-1,187,186,188,-1,187,188,189,-1,189,188,190,-1,189,190,191,-1,191,190,192,-1,191,192,193,-1,193,192,149,-1,193,149,148,-1,194,195,196,-1,196,195,197,-1,198,196,199,-1,199,196,197,-1,199,197,200,-1,200,197,201,-1,42,35,46,-1,46,35,36,-1,40,44,38,-1,38,44,52,-1,124,136,122,-1,122,136,150,-1,134,119,144,-1,144,119,120,-1,202,203,204,-1,204,203,205,-1,206,203,207,-1,207,203,202,-1,152,208,88,-1,88,208,87,-1,153,154,209,-1,209,154,210,-1,159,211,158,-1,158,211,212,-1,213,155,80,-1,80,155,83,-1,214,157,215,-1,215,157,156,-1,216,217,218,-1,219,220,218,-1,218,220,221,-1,218,221,222,-1,223,224,160,-1,212,181,220,-1,220,181,180,-1,225,226,218,-1,218,226,227,-1,218,227,216,-1,228,229,162,-1,162,229,215,-1,222,230,218,-1,218,230,231,-1,218,231,225,-1,156,158,215,-1,215,158,212,-1,215,212,162,-1,162,212,220,-1,162,220,160,-1,160,220,219,-1,160,219,223,-1,202,204,207,-1,207,204,232,-1,183,182,233,-1,233,182,207,-1,234,235,232,-1,232,235,194,-1,232,194,207,-1,207,194,196,-1,207,196,233,-1,236,237,196,-1,196,237,238,-1,196,238,233,-1,233,238,239,-1,238,240,239,-1,239,240,241,-1,239,241,242,-1,243,244,242,-1,242,244,245,-1,242,245,239,-1,246,247,242,-1,242,247,248,-1,242,248,243,-1,249,250,251,-1,251,250,252,-1,253,254,255,-1,255,254,256,-1,257,258,259,-1,259,258,260,-1,261,262,263,-1,263,262,264,-1,265,266,267,-1,267,266,268,-1,269,270,271,-1,271,270,272,-1,273,274,275,-1,275,274,276,-1,277,278,279,-1,279,278,280,-1,36,37,46,-1,46,37,47,-1,52,53,38,-1,38,53,39,-1,150,151,122,-1,122,151,123,-1,120,121,144,-1,144,121,145,-1,205,281,204,-1,204,281,232,-1,206,207,137,-1,137,207,148,-1,206,137,208,-1,208,137,125,-1,208,125,87,-1,189,191,193,-1,87,125,86,-1,86,125,104,-1,86,104,107,-1,207,182,148,-1,148,182,185,-1,148,185,193,-1,193,185,187,-1,193,187,189,-1,107,109,111,-1,111,113,107,-1,107,113,115,-1,107,115,86,-1,209,282,153,-1,153,282,142,-1,209,210,282,-1,282,210,283,-1,154,140,210,-1,210,140,283,-1,213,118,211,-1,211,118,135,-1,211,135,212,-1,212,135,147,-1,212,147,181,-1,181,147,179,-1,213,80,118,-1,118,80,79,-1,118,79,103,-1,173,147,171,-1,171,147,169,-1,173,175,147,-1,147,175,177,-1,147,177,179,-1,103,79,101,-1,101,79,93,-1,101,93,99,-1,99,93,95,-1,99,95,97,-1,228,162,284,-1,284,162,164,-1,284,164,285,-1,285,164,165,-1,285,165,286,-1,286,165,166,-1,286,166,287,-1,287,166,167,-1,287,167,288,-1,288,167,163,-1,288,163,289,-1,289,163,161,-1,289,161,224,-1,224,161,160,-1,214,215,290,-1,290,215,229,-1,291,292,220,-1,220,292,221,-1,233,239,293,-1,293,239,294,-1,276,295,275,-1,275,295,296,-1,275,296,273,-1,273,296,297,-1,255,298,253,-1,253,298,299,-1,253,299,254,-1,254,299,300,-1,301,302,303,-1,303,302,304,-1,252,305,251,-1,251,305,306,-1,251,306,249,-1,249,306,307,-1,250,249,256,-1,256,249,307,-1,255,256,298,-1,298,256,307,-1,298,307,308,-1,308,307,309,-1,303,304,309,-1,309,304,308,-1,263,310,261,-1,261,310,311,-1,261,311,262,-1,262,311,312,-1,313,314,315,-1,315,314,316,-1,260,317,259,-1,259,317,318,-1,259,318,257,-1,257,318,319,-1,258,257,264,-1,264,257,319,-1,263,264,310,-1,310,264,319,-1,310,319,320,-1,320,319,321,-1,315,316,321,-1,321,316,320,-1,271,322,269,-1,269,322,323,-1,269,323,270,-1,270,323,324,-1,325,326,327,-1,327,326,328,-1,268,329,267,-1,267,329,330,-1,267,330,265,-1,265,330,331,-1,322,271,272,-1,266,265,331,-1,332,333,331,-1,331,333,322,-1,331,322,266,-1,266,322,272,-1,327,328,332,-1,332,328,333,-1,334,279,280,-1,274,273,297,-1,335,336,297,-1,297,336,334,-1,297,334,274,-1,274,334,280,-1,279,334,277,-1,277,334,337,-1,277,337,278,-1,278,337,338,-1,37,339,340,-1,180,178,146,-1,146,178,176,-1,146,176,174,-1,341,342,343,-1,343,342,344,-1,47,121,48,-1,48,121,102,-1,48,102,78,-1,78,102,100,-1,78,100,92,-1,174,172,146,-1,146,172,170,-1,146,170,168,-1,345,346,340,-1,340,346,347,-1,340,347,37,-1,78,64,48,-1,48,64,62,-1,48,62,60,-1,149,233,151,-1,151,233,293,-1,151,293,123,-1,123,293,348,-1,123,348,339,-1,339,348,349,-1,339,349,350,-1,92,100,94,-1,94,100,98,-1,94,98,96,-1,351,352,353,-1,353,352,354,-1,347,353,37,-1,37,353,354,-1,37,354,47,-1,47,354,343,-1,47,343,121,-1,121,343,344,-1,121,344,145,-1,145,344,291,-1,145,291,146,-1,146,291,220,-1,146,220,180,-1,60,58,48,-1,48,58,56,-1,48,56,54,-1,13,11,15,-1,15,11,17,-1,6,7,22,-1,22,7,32,-1,22,32,29,-1,29,27,22,-1,22,27,25,-1,22,25,23,-1,192,184,149,-1,149,184,183,-1,149,183,233,-1,11,8,17,-1,17,8,6,-1,17,6,19,-1,19,6,22,-1,19,22,37,-1,37,22,39,-1,37,39,339,-1,339,39,53,-1,339,53,123,-1,123,53,51,-1,123,51,105,-1,72,70,68,-1,192,190,184,-1,184,190,188,-1,184,188,186,-1,114,112,110,-1,72,68,74,-1,110,108,114,-1,114,108,106,-1,114,106,84,-1,84,106,105,-1,84,105,67,-1,67,105,51,-1,67,51,68,-1,68,51,76,-1,68,76,74,-1,355,356,335,-1,335,356,336,-1,357,358,355,-1,355,358,356,-1,236,196,359,-1,359,196,198,-1,359,198,360,-1,360,198,199,-1,360,199,361,-1,361,199,200,-1,361,200,362,-1,362,200,201,-1,362,201,363,-1,363,201,197,-1,363,197,364,-1,364,197,195,-1,364,195,235,-1,235,195,194,-1,232,281,234,-1,234,281,365,-1,366,367,368,-1,205,203,281,-1,281,203,206,-1,350,349,206,-1,152,138,208,-1,208,138,128,-1,290,369,370,-1,370,369,371,-1,372,373,351,-1,351,373,346,-1,365,281,368,-1,368,281,206,-1,368,206,366,-1,366,206,349,-1,366,349,374,-1,370,375,290,-1,290,375,342,-1,290,342,214,-1,345,376,377,-1,133,342,341,-1,211,159,157,-1,378,379,341,-1,341,379,352,-1,127,142,128,-1,128,142,282,-1,128,282,208,-1,143,155,133,-1,133,155,213,-1,133,213,342,-1,342,213,211,-1,342,211,214,-1,214,211,157,-1,377,350,345,-1,345,350,206,-1,345,206,346,-1,346,206,208,-1,346,208,351,-1,351,208,282,-1,351,282,352,-1,352,282,283,-1,352,283,341,-1,341,283,140,-1,341,140,133,-1,133,140,132,-1,216,380,217,-1,217,380,381,-1,290,229,284,-1,284,229,228,-1,284,285,290,-1,290,285,286,-1,290,286,369,-1,369,286,287,-1,224,223,289,-1,289,223,369,-1,289,369,288,-1,288,369,287,-1,222,382,383,-1,222,383,230,-1,230,383,384,-1,230,384,231,-1,231,384,385,-1,231,385,225,-1,225,385,386,-1,225,386,226,-1,226,386,387,-1,226,387,227,-1,227,387,380,-1,227,380,216,-1,278,338,348,-1,276,256,254,-1,270,324,343,-1,295,276,339,-1,339,276,254,-1,339,254,340,-1,340,254,300,-1,294,292,274,-1,262,312,353,-1,274,280,294,-1,294,280,278,-1,294,278,293,-1,293,278,348,-1,344,329,291,-1,291,329,268,-1,291,268,292,-1,292,268,266,-1,292,266,272,-1,354,317,260,-1,347,305,252,-1,343,354,270,-1,270,354,260,-1,270,260,272,-1,272,260,258,-1,272,258,292,-1,292,258,264,-1,353,347,262,-1,262,347,252,-1,262,252,264,-1,264,252,250,-1,264,250,292,-1,292,250,256,-1,292,256,274,-1,274,256,276,-1,388,245,244,-1,388,244,389,-1,389,244,243,-1,389,243,390,-1,390,243,248,-1,390,248,391,-1,391,248,247,-1,391,247,392,-1,392,247,246,-1,392,246,393,-1,393,246,242,-1,393,242,394,-1,339,350,295,-1,295,350,377,-1,295,377,296,-1,296,377,395,-1,296,395,297,-1,297,395,357,-1,297,357,335,-1,335,357,355,-1,298,308,302,-1,302,308,304,-1,345,340,376,-1,376,340,300,-1,376,300,299,-1,298,302,299,-1,299,302,396,-1,299,396,376,-1,397,396,301,-1,301,396,302,-1,347,346,305,-1,305,346,373,-1,305,373,306,-1,306,373,397,-1,306,397,307,-1,307,397,301,-1,307,301,309,-1,309,301,303,-1,310,320,314,-1,314,320,316,-1,351,353,372,-1,372,353,312,-1,372,312,311,-1,310,314,311,-1,311,314,398,-1,311,398,372,-1,399,398,313,-1,313,398,314,-1,354,352,317,-1,317,352,379,-1,317,379,318,-1,318,379,399,-1,318,399,319,-1,319,399,313,-1,319,313,321,-1,321,313,315,-1,322,333,326,-1,326,333,328,-1,341,343,378,-1,378,343,324,-1,378,324,323,-1,322,326,323,-1,323,326,400,-1,323,400,378,-1,401,400,325,-1,325,400,326,-1,344,342,329,-1,329,342,375,-1,329,375,330,-1,330,375,401,-1,330,401,331,-1,331,401,325,-1,331,325,332,-1,332,325,327,-1,334,336,358,-1,358,336,356,-1,349,348,374,-1,374,348,338,-1,374,338,337,-1,334,358,337,-1,337,358,402,-1,337,402,374,-1,395,402,357,-1,357,402,358,-1,237,236,368,-1,368,236,359,-1,359,360,368,-1,368,360,361,-1,368,361,365,-1,365,361,362,-1,235,234,364,-1,364,234,365,-1,364,365,363,-1,363,365,362,-1,394,242,403,-1,403,242,241,-1,404,405,406,-1,406,405,407,-1,408,406,409,-1,409,406,407,-1,409,407,410,-1,410,407,411,-1,217,381,218,-1,218,381,412,-1,219,371,223,-1,223,371,369,-1,239,245,294,-1,294,245,388,-1,294,388,292,-1,292,388,382,-1,292,382,221,-1,221,382,222,-1,413,414,405,-1,404,415,405,-1,405,415,416,-1,405,416,413,-1,397,373,372,-1,366,374,414,-1,414,374,402,-1,414,402,405,-1,405,402,395,-1,377,376,395,-1,395,376,396,-1,395,396,405,-1,405,396,397,-1,405,397,398,-1,398,397,372,-1,379,378,399,-1,399,378,400,-1,398,399,405,-1,405,399,400,-1,405,400,407,-1,407,400,401,-1,407,401,411,-1,411,401,375,-1,411,375,370,-1,237,368,238,-1,238,368,367,-1,240,417,241,-1,241,417,403,-1,404,406,415,-1,415,406,408,-1,412,418,410,-1,411,370,371,-1,219,218,371,-1,371,218,412,-1,371,412,411,-1,411,412,410,-1,412,381,418,-1,418,381,380,-1,389,390,419,-1,419,390,391,-1,419,391,392,-1,418,382,419,-1,419,382,388,-1,419,388,389,-1,403,417,394,-1,394,417,419,-1,394,419,393,-1,393,419,392,-1,380,387,418,-1,418,387,386,-1,418,386,385,-1,385,384,418,-1,418,384,383,-1,418,383,382,-1,367,366,414,-1,413,419,417,-1,240,238,417,-1,417,238,367,-1,417,367,413,-1,413,367,414,-1,416,415,409,-1,409,415,408,-1,418,419,410,-1,410,419,413,-1,410,413,409,-1,409,413,416,-1,
        ]
    }
}
Shape{
    appearance Appearance {
        material  Material 	{
            diffuseColor 0.7529411764705882 0.7529411764705882 0.7529411764705882
            specularColor 0.6627450980392157 0.6627450980392157 0.6627450980392157
            ambientIntensity 0.2
            transparency 0
            shininess 0.5
        }
    }
    geometry IndexedFaceSet {
        ccw TRUE
        solid FALSE
        coord DEF co Coordinate {
            point [
                -0.2473 -1.1604 -0.0, -0.2473 -1.2238 -0.0, -0.0931 -1.2238 -0.0, -0.161 -0.7449 -0.0, -0.161 -0.8868 -0.0, -0.0973 -0.8868 -0.0, -2.3425 -5.1575 0.0, -2.3425 -5.3937 0.0, -1.4647 -5.3937 -0.0, -0.0319 -0.745 -0.0, -0.0199 -0.7435 -0.0, -0.0835 -0.7435 -0.0, 0.0819 -0.7633 -0.0, 0.0819 -0.8145 -0.0, 0.1252 -0.8145 -0.0, 0.0917 -1.1596 -0.0, 0.0852 -1.1604 -0.0, 0.1252 -1.1604 -0.0, 0.2825 -1.0869 -0.0, 0.2825 -1.1408 -0.0, 0.3124 -1.1408 -0.0, -0.7267 -1.0265 -0.0, -0.7068 -1.0446 -0.0, -0.6606 -1.0205 -0.0, -1.0313 -0.9248 -0.0, -1.0231 -0.9064 -0.0, -1.4647 -0.9064 -0.0, -0.3552 -0.8959 -0.0, -0.3477 -0.9064 -0.0, -0.2473 -0.9064 -0.0, -0.5123 -0.7435 -0.0, -0.4871 -0.7611 -0.0, -0.2473 -0.7435 -0.0, -0.4472 -0.808 -0.0, -0.4256 -0.8511 -0.0, -0.42 -0.853 -0.0, -0.3861 -0.8698 -0.0, -0.7454 -0.7263 -0.0, -0.6925 -0.7075 -0.0, -1.4647 0.0 -0.0, -0.2473 0.0 -0.0, -0.5871 -0.7087 -0.0, -0.5307 -0.7307 -0.0, -0.6419 -0.7019 -0.0, -0.7739 -0.7435 -0.0, -1.4647 -0.7435 -0.0, -0.7785 -0.7463 -0.0, -1.0131 -0.8838 -0.0, -0.9858 -0.8488 -0.0, -0.8997 -0.7997 -0.0, -0.8548 -0.7941 -0.0, -0.8053 -0.7692 -0.0, -0.8417 -0.7948 -0.0, -0.8286 -0.7964 -0.0, -0.9781 -0.8415 -0.0, -0.9418 -0.816 -0.0, -1.4647 -1.0205 -0.0, -1.0393 -0.9786 -0.0, -1.0389 -0.9676 -0.0, -0.9562 -1.1328 -0.0, -0.9915 -1.1027 -0.0, -1.4647 -1.1604 -0.0, -0.9151 -1.1529 -0.0, -1.0175 -1.0655 -0.0, -1.0338 -1.0231 -0.0, -1.0341 -1.0205 -0.0, -0.9004 -1.1573 -0.0, -0.8989 -1.1604 -0.0, -0.889 -1.1818 -0.0, -1.4647 -1.2238 -0.0, -0.872 -1.2027 -0.0, -0.8497 -1.2194 -0.0, -0.2473 -1.8575 -0.0, -0.7647 -1.2314 -0.0, -0.7922 -1.2348 -0.0, -1.4647 -1.8575 -0.0, -0.7966 -1.2347 -0.0, -0.8235 -1.2305 -0.0, -0.8393 -1.2238 -0.0, -0.6855 -1.1604 -0.0, -0.6856 -1.1608 -0.0, -0.6991 -1.1862 -0.0, -0.7166 -1.2058 -0.0, -0.7393 -1.2216 -0.0, -0.7451 -1.2238 -0.0, -0.2473 -1.0205 -0.0, -0.3155 -1.0205 -0.0, -0.3181 -1.0409 -0.0, -0.5401 -1.0932 -0.0, -0.5323 -1.0902 -0.0, -0.5189 -1.0253 -0.0, -0.355 -1.1084 -0.0, -0.386 -1.1346 -0.0, -0.5471 -1.0982 -0.0, -0.5235 -1.089 -0.0, -0.5224 -1.0891 -0.0, -0.519 -1.0899 -0.0, -0.3324 -1.0769 -0.0, -0.5588 -1.1243 -0.0, -0.5585 -1.1198 -0.0, -0.6783 -1.1095 -0.0, -0.5562 -1.1112 -0.0, -0.5518 -1.1034 -0.0, -0.4066 -1.0616 -0.0, -0.394 -1.0438 -0.0, -0.5322 -1.1586 -0.0, -0.5397 -1.1556 -0.0, -0.5471 -1.1504 -0.0, -0.5498 -1.1477 -0.0, -0.5547 -1.1405 -0.0, -0.5577 -1.1328 -0.0, -0.679 -1.1327 -0.0, -0.6783 -1.1209 -0.0, -0.4207 -1.1516 -0.0, -0.4586 -1.1596 -0.0, -0.5258 -1.1596 -0.0, -0.5167 -1.0902 -0.0, -0.4654 -1.0902 -0.0, -0.445 -1.0863 -0.0, -0.4249 -1.077 -0.0, -0.4081 -1.0632 -0.0, -0.7783 -1.0067 -0.0, -0.7509 -1.0136 -0.0, -0.4827 -0.9064 -0.0, -0.7922 -1.0059 -0.0, -0.3862 -1.0235 -0.0, -0.3858 -1.0205 -0.0, -0.5217 -1.0205 -0.0, -0.3835 -1.0014 -0.0, -0.384 -0.9914 -0.0, -0.8194 -1.0093 -0.0, -0.9426 -0.9064 -0.0, -0.8445 -1.0189 -0.0, -0.9544 -0.9234 -0.0, -0.9641 -0.9488 -0.0, -0.9584 -1.0205 -0.0, -0.8469 -1.0205 -0.0, -0.9662 -0.9938 -0.0, -0.9675 -0.9763 -0.0, -0.4131 -0.9352 -0.0, -0.4307 -0.9229 -0.0, -0.3893 -0.9695 -0.0, -0.3999 -0.9499 -0.0, -0.4814 -0.9125 -0.0, -0.5542 -0.9649 -0.0, -0.4723 -0.9125 -0.0, -0.4506 -0.9152 -0.0, -0.7379 -1.0205 -0.0, -0.958 -1.0217 -0.0, -0.8866 -1.0566 -0.0, -0.8678 -1.035 -0.0, -0.9444 -1.0448 -0.0, -0.924 -1.0658 -0.0, -0.8992 -1.0811 -0.0, -0.5059 -0.8442 -0.0, -0.5316 -0.8135 -0.0, -0.7933 -0.8795 -0.0, -0.5345 -0.8108 -0.0, -0.5665 -0.7886 -0.0, -0.776 -0.8435 -0.0, -0.8015 -0.8751 -0.0, -0.4883 -0.8809 -0.0, -0.827 -0.8657 -0.0, -0.8537 -0.8624 -0.0, -0.8655 -0.8631 -0.0, -0.7504 -0.813 -0.0, -0.6022 -0.775 -0.0, -0.7199 -0.7907 -0.0, -0.6408 -0.7702 -0.0, -0.6827 -0.7756 -0.0, -0.8936 -0.8697 -0.0, -0.919 -0.8832 -0.0, -0.9386 -0.9007 -0.0, -0.332 -0.9283 -0.0, -0.3181 -0.9631 -0.0, -0.3129 -1.0002 0.0, 2.3425 -0.9064 0.0, 0.6005 -0.9989 -0.0, 2.3425 -1.0205 0.0, 0.6087 -1.0205 -0.0, 2.3425 -1.1604 0.0, 0.6387 -1.1591 -0.0, 0.6223 -1.1153 -0.0, 0.5557 -1.1153 -0.0, 0.5 -1.0396 -0.0, 0.5059 -1.0549 -0.0, 0.5702 -1.0205 -0.0, 0.49 -1.0257 -0.0, 0.4963 -1.1225 -0.0, 0.4844 -1.1366 -0.0, 0.5174 -1.1591 -0.0, 0.4665 -1.1604 -0.0, 0.5403 -1.1591 -0.0, 0.6615 -1.1591 0.0, 0.4665 -0.9064 -0.0, 0.4676 -1.0087 -0.0, 0.5784 -0.9989 -0.0, 0.4844 -1.0201 -0.0, 0.4848 -1.0205 -0.0, 0.5085 -1.0769 -0.0, 0.5081 -1.0872 -0.0, 0.5042 -1.1059 -0.0, 0.4677 -1.1486 -0.0, 0.4665 -1.1491 -0.0, 0.4494 -1.1558 -0.0, 0.3782 -1.1591 0.0, 0.3782 -1.0205 -0.0, 0.363 -1.0205 -0.0, 0.3782 -0.9989 -0.0, 0.363 -0.9064 -0.0, 0.4238 -0.9989 -0.0, 0.4483 -1.0016 -0.0, 0.4665 -1.0083 -0.0, 0.3124 -1.0205 -0.0, 0.3124 -1.0686 -0.0, 0.3397 -1.0686 -0.0, 0.3397 -1.0869 -0.0, 0.4222 -1.1591 -0.0, 0.363 -1.1604 -0.0, 0.3479 -1.1408 -0.0, 0.3124 -1.0869 -0.0, 0.2825 -1.0686 -0.0, 0.2825 -1.0205 -0.0, 0.2825 -1.0173 -0.0, 0.3124 -1.0173 -0.0, 0.251 -1.0205 -0.0, 0.2618 -1.0205 -0.0, 0.2618 -0.9989 -0.0, 0.3479 -1.1591 0.0, 0.3124 -1.1591 -0.0, 0.3124 -1.1604 -0.0, 0.2618 -1.1591 -0.0, -0.0289 -1.1604 -0.0, -0.029 -1.1604 -0.0, -0.0045 -1.1591 -0.0, 0.0155 -1.1591 -0.0, -0.0652 -1.0722 -0.0, -0.0652 -1.0527 -0.0, -0.0835 -1.0205 -0.0, -0.0521 -1.1604 -0.0, -0.0598 -1.1575 -0.0, -0.0835 -1.1604 -0.0, -0.0729 -1.1444 -0.0, -0.0754 -1.1376 -0.0, 0.0427 -1.1343 -0.0, 0.0155 -1.0855 -0.0, 0.0427 -1.155 -0.0, -0.0045 -1.1414 -0.0, -0.0051 -1.1414 -0.0, -0.01 -1.1484 -0.0, 0.046 -1.0619 -0.0, 0.0497 -1.0565 -0.0, -0.0679 -1.1041 -0.0, -0.0616 -1.0988 -0.0, -0.0527 -1.0945 -0.0, -0.0536 -1.0646 -0.0, -0.0384 -1.0911 -0.0, -0.0209 -1.0591 -0.0, -0.0277 -1.0584 -0.0, -0.0411 -1.0599 -0.0, -0.0165 -1.1545 -0.0, -0.0209 -1.1573 -0.0, -0.0666 -1.1528 -0.0, -0.0688 -1.1505 -0.0, -0.0611 -1.0503 -0.0, -0.0461 -1.0445 -0.0, -0.0258 -1.0421 0.0, -0.0764 -1.1284 -0.0, -0.0763 -1.1253 -0.0, -0.0749 -1.1168 -0.0, -0.072 -1.1098 -0.0, -0.0132 -1.0433 -0.0, -0.0049 -1.0459 -0.0, 0.0509 -1.1394 -0.0, 0.052 -1.1398 -0.0, 0.052 -1.0972 -0.0, 0.0017 -1.0498 -0.0, 0.007 -1.055 -0.0, 0.0436 -1.0684 -0.0, -0.0045 -1.0864 -0.0, -0.0052 -1.0775 -0.0, -0.0073 -1.0703 -0.0, -0.0097 -1.0662 -0.0, 0.0141 -1.0709 -0.0, 0.0437 -1.0833 -0.0, 0.011 -1.0616 -0.0, 0.0428 -1.0756 -0.0, -0.0127 -1.063 -0.0, -0.0163 -1.0607 -0.0, 0.0518 -1.0971 -0.0, 0.0485 -1.0936 -0.0, 0.0459 -1.0895 -0.0, 0.052 -1.1585 -0.0, 0.052 -1.1604 -0.0, 0.0547 -1.1595 -0.0, 0.0624 -1.1604 -0.0, 0.1252 -1.0205 -0.0, 0.1145 -1.0471 -0.0, 0.1145 -1.0666 -0.0, 0.1132 -1.109 -0.0, 0.117 -1.1146 -0.0, 0.052 -1.0545 -0.0, 0.052 -1.0205 -0.0, 0.0557 -1.0512 -0.0, 0.0624 -1.0472 -0.0, 0.1191 -1.1205 -0.0, 0.1199 -1.128 -0.0, 0.119 -1.136 -0.0, 0.1165 -1.1424 -0.0, 0.1128 -1.1477 -0.0, 0.0736 -1.0435 -0.0, 0.0874 -1.0421 -0.0, 0.1014 -1.0433 -0.0, 0.107 -1.1527 -0.0, 0.1023 -1.1556 -0.0, 0.0854 -1.0584 -0.0, 0.0795 -1.0588 -0.0, 0.0635 -1.0738 -0.0, 0.0741 -1.0602 -0.0, 0.0696 -1.0626 -0.0, 0.0637 -1.0764 -0.0, 0.0645 -1.0795 -0.0, 0.0659 -1.0822 -0.0, 0.0679 -1.0844 -0.0, 0.0749 -1.0888 -0.0, 0.098 -1.0597 -0.0, 0.0874 -1.0942 -0.0, 0.1094 -1.0638 -0.0, 0.0951 -1.0974 -0.0, 0.1084 -1.1048 -0.0, 0.0666 -1.0653 -0.0, 0.0648 -1.0678 -0.0, 0.0639 -1.0706 -0.0, 0.0635 -1.144 -0.0, 0.0732 -1.1088 -0.0, 0.0612 -1.1033 -0.0, 0.0757 -1.1454 0.0, 0.0766 -1.1454 -0.0, 0.0864 -1.1143 -0.0, 0.0869 -1.1442 -0.0, 0.0994 -1.1299 -0.0, 0.0992 -1.1274 -0.0, 0.092 -1.1423 -0.0, 0.0939 -1.1412 -0.0, 0.0962 -1.1392 -0.0, 0.0979 -1.1366 -0.0, 0.0989 -1.1337 -0.0, 0.0982 -1.1243 -0.0, 0.0967 -1.1216 -0.0, 0.0942 -1.119 -0.0, 0.461 -0.905 0.0, 0.4381 -0.905 -0.0, 0.4218 -0.8612 -0.0, 0.363 -0.8612 -0.0, 0.4 -0.7449 -0.0, 0.4665 -0.7435 -0.0, 0.363 -0.7435 -0.0, 0.3551 -0.8612 -0.0, 0.3397 -0.905 -0.0, 0.3124 -0.9064 -0.0, 0.3169 -0.905 -0.0, 0.3124 -0.7435 -0.0, 0.363 -0.7838 -0.0, 0.3779 -0.7449 -0.0, 0.251 -0.7435 -0.0, 0.1625 -0.7435 -0.0, 0.2233 -0.7449 -0.0, 0.1776 -0.7449 -0.0, 0.1776 -0.905 0.0, 0.1625 -0.9064 -0.0, 0.2217 -0.905 -0.0, 0.251 -0.9064 -0.0, 0.2489 -0.9017 -0.0, 0.3036 -0.8519 -0.0, 0.2958 -0.8684 -0.0, 0.2895 -0.7716 -0.0, 0.2994 -0.7856 -0.0, 0.2838 -0.8826 -0.0, 0.2671 -0.8946 -0.0, 0.251 -0.9009 -0.0, 0.2838 -0.7661 -0.0, 0.2478 -0.7476 -0.0, 0.251 -0.7488 -0.0, 0.2671 -0.7546 -0.0, 0.3053 -0.8008 -0.0, 0.308 -0.8229 -0.0, 0.3075 -0.8331 -0.0, 0.1252 -0.7435 -0.0, 0.1252 -0.7449 -0.0, 0.1437 -0.7449 -0.0, 0.1437 -0.7633 -0.0, 0.1392 -0.8145 -0.0, 0.1252 -0.8868 -0.0, 0.1474 -0.8868 -0.0, 0.1392 -0.8329 -0.0, 0.1252 -0.8329 -0.0, 0.0819 -0.8329 -0.0, 0.0819 -0.8868 -0.0, 0.1252 -0.7633 -0.0, 0.0612 -0.905 -0.0, 0.052 -0.9064 -0.0, 0.1252 -0.9064 -0.0, 0.0612 -0.7449 -0.0, 0.052 -0.7435 -0.0, 0.1474 -0.905 0.0, 0.1252 -0.905 -0.0, -1.4647 -2.4802 -0.0, -1.4647 -3.7863 -0.0, -0.813 -3.7863 -0.0, -0.7082 -2.5881 -0.0, -0.7056 -2.5758 -0.0, -0.7021 -2.5595 -0.0, -0.5347 -2.4943 -0.0, -0.2473 -2.4802 -0.0, -0.539 -2.4927 -0.0, -0.5614 -2.4839 -0.0, -0.5131 -2.5092 -0.0, -0.5131 -2.5092 -0.0, -0.4933 -2.5314 -0.0, -0.6958 -2.5469 -0.0, -0.6884 -2.5323 -0.0, -0.679 -2.5213 -0.0, -0.6703 -2.5113 -0.0, -0.6561 -2.501 -0.0, -0.6475 -2.4948 -0.0, -0.6288 -2.487 -0.0, -0.6232 -2.4847 -0.0, -0.5987 -2.4809 -0.0, -0.5954 -2.4804 -0.0, -0.5906 -2.4803 -0.0, -0.5681 -2.4831 -0.0, -0.4928 -2.5323 -0.0, -0.4802 -2.5564 -0.0, -0.4793 -2.5599 -0.0, -0.5536 -4.7762 -0.0, -0.2473 -5.1575 -0.0, -0.5516 -4.7633 -0.0, -0.5469 -4.7313 -0.0, -0.5665 -4.808 -0.0, -0.5713 -4.8195 -0.0, -0.5916 -4.8479 -0.0, -0.5987 -4.8578 -0.0, -0.6255 -4.8808 -0.0, -0.6333 -4.8875 -0.0, -0.4733 -2.5843 -0.0, -0.473 -2.5899 -0.0, -0.4725 -2.6025 -0.0, -0.6662 -4.9047 -0.0, -0.6725 -4.908 -0.0, -0.7114 -4.9184 -0.0, -1.8485 -2.5098 -0.0, -1.8421 -2.5036 -0.0, -2.3425 -2.4802 0.0, -1.7426 -2.4839 -0.0, -1.7336 -2.4875 -0.0, -0.7131 -4.9189 -0.0, -0.7436 -4.9213 -0.0, -1.4647 -5.1575 -0.0, -1.4647 -4.9213 -0.0, -1.6186 -4.9213 -0.0, -1.666 -2.5467 -0.0, -1.6612 -2.5559 -0.0, -1.6563 -2.5758 -0.0, -1.7077 -4.9 -0.0, -1.7367 -4.8806 -0.0, -1.7469 -4.8738 -0.0, -1.7708 -4.8479 -0.0, -1.8886 -2.59 -0.0, -1.8871 -2.5733 -0.0, -1.8825 -2.5601 -0.0, -1.8776 -2.5463 -0.0, -1.8689 -2.5326 -0.0, -1.8635 -2.5241 -0.0, -1.7143 -2.4952 -0.0, -1.7061 -2.501 -0.0, -1.6919 -2.5113 -0.0, -1.6832 -2.5213 -0.0, -1.6734 -2.5326 -0.0, -1.5492 -3.7863 -0.0, -1.654 -2.5881 -0.0, -1.6545 -2.5833 -0.0, -1.6508 -4.9176 -0.0, -1.6637 -4.9161 -0.0, -1.696 -4.9042 -0.0, -1.8231 -2.4928 -0.0, -1.8175 -2.4896 -0.0, -1.794 -2.4829 -0.0, -1.7898 -2.4817 -0.0, -1.7717 -2.4803 -0.0, -1.7635 -2.4813 -0.0, -1.7777 -4.8403 -0.0, -1.7961 -4.8081 -0.0, -2.3425 -5.0394 0.0, -1.7996 -4.8018 -0.0, -1.8114 -4.7634 -0.0, -1.8119 -4.7617 -0.0, -1.8154 -4.7313 -0.0, -1.8897 -2.6025 -0.0, 0.0084 -0.7435 -0.0, 0.0122 -0.7438 -0.0, 0.0292 -0.7487 -0.0, 0.0292 -0.7703 -0.0, 0.0292 -0.8786 -0.0, 0.0292 -0.8984 -0.0, 0.0265 -0.8997 -0.0, 0.0093 -0.9054 -0.0, -0.001 -0.9064 -0.0, 0.0112 -0.7632 -0.0, -0.0086 -0.7608 -0.0, 0.0274 -0.7694 -0.0, -0.0164 -0.7612 -0.0, -0.0301 -0.7642 -0.0, -0.0425 -0.7704 -0.0, -0.0664 -0.8047 -0.0, -0.069 -0.8267 -0.0, -0.0122 -0.8893 -0.0, -0.0522 -0.7786 -0.0, -0.0533 -0.7798 -0.0, 0.0134 -0.8857 -0.0, -0.0047 -0.889 -0.0, -0.061 -0.7909 -0.0, -0.0687 -0.8343 -0.0, -0.0659 -0.8499 -0.0, -0.0605 -0.8626 -0.0, -0.0533 -0.8724 -0.0, -0.0486 -0.8769 -0.0, -0.0259 -0.8879 -0.0, -0.0378 -0.8839 -0.0, -0.0088 -0.7422 -0.0, -0.0835 0.0 -0.0, 0.052 0.0 -0.0, -0.0792 -0.7809 -0.0, -0.0676 -0.7658 -0.0, -0.0636 -0.762 -0.0, -0.0486 -0.7515 -0.0, -0.0931 -0.7435 -0.0, -0.0868 -0.7987 -0.0, -0.0835 -0.7911 -0.0, -0.0835 -0.8643 -0.0, -0.0876 -0.854 -0.0, -0.0931 -0.9064 -0.0, -0.0907 -0.828 -0.0, -0.0904 -0.8196 -0.0, -0.0422 -0.9037 -0.0, -0.0573 -0.8966 -0.0, -0.0835 -0.9064 -0.0, -0.0702 -0.8859 -0.0, -0.0715 -0.8844 -0.0, -0.081 -0.8708 -0.0, -0.0292 -0.9064 -0.0, -0.0248 -0.9073 -0.0, -0.0151 -0.9077 0.0, -0.161 -1.0205 -0.0, -0.161 -1.0686 -0.0, -0.0931 -1.0205 -0.0, -0.1038 -1.0686 -0.0, -0.161 -1.0869 -0.0, -0.161 -1.1408 -0.0, -0.1038 -1.0869 -0.0, -0.0956 -1.1408 -0.0, -0.0931 -1.1604 -0.0, -0.0956 -1.1591 0.0, -0.1817 -1.1591 -0.0, 0.0737 -1.1618 -0.0, 0.052 -1.2238 -0.0, -0.0835 -1.2238 -0.0, -0.0517 -1.1604 -0.0, -0.0401 -1.1618 -0.0, 0.2194 -1.0447 -0.0, 0.2402 -1.0447 0.0, 0.251 -1.1604 -0.0, 0.1827 -1.1307 -0.0, 0.1852 -1.1401 -0.0, 0.1857 -1.1401 -0.0, 0.1625 -1.0205 -0.0, 0.1625 -1.0725 -0.0, 0.1881 -1.1308 -0.0, 0.1866 -1.1361 -0.0, 0.1625 -1.1604 -0.0, 0.1625 -1.1264 -0.0, 0.1304 -1.0447 -0.0, 0.1528 -1.0447 -0.0, 0.1752 -1.1588 -0.0, 0.1746 -1.1604 -0.0, 0.1664 -1.1796 -0.0, 0.1252 -1.2238 -0.0, 0.1345 -1.2113 -0.0, 0.1345 -1.1934 -0.0, 0.1587 -1.1911 -0.0, 0.1624 -1.1869 -0.0, 0.1625 -1.1868 -0.0, 0.1386 -1.1948 -0.0, 0.1459 -1.1957 -0.0, 0.1625 -1.2094 -0.0, 0.1556 -1.212 -0.0, 0.1625 -1.2238 -0.0, 0.1475 -1.2129 -0.0, 0.143 -1.2128 -0.0, 0.151 -1.1951 -0.0, 0.1554 -1.1934 -0.0, 0.1883 -1.1763 -0.0, 0.1792 -1.194 -0.0, 0.251 -1.2238 -0.0, 0.1945 -1.1604 -0.0, 0.1718 -1.2028 -0.0, 0.1705 -1.2041 -0.0, 0.1635 -1.209 -0.0, -2.3425 -1.8575 0.0, -2.3425 -1.2238 0.0, -2.3425 -1.1604 0.0, -2.3425 -1.0205 0.0, -2.3425 -0.9064 0.0, -2.3425 -0.7435 0.0, -2.3425 0.0 0.0, -0.1817 -0.905 -0.0, -0.1817 -0.7449 -0.0, -0.0973 -0.905 0.0, -0.161 -1.0173 -0.0, -0.0992 -1.0173 -0.0, -0.0992 -0.9989 -0.0, -0.1817 -0.9989 -0.0, -0.1817 -1.0205 -0.0, -0.0931 0.0 -0.0, 0.3443 -1.0173 -0.0, 0.3443 -0.9989 -0.0, 0.3124 -0.9989 -0.0, 0.3124 -1.8575 -0.0, 0.251 -1.8575 -0.0, 0.1625 -1.8575 -0.0, 0.1252 -1.8575 -0.0, 0.052 -1.8575 -0.0, -0.0835 -1.8575 -0.0, -0.0931 -1.8575 -0.0, 0.363 -2.4802 -0.0, 0.3124 -2.4802 -0.0, 0.251 -2.4802 -0.0, 0.1625 -2.4802 -0.0, 0.1252 -2.4802 -0.0, 0.052 -2.4802 -0.0, -0.0835 -2.4802 -0.0, -0.0931 -2.4802 -0.0, 0.363 -1.2238 -0.0, 0.4665 -5.1575 -0.0, 0.363 -5.1575 -0.0, 0.3124 -5.1575 -0.0, 0.251 -5.1575 -0.0, 0.1625 -5.1575 -0.0, 0.1252 -5.1575 -0.0, 0.052 -5.1575 -0.0, -0.0835 -5.1575 -0.0, -0.0931 -5.1575 -0.0, 0.1252 0.0 -0.0, 0.1625 0.0 -0.0, 0.251 0.0 -0.0, 0.3124 0.0 -0.0, 0.363 -0.0 -0.0, 0.4665 -0.0 -0.0, 0.4665 -1.2238 -0.0, 0.4665 -1.8575 -0.0, 2.3425 -0.7435 0.0, 2.3425 -0.0 0.0, 2.3425 -1.2238 0.0, 2.3425 -1.8575 0.0, 2.3425 -2.4802 0.0, 0.6214 -2.4835 -0.0, 1.6637 -2.5596 -0.0, 1.6714 -2.5443 -0.0, 1.7307 -2.4897 -0.0, 1.7417 -2.485 -0.0, 0.5182 -2.5056 -0.0, 0.5212 -2.5028 -0.0, 0.4665 -2.4802 -0.0, 1.829 -2.4952 -0.0, 1.8455 -2.5072 -0.0, 1.8526 -2.5123 -0.0, 1.8659 -2.5284 -0.0, 0.7079 -2.5695 -0.0, 0.7112 -2.5825 -0.0, 1.8897 -2.6025 -0.0, 2.3425 -5.0394 0.0, 1.8154 -4.7313 -0.0, 1.8106 -4.7633 -0.0, 0.544 -2.4901 -0.0, 0.5459 -2.4891 -0.0, 0.573 -2.4819 -0.0, 1.8712 -2.5348 -0.0, 1.8807 -2.5539 -0.0, 1.8821 -2.5565 -0.0, 0.6361 -2.4891 -0.0, 0.6499 -2.4944 -0.0, 0.6608 -2.502 -0.0, 1.7572 -2.4825 -0.0, 1.7696 -2.4805 -0.0, 1.7735 -2.4804 -0.0, 0.4822 -2.5531 -0.0, 0.4846 -2.5463 -0.0, 1.8884 -2.5824 -0.0, 1.8889 -2.5843 -0.0, 0.6733 -2.5108 -0.0, 0.6818 -2.5205 -0.0, 0.6919 -2.532 -0.0, 0.698 -2.5433 -0.0, 0.7043 -2.5552 -0.0, 1.6774 -2.5324 -0.0, 1.6866 -2.5216 -0.0, 1.6948 -2.512 -0.0, 1.7069 -2.5032 -0.0, 1.7175 -2.4953 -0.0, 1.7706 -4.8479 -0.0, 1.7635 -4.8578 -0.0, 2.3425 -5.1575 0.0, 1.7367 -4.8808 -0.0, 1.7289 -4.8875 -0.0, 0.7114 -4.9176 -0.0, 0.6985 -4.9161 -0.0, 0.6662 -4.9042 -0.0, 0.6545 -4.9 -0.0, 0.6255 -4.8806 -0.0, 0.6153 -4.8738 -0.0, 0.5914 -4.8479 -0.0, 0.4971 -2.527 -0.0, 0.4996 -2.5231 -0.0, 1.7924 -2.483 -0.0, 1.8025 -2.4844 -0.0, 1.8205 -2.4917 -0.0, 0.8166 -3.7864 -0.0, 1.5528 -3.7864 -0.0, 0.7118 -2.5882 -0.0, 1.6576 -2.5882 -0.0, 1.6615 -2.5699 -0.0, 1.8086 -4.7762 -0.0, 1.7957 -4.808 -0.0, 1.791 -4.8195 -0.0, 0.5845 -4.8403 -0.0, 0.5661 -4.8081 -0.0, 0.5626 -4.8018 -0.0, 0.5748 -2.4814 -0.0, 0.5924 -2.4804 -0.0, 0.609 -2.4822 -0.0, 0.3124 -1.2238 -0.0, 0.363 -1.8575 -0.0, 1.696 -4.9047 -0.0, 1.6897 -4.908 -0.0, 1.6508 -4.9184 -0.0, 0.5508 -4.7634 -0.0, 0.5503 -4.7617 -0.0, 0.5469 -4.7313 -0.0, 0.4725 -2.6025 -0.0, 0.4743 -2.582 -0.0, 0.4751 -2.5733 -0.0, 1.6491 -4.9189 -0.0, 1.6186 -4.9213 -0.0, 0.7436 -4.9213 -0.0, -0.2473 -5.3937 -0.0, -0.0931 -5.3937 -0.0, -0.0835 -5.3937 -0.0, 0.052 -5.3937 -0.0, 0.1252 -5.3937 -0.0, 0.1625 -5.3937 -0.0, 0.251 -5.3937 -0.0, 0.3124 -5.3937 -0.0, 0.363 -5.3937 -0.0, 0.4665 -5.3937 -0.0, 2.3425 -5.3937 0.0, 0.2756 -2.7559 -2.2441, 0.2756 -2.5591 -2.2441, 0.4725 -2.6025 -2.2441, 0.0023 -2.5591 -2.2441, 0.002 -2.5527 -2.2441, 0.2756 -2.9921 -2.2441, 0.1988 -2.9921 -2.2441, 0.1988 -2.7559 -2.2441, 1.7451 -2.4835 -2.2441, 1.7331 -2.4855 -2.2441, 2.3425 -1.9291 -2.2441, 0.5517 -4.7633 -2.2441, 0.5536 -4.7759 -2.2441, 0.2756 -4.7638 -2.2441, 0.5665 -4.808 -2.2441, 0.5711 -4.8195 -2.2441, 0.6055 -2.4828 -2.2441, 0.5888 -2.4804 -2.2441, 0.1969 -1.9291 -2.2441, 0.5705 -2.483 -2.2441, 0.5917 -4.8479 -2.2441, 0.599 -4.858 -2.2441, 0.6255 -4.8808 -2.2441, 0.6333 -4.8875 -2.2441, 0.6662 -4.9047 -2.2441, 0.6725 -4.908 -2.2441, 0.1988 -4.5669 -2.2441, 0.1988 -4.3307 -2.2441, 0.2756 -4.5669 -2.2441, 0.2756 -4.3307 -2.2441, 0.5469 -4.7313 -2.2441, 0.2756 -4.1339 -2.2441, 0.6983 -2.5585 -2.2441, 0.6911 -2.5444 -2.2441, 0.6851 -2.5324 -2.2441, 0.5585 -2.4848 -2.2441, 0.5422 -2.4914 -2.2441, 0.5339 -2.4948 -2.2441, 0.517 -2.5069 -2.2441, 0.5105 -2.5116 -2.2441, 0.4965 -2.5282 -2.2441, 0.4916 -2.5339 -2.2441, 0.0394 -1.7717 -2.2441, 0.002 -1.7717 -2.2441, 0.4732 -2.5846 -2.2441, 0.2756 -3.189 -2.2441, -0.1949 -3.189 -2.2441, -0.1949 -4.1339 -2.2441, 1.6507 -4.9175 -2.2441, 1.6635 -4.9161 -2.2441, 2.3425 -5.3937 -2.2441, 1.888 -2.5831 -2.2441, 1.887 -2.572 -2.2441, 1.8812 -2.5555 -2.2441, 1.7198 -2.4915 -2.2441, 1.7066 -2.4976 -2.2441, 1.6972 -2.5052 -2.2441, 1.6825 -2.5171 -2.2441, 1.6777 -2.5233 -2.2441, 1.6659 -2.5388 -2.2441, 0.6758 -2.5218 -2.2441, 0.6668 -2.5115 -2.2441, 0.6557 -2.5034 -2.2441, 0.6449 -2.4956 -2.2441, 0.6318 -2.4901 -2.2441, 0.6189 -2.4848 -2.2441, 0.4816 -2.5537 -2.2441, 0.4799 -2.5571 -2.2441, 0.4738 -2.5823 -2.2441, 1.696 -4.9043 -2.2441, 1.7076 -4.9001 -2.2441, 1.7367 -4.8805 -2.2441, 1.8784 -2.5473 -2.2441, 1.8675 -2.5305 -2.2441, 1.8631 -2.5236 -2.2441, 1.8483 -2.5096 -2.2441, 1.8415 -2.5032 -2.2441, 1.8247 -2.4938 -2.2441, 1.8157 -2.4888 -2.2441, 1.798 -2.484 -2.2441, 1.7888 -2.4816 -2.2441, 1.7789 -2.4805 -2.2441, 1.763 -2.4805 -2.2441, 1.663 -2.5454 -2.2441, 1.6547 -2.5649 -2.2441, 0.7007 -2.5699 -2.2441, 0.7046 -2.5882 -2.2441, 1.7471 -4.8736 -2.2441, 1.7708 -4.8479 -2.2441, 1.7778 -4.8404 -2.2441, 1.5456 -3.7864 -2.2441, 0.8095 -3.7864 -2.2441, 1.6504 -2.5882 -2.2441, 1.6537 -2.5703 -2.2441, 0.002 -5.3937 -2.2441, 0.7114 -4.9185 -2.2441, 0.002 -4.7702 -2.2441, 0.0023 -4.7638 -2.2441, 0.713 -4.9189 -2.2441, 0.7436 -4.9213 -2.2441, 1.6186 -4.9213 -2.2441, 1.7961 -4.8081 -2.2441, 1.7996 -4.8018 -2.2441, 1.8115 -4.7634 -2.2441, 1.812 -4.7617 -2.2441, 1.8154 -4.7313 -2.2441, 1.8897 -2.6025 -2.2441, -0.2756 -2.7559 -2.2441, 0.1949 -2.7559 -2.2441, 0.1949 -2.9921 -2.2441, -0.1988 -3.189 -2.2441, -0.1988 -4.1339 -2.2441, -0.2756 -3.189 -2.2441, -0.2756 -4.1339 -2.2441, -0.2756 -2.5591 -2.2441, -2.3425 -1.9291 -2.2441, -0.1969 -1.9291 -2.2441, 0.1949 -4.3307 -2.2441, 0.1949 -4.5669 -2.2441, -0.2756 -4.3307 -2.2441, -0.2756 -4.5669 -2.2441, -0.5844 -4.8404 -2.2441, -0.0016 -2.5591 -2.2441, -0.002 -2.5527 -2.2441, -0.002 -1.7717 -2.2441, -0.0394 -1.7717 -2.2441, -0.5661 -4.8081 -2.2441, -0.5626 -4.8018 -2.2441, -0.4725 -2.6025 -2.2441, -0.2756 -2.9921 -2.2441, -0.5469 -4.7313 -2.2441, -0.5502 -4.7617 -2.2441, -0.5507 -4.7634 -2.2441, -0.6546 -4.9001 -2.2441, -0.6255 -4.8805 -2.2441, -0.2756 -4.7638 -2.2441, -0.6151 -4.8736 -2.2441, -0.5914 -4.8479 -2.2441, -0.6424 -2.4915 -2.2441, -0.6556 -2.4976 -2.2441, -1.6576 -2.5882 -2.2441, -1.7567 -2.4828 -2.2441, -1.7734 -2.4804 -2.2441, -1.7917 -2.483 -2.2441, -1.7957 -4.808 -2.2441, -1.7911 -4.8195 -2.2441, -2.3425 -5.3937 -2.2441, -1.7705 -4.8479 -2.2441, -0.7115 -4.9175 -2.2441, -0.6987 -4.9161 -2.2441, -0.002 -5.3937 -2.2441, -1.8037 -2.4848 -2.2441, -1.82 -2.4914 -2.2441, -1.8284 -2.4948 -2.2441, -1.8452 -2.5069 -2.2441, -1.8517 -2.5116 -2.2441, -1.8657 -2.5282 -2.2441, -1.8706 -2.5339 -2.2441, -1.8806 -2.5537 -2.2441, -1.8823 -2.5571 -2.2441, -1.8897 -2.6025 -2.2441, -1.8154 -4.7313 -2.2441, -1.8105 -4.7633 -2.2441, -1.8086 -4.7759 -2.2441, -1.6639 -2.5585 -2.2441, -0.5992 -2.4805 -2.2441, -1.6615 -2.5699 -2.2441, -0.6171 -2.4835 -2.2441, -0.6291 -2.4855 -2.2441, -0.4743 -2.5818 -2.2441, -0.4751 -2.5737 -2.2441, -1.8884 -2.5823 -2.2441, -1.889 -2.5846 -2.2441, -1.7632 -4.858 -2.2441, -1.7367 -4.8808 -2.2441, -1.7289 -4.8875 -2.2441, -0.665 -2.5052 -2.2441, -0.6797 -2.5171 -2.2441, -0.6845 -2.5233 -2.2441, -0.6963 -2.5388 -2.2441, -0.6992 -2.5454 -2.2441, -0.7075 -2.5649 -2.2441, -0.4824 -2.5526 -2.2441, -0.4847 -2.546 -2.2441, -0.4974 -2.5261 -2.2441, -0.4981 -2.5249 -2.2441, -0.5189 -2.5045 -2.2441, -0.5191 -2.5043 -2.2441, -0.8166 -3.7864 -2.2441, -1.5527 -3.7864 -2.2441, -0.7118 -2.5882 -2.2441, -0.7085 -2.5703 -2.2441, -1.696 -4.9047 -2.2441, -1.6897 -4.908 -2.2441, -1.6508 -4.9185 -2.2441, -0.6662 -4.9043 -2.2441, -0.002 -4.7702 -2.2441, -0.0016 -4.7638 -2.2441, -1.6711 -2.5444 -2.2441, -1.6772 -2.5324 -2.2441, -1.6864 -2.5218 -2.2441, -0.595 -2.4804 -2.2441, -0.5977 -2.4805 -2.2441, -0.5748 -2.4815 -2.2441, -0.5906 -2.4803 -2.2441, -1.7433 -2.4848 -2.2441, -1.6492 -4.9189 -2.2441, -1.6186 -4.9213 -2.2441, -0.7436 -4.9213 -2.2441, -1.6954 -2.5115 -2.2441, -1.7066 -2.5034 -2.2441, -1.7173 -2.4956 -2.2441, -1.7304 -2.4901 -2.2441, -0.5444 -2.4897 -2.2441, -0.5454 -2.4894 -2.2441, -0.5716 -2.4818 -2.2441, 0.0489 -4.7117 -2.126, 0.0571 -4.7112 -2.126, 0.1201 -4.1733 -2.126, 0.1676 -4.7085 -2.126, 0.5747 -4.823 -2.126, 0.1817 -4.6947 -2.126, 0.1919 -4.6779 -2.126, 0.0394 -1.7717 -2.126, 0.002 -1.7717 -2.126, 0.1969 -1.9291 -2.126, 0.002 -2.5527 -2.126, 0.1977 -3.0843 -2.126, 0.1919 -3.1031 -2.126, 0.1988 -4.252 -2.126, 0.1492 -2.6057 -2.126, 0.1311 -2.5999 -2.126, 0.0591 -2.6117 -2.126, 0.1201 -2.5985 -2.126, 0.0494 -2.6106 -2.126, 0.0359 -2.6061 -2.126, 0.5469 -4.7313 -2.126, 0.1977 -4.6591 -2.126, 0.5506 -4.7634 -2.126, 0.5655 -4.8084 -2.126, 0.1505 -4.7183 -2.126, 0.1315 -4.7236 -2.126, 0.002 -4.823 -2.126, 0.1181 -4.7244 -2.126, 0.002 -4.7702 -2.126, 0.0494 -4.7123 -2.126, 0.0139 -4.7345 -2.126, 0.0238 -4.7243 -2.126, 0.0359 -4.7167 -2.126, 0.0068 -4.7468 -2.126, 0.0028 -4.7605 -2.126, 0.1181 -3.1496 -2.126, 0.0001 -4.7561 -2.126, 0.0033 -4.7459 -2.126, 0.011 -4.7332 -2.126, 0.0217 -4.7229 -2.126, 0.0346 -4.7156 -2.126, 0.1676 -4.1892 -2.126, 0.1817 -4.2029 -2.126, 0.1676 -3.1337 -2.126, 0.1919 -4.2197 -2.126, 0.1505 -2.6045 -2.126, 0.1676 -2.6144 -2.126, 0.4813 -2.5536 -2.126, 0.4725 -2.6025 -2.126, 0.1988 -2.6772 -2.126, 0.1988 -3.0709 -2.126, 0.1988 -4.6457 -2.126, 0.1817 -3.1199 -2.126, 0.1977 -4.2386 -2.126, 0.0489 -2.6112 -2.126, 0.0346 -2.6073 -2.126, 0.0217 -2.5999 -2.126, 0.011 -2.5896 -2.126, 0.4959 -2.5277 -2.126, 0.5166 -2.5063 -2.126, 0.1311 -4.723 -2.126, 0.1492 -4.7171 -2.126, 0.1938 -4.6587 -2.126, 0.1654 -4.7071 -2.126, 0.1884 -4.6769 -2.126, 0.1788 -4.6934 -2.126, 0.1817 -2.6281 -2.126, 0.1919 -2.6449 -2.126, 0.4735 -2.5823 -2.126, 0.1788 -4.2042 -2.126, 0.1654 -4.1906 -2.126, 0.1884 -4.2207 -2.126, 0.1938 -4.239 -2.126, 0.1492 -4.1805 -2.126, 0.1311 -4.1747 -2.126, 0.1949 -4.252 -2.126, 0.1949 -4.6457 -2.126, 0.1505 -4.1793 -2.126, 0.1505 -3.1435 -2.126, 0.1315 -3.1488 -2.126, 0.1938 -3.0838 -2.126, 0.1949 -3.0709 -2.126, 0.1311 -3.1482 -2.126, 0.0068 -2.576 -2.126, 0.0139 -2.5883 -2.126, 0.0238 -2.5985 -2.126, 0.6561 -2.5028 -2.126, 0.6764 -2.5213 -2.126, 2.3425 -1.9291 -2.126, 0.6918 -2.5441 -2.126, 1.8251 -2.4931 -2.126, 1.8488 -2.509 -2.126, 1.8681 -2.5302 -2.126, 1.8816 -2.5553 -2.126, 0.1977 -2.6638 -2.126, 0.1315 -4.1741 -2.126, 0.1315 -2.5993 -2.126, 0.0028 -2.5624 -2.126, 0.5419 -2.4908 -2.126, 0.5703 -2.4821 -2.126, 0.587 -2.4804 -2.126, 1.6966 -2.5045 -2.126, 1.7195 -2.4909 -2.126, 0.1949 -2.6772 -2.126, 0.1938 -2.6642 -2.126, 0.1884 -2.6459 -2.126, 0.5905 -2.4804 -2.126, 0.6057 -2.4819 -2.126, 0.6321 -2.4894 -2.126, 0.1492 -3.1423 -2.126, 0.1654 -3.1323 -2.126, 0.1884 -3.1021 -2.126, 0.1788 -3.1186 -2.126, 0.1788 -2.6294 -2.126, 0.1654 -2.6158 -2.126, 1.763 -2.4805 -2.126, 1.7789 -2.4805 -2.126, 1.7982 -2.4833 -2.126, 1.8888 -2.583 -2.126, 1.8897 -2.6025 -2.126, 2.3425 -4.823 -2.126, 1.8154 -4.7313 -2.126, 1.8116 -4.7634 -2.126, 0.7046 -2.5882 -2.126, 0.8095 -3.7864 -2.126, 1.5456 -3.7864 -2.126, 1.7449 -2.4827 -2.126, 1.6504 -2.5882 -2.126, 1.6534 -2.5703 -2.126, 0.7015 -2.5697 -2.126, 1.6627 -2.5453 -2.126, 1.6773 -2.523 -2.126, -0.002 -1.7717 -2.126, -0.0394 -1.7717 -2.126, -0.002 -2.5527 -2.126, -0.1969 -1.9291 -2.126, -0.1938 -3.1033 -2.126, -0.1949 -3.1163 -2.126, -0.1311 -3.039 -2.126, -0.1201 -3.0376 -2.126, -1.8887 -2.5823 -2.126, -1.8809 -2.5536 -2.126, -2.3425 -1.9291 -2.126, -1.8663 -2.5277 -2.126, -1.8456 -2.5063 -2.126, -0.1817 -4.2556 -2.126, -0.1919 -4.2387 -2.126, -0.5469 -4.7313 -2.126, -0.1949 -4.2065 -2.126, -0.1181 -4.2852 -2.126, -0.1938 -4.2195 -2.126, -0.5453 -2.4893 -2.126, -0.5189 -2.5045 -2.126, -0.4972 -2.526 -2.126, -0.4818 -2.5523 -2.126, -0.0011 -2.5628 -2.126, -0.1676 -4.2693 -2.126, -0.1492 -3.0449 -2.126, -0.1654 -3.0549 -2.126, 0.0033 -2.577 -2.126, 0.0001 -2.5667 -2.126, -0.0011 -4.7601 -2.126, -0.1315 -4.2844 -2.126, -0.5747 -4.823 -2.126, -0.1505 -4.2791 -2.126, -0.5655 -4.8084 -2.126, -0.5506 -4.7634 -2.126, -0.1977 -3.1029 -2.126, -0.1919 -3.0841 -2.126, -0.4725 -2.6025 -2.126, -0.1788 -3.0686 -2.126, -0.1884 -3.085 -2.126, -0.1654 -4.2679 -2.126, -0.1788 -4.2543 -2.126, -0.1884 -4.2378 -2.126, -0.1492 -4.278 -2.126, -0.1311 -4.2838 -2.126, -1.7967 -4.8084 -2.126, -1.8116 -4.7634 -2.126, -2.3425 -4.823 -2.126, -1.8154 -4.7313 -2.126, -1.8897 -2.6025 -2.126, -0.1817 -3.0673 -2.126, -0.1676 -3.0535 -2.126, -0.4736 -2.5817 -2.126, -0.1505 -3.0437 -2.126, -0.1315 -3.0384 -2.126, -1.8203 -2.4908 -2.126, -1.7919 -2.4821 -2.126, -1.7752 -2.4804 -2.126, -1.7061 -2.5028 -2.126, -1.6858 -2.5213 -2.126, -1.6704 -2.5441 -2.126, -0.6656 -2.5045 -2.126, -1.7717 -2.4804 -2.126, -1.7565 -2.4819 -2.126, -1.7301 -2.4894 -2.126, -0.6427 -2.4909 -2.126, -0.6173 -2.4827 -2.126, -0.5992 -2.4805 -2.126, -0.1977 -4.2199 -2.126, -0.1988 -4.2065 -2.126, -0.1988 -3.1163 -2.126, -1.6576 -2.5882 -2.126, -1.5527 -3.7864 -2.126, -0.8166 -3.7864 -2.126, -0.5949 -2.4804 -2.126, -0.5906 -2.4803 -2.126, -0.5748 -2.4814 -2.126, -0.7118 -2.5882 -2.126, -0.7088 -2.5703 -2.126, -1.6607 -2.5697 -2.126, -0.6995 -2.5453 -2.126, -0.6849 -2.523 -2.126, -0.5959 -2.4804 -2.126, -0.5977 -2.4805 -2.126, -0.002 -5.3937 -2.126, -0.002 -4.823 -2.126, -0.002 -4.7702 -2.126, -0.5908 -4.8485 -2.126, -0.6249 -4.8814 -2.126, -0.6659 -4.9053 -2.126, -1.6509 -4.9186 -2.126, -1.6964 -4.9053 -2.126, -2.3425 -5.3937 -2.126, -1.7373 -4.8814 -2.126, -1.7714 -4.8485 -2.126, -1.7875 -4.823 -2.126, -0.7113 -4.9186 -2.126, -0.7436 -4.9213 -2.126, -1.6186 -4.9213 -2.126, 2.3425 -5.3937 -2.126, 1.7373 -4.8814 -2.126, 1.6964 -4.9053 -2.126, 1.7967 -4.8084 -2.126, 1.7875 -4.823 -2.126, 1.7714 -4.8485 -2.126, 0.7113 -4.9186 -2.126, 0.6659 -4.9053 -2.126, 0.002 -5.3937 -2.126, 0.5908 -4.8485 -2.126, 0.6249 -4.8814 -2.126, 1.6509 -4.9186 -2.126, 1.6186 -4.9213 -2.126, 0.7436 -4.9213 -2.126, -2.3823 -5.3937 -2.2407, -2.3623 -5.3937 -2.1243, -2.4383 -5.3937 -2.2238, -2.3902 -5.3937 -2.116, -2.4885 -5.3937 -2.1936, -2.4151 -5.3937 -2.101, -2.5296 -5.3937 -2.1521, -2.4357 -5.3937 -2.0805, -2.5593 -5.3937 -2.1016, -2.4506 -5.3937 -2.0555, -2.5757 -5.3937 -2.0455, -2.459 -5.3937 -2.0277, -2.5787 -5.3937 -2.0079, -2.4606 -5.3937 -2.0079, -2.5787 -5.3937 -0.2362, -2.4606 -5.3937 -0.2362, -2.5754 -5.3937 -0.1967, -2.459 -5.3937 -0.2164, -2.5587 -5.3937 -0.1409, -2.4506 -5.3937 -0.1886, -2.5288 -5.3937 -0.091, -2.4357 -5.3937 -0.1636, -2.4877 -5.3937 -0.0499, -2.4151 -5.3937 -0.1431, -2.4378 -5.3937 -0.0201, -2.3902 -5.3937 -0.1281, -2.3821 -5.3937 -0.0033, -2.3623 -5.3937 -0.1198, -2.3425 -5.3937 -0.1181, 2.3624 -5.3937 -2.1243, 2.3823 -5.3937 -2.2407, 2.3904 -5.3937 -2.1158, 2.4383 -5.3937 -2.2238, 2.4155 -5.3937 -2.1007, 2.4885 -5.3937 -2.1936, 2.4361 -5.3937 -2.08, 2.5296 -5.3937 -2.1521, 2.4509 -5.3937 -2.0548, 2.5593 -5.3937 -2.1016, 2.4591 -5.3937 -2.0267, 2.5757 -5.3937 -2.0455, 2.4606 -5.3937 -2.0079, 2.5787 -5.3937 -2.0079, 2.4606 -5.3937 -0.2362, 2.5787 -5.3937 -0.2362, 2.459 -5.3937 -0.2164, 2.5754 -5.3937 -0.1967, 2.4506 -5.3937 -0.1886, 2.5587 -5.3937 -0.1409, 2.4357 -5.3937 -0.1636, 2.5288 -5.3937 -0.091, 2.4151 -5.3937 -0.1431, 2.4877 -5.3937 -0.0499, 2.3902 -5.3937 -0.1281, 2.4378 -5.3937 -0.0201, 2.3623 -5.3937 -0.1198, 2.3821 -5.3937 -0.0033, 2.3425 -5.3937 -0.1181, -2.5614 -2.863 -1.2137, -2.5614 -2.863 -1.0304, -2.4647 -2.7953 -1.2101, -2.4647 -2.7953 -1.034, -0.8488 -4.1545 -1.9587, -0.8499 -4.1672 -1.9628, -1.5194 -4.1672 -1.9628, -1.5199 -4.1616 -1.9604, -1.5205 -4.1546 -1.9587, -0.8483 -4.1484 -1.9567, -1.5215 -4.1432 -1.9559, -0.8472 -4.1365 -1.9559, -1.5221 -4.1366 -1.9559, -1.5231 -4.1249 -1.9559, -0.8468 -4.1309 -1.9555, -1.5237 -4.1184 -1.9575, -0.8457 -4.1184 -1.9575, -0.8451 -4.1117 -1.9586, -1.5248 -4.106 -1.9606, -0.8441 -4.101 -1.9631, -1.5252 -4.101 -1.9631, -0.8436 -4.0949 -1.9657, -1.5261 -4.0904 -1.9685, -0.8428 -4.0855 -1.9728, -1.5266 -4.0855 -1.9728, -0.8423 -4.0797 -1.9771, -1.5275 -4.0755 -1.9815, -0.8419 -4.0755 -1.9815, 2.5614 -2.863 -1.0304, 2.5614 -2.863 -1.2137, 2.4647 -2.7953 -1.034, 2.4647 -2.7953 -1.2101, 1.5134 -4.1545 -1.9587, 1.5123 -4.1672 -1.9628, 0.8428 -4.1672 -1.9628, 0.8423 -4.1616 -1.9604, 0.8417 -4.1546 -1.9587, 1.5139 -4.1484 -1.9567, 0.8407 -4.1432 -1.9559, 1.515 -4.1365 -1.9559, 0.8401 -4.1366 -1.9559, 0.8391 -4.1249 -1.9559, 1.5155 -4.1309 -1.9555, 0.8385 -4.1184 -1.9575, 1.5166 -4.1184 -1.9575, 1.5171 -4.1117 -1.9586, 0.8374 -4.106 -1.9606, 1.5181 -4.101 -1.9631, 0.837 -4.101 -1.9631, 1.5186 -4.0949 -1.9657, 0.8361 -4.0904 -1.9685, 1.5194 -4.0855 -1.9728, 0.8356 -4.0855 -1.9728, 1.5199 -4.0797 -1.9771, 0.8348 -4.0755 -1.9815, 1.5203 -4.0755 -1.9815, 1.4831 -4.4746 -2.1062, 1.4868 -4.4579 -2.0984, 1.4807 -4.4849 -2.111, 1.4738 -4.498 -2.1171, 1.4693 -4.5064 -2.121, 1.4582 -4.5186 -2.1267, 1.4513 -4.5263 -2.1303, 1.4382 -4.5356 -2.1346, 1.4313 -4.5404 -2.1369, 1.4141 -4.5476 -2.1402, 1.4051 -4.5514 -2.142, 0.9558 -4.5531 -2.1428, 0.9408 -4.5479 -2.1403, 0.9313 -4.5445 -2.1387, 0.917 -4.5355 -2.1345, 0.9078 -4.5297 -2.1319, 0.8967 -4.5187 -2.1267, 0.8908 -4.5129 -2.124, 1.3877 -4.5545 -2.1434, 1.3777 -4.5562 -2.1442, 1.369 -4.5565 -2.1443, 0.986 -4.5565 -2.1443, 0.9673 -4.5544 -2.1434, 0.8815 -4.4979 -2.117, 0.8767 -4.4901 -2.1134, 0.8719 -4.4746 -2.1062, 0.8682 -4.4579 -2.0984, 0.8692 -4.4657 -2.102, -0.9241 -4.5356 -2.1346, -0.9309 -4.5404 -2.1369, -0.9481 -4.5476 -2.1402, -1.4544 -4.5297 -2.1319, -1.4655 -4.5187 -2.1267, -1.4714 -4.5129 -2.124, -1.4807 -4.4979 -2.117, -1.4855 -4.4901 -2.1134, -1.4903 -4.4746 -2.1062, -0.8754 -4.4579 -2.0984, -0.8791 -4.4746 -2.1062, -0.8815 -4.4849 -2.111, -0.8884 -4.498 -2.1171, -0.9571 -4.5514 -2.142, -0.9745 -4.5545 -2.1434, -1.493 -4.4657 -2.102, -1.494 -4.4579 -2.0984, -0.8929 -4.5064 -2.121, -0.904 -4.5186 -2.1267, -0.9109 -4.5263 -2.1303, -0.9845 -4.5562 -2.1442, -0.9932 -4.5565 -2.1443, -1.3762 -4.5565 -2.1443, -1.3949 -4.5544 -2.1434, -1.4065 -4.5531 -2.1428, -1.4214 -4.5479 -2.1403, -1.4309 -4.5445 -2.1387, -1.4452 -4.5355 -2.1345, -2.3998 -2.8879 -1.3282, -2.4966 -2.9556 -1.3317, -2.5023 -2.9475 -1.3309, -2.4107 -2.8723 -1.325, -2.5075 -2.9401 -1.3286, -2.4171 -2.8632 -1.3231, -2.5178 -2.9254 -1.3241, -2.4261 -2.8504 -1.3163, -2.5227 -2.9183 -1.3195, -2.4309 -2.8435 -1.3126, -2.5325 -2.9043 -1.3105, -2.4396 -2.831 -1.3009, -2.5364 -2.8988 -1.3045, -2.4438 -2.8251 -1.2954, -2.5445 -2.8871 -1.2917, -2.4508 -2.8151 -1.2806, -2.5475 -2.8829 -1.2842, -2.454 -2.8105 -1.2737, -2.5538 -2.8739 -1.2684, -2.4588 -2.8036 -1.2562, -2.5557 -2.8711 -1.2599, -2.4612 -2.8002 -1.2473, -2.5593 -2.8661 -1.2441, -2.4634 -2.7971 -1.2292, -2.5601 -2.865 -1.2328, -2.4644 -2.7956 -1.2201, -2.3054 -3.0227 -0.9089, -2.4605 -2.8011 -0.9935, -2.4589 -2.8034 -0.9878, -2.4539 -2.8105 -0.9703, -2.426 -2.8504 -0.928, -2.4167 -2.8638 -0.921, -2.4107 -2.8723 -0.9192, -2.4507 -2.8151 -0.9636, -2.4431 -2.826 -0.9476, -2.4396 -2.8309 -0.9431, -2.4303 -2.8442 -0.9313, -2.3998 -2.8879 -0.9159, -2.3054 -3.0227 -1.3352, -2.4642 -2.796 -1.0198, -2.4635 -2.7969 -1.0148, -2.5612 -2.8634 -1.0205, -2.5601 -2.8649 -1.0113, -2.558 -2.8679 -0.9932, -2.5556 -2.8714 -0.9843, -2.5508 -2.8782 -0.9669, -2.5475 -2.8828 -0.96, -2.5405 -2.8928 -0.9451, -2.5364 -2.8988 -0.9396, -2.5276 -2.9113 -0.9279, -2.5228 -2.9181 -0.9243, -2.5139 -2.9309 -0.9174, -2.5075 -2.94 -0.9156, -2.4966 -2.9556 -0.9124, -2.4606 -4.5669 -1.4162, -2.2402 -3.3169 -1.3506, -2.4606 -4.5669 -0.8279, -2.2402 -3.3169 -0.8935, -2.2716 -3.0833 -0.9057, -2.2711 -3.083 -1.3384, -2.273 -3.078 -1.3381, -2.2783 -3.0674 -0.9065, -2.2501 -3.1378 -1.3413, -2.2536 -3.1263 -0.9034, -2.2448 -3.1636 -1.3426, -2.2448 -3.1636 -0.9015, -2.237 -3.201 -1.3446, -2.2388 -3.1891 -0.9001, -2.2346 -3.2477 -0.8971, -2.2352 -3.2477 -1.347, -2.2342 -3.253 -0.8968, -2.2345 -3.2648 -1.3479, -2.4022 -3.0904 -1.3388, -2.4022 -3.0904 -0.9053, -0.8243 -3.8742 -2.205, -1.5451 -3.8742 -2.205, 2.5075 -2.94 -1.3285, 2.4966 -2.9556 -1.3317, 2.3998 -2.8879 -1.3282, 2.4055 -2.8797 -1.3273, 2.4107 -2.8723 -1.3251, 2.5139 -2.9309 -1.3267, 2.421 -2.8576 -1.3206, 2.5228 -2.9181 -1.3198, 2.426 -2.8505 -1.316, 2.5276 -2.9113 -1.3162, 2.4358 -2.8365 -1.3069, 2.5364 -2.8988 -1.3045, 2.4396 -2.8311 -1.3009, 2.5405 -2.8928 -1.299, 2.4478 -2.8194 -1.2882, 2.5475 -2.8828 -1.2841, 2.4508 -2.8151 -1.2807, 2.5508 -2.8782 -1.2772, 2.4571 -2.8061 -1.2649, 2.5556 -2.8714 -1.2597, 2.459 -2.8034 -1.2564, 2.558 -2.8679 -1.2509, 2.4625 -2.7983 -1.2405, 2.5601 -2.8649 -1.2328, 2.4633 -2.7972 -1.2293, 2.5612 -2.8634 -1.2236, 2.4022 -3.0904 -0.9053, 2.5573 -2.8689 -0.9899, 2.5557 -2.8712 -0.9842, 2.5507 -2.8782 -0.9668, 2.5474 -2.8828 -0.96, 2.5398 -2.8937 -0.9441, 2.5363 -2.8987 -0.9396, 2.4966 -2.9556 -0.9124, 2.4022 -3.0904 -1.3388, 2.5271 -2.9119 -0.9277, 2.5227 -2.9181 -0.9244, 2.5609 -2.8637 -1.0163, 2.5602 -2.8647 -1.0113, 2.5075 -2.94 -0.9156, 2.5134 -2.9315 -0.9174, 2.3998 -2.8879 -0.9159, 2.4107 -2.8723 -0.9191, 2.4171 -2.8632 -0.921, 2.4261 -2.8504 -0.9278, 2.4309 -2.8435 -0.9315, 2.4396 -2.831 -0.9432, 2.4438 -2.8251 -0.9487, 2.4508 -2.8151 -0.9635, 2.454 -2.8105 -0.9704, 2.4588 -2.8036 -0.9879, 2.4612 -2.8002 -0.9968, 2.4634 -2.7971 -1.0149, 2.4644 -2.7956 -1.024, 2.3054 -3.0227 -1.3352, 2.3054 -3.0227 -0.9089, 2.2402 -3.3169 -1.3506, 2.2402 -3.3169 -0.8935, 2.2345 -3.2648 -0.8962, 2.2342 -3.253 -1.3473, 2.2352 -3.2477 -0.8971, 2.2346 -3.2477 -1.347, 2.237 -3.201 -0.8995, 2.2388 -3.1891 -1.3439, 2.2448 -3.1636 -1.3426, 2.2448 -3.1636 -0.9015, 2.2536 -3.1263 -1.3407, 2.2501 -3.1378 -0.9028, 2.2716 -3.0833 -1.3384, 2.273 -3.078 -0.906, 2.2711 -3.083 -0.9057, 2.2783 -3.0674 -1.3376, 2.4606 -4.5669 -1.4162, 2.4606 -4.5669 -0.8279, 1.5379 -3.8742 -2.205, 0.8171 -3.8742 -2.205, 0.8764 -4.5245 -1.9991, 1.5079 -4.2172 -1.8558, 0.8726 -4.5078 -1.9913, 0.8472 -4.2172 -1.8558, 0.8787 -4.5349 -2.0039, 0.8857 -4.548 -2.01, 0.8901 -4.5563 -2.0139, 0.9543 -4.6013 -2.0349, 0.9717 -4.6044 -2.0364, 1.3962 -4.6025 -2.0355, 1.4097 -4.5975 -2.0331, 1.4234 -4.5923 -2.0306, 1.4337 -4.5854 -2.0274, 1.4456 -4.5774 -2.0237, 1.4538 -4.5685 -2.0195, 1.4825 -4.5078 -1.9913, 1.4634 -4.5583 -2.0148, 1.469 -4.5478 -2.0099, 1.3647 -4.6064 -2.0373, 1.367 -4.6064 -2.0373, 1.3833 -4.6042 -2.0363, 1.4786 -4.5245 -1.9991, 1.4764 -4.5343 -2.0036, 0.9012 -4.5685 -2.0196, 0.9082 -4.5762 -2.0232, 0.9213 -4.5855 -2.0276, 0.9281 -4.5904 -2.0298, 0.9453 -4.5976 -2.0332, 0.9817 -4.6061 -2.0372, 0.9904 -4.6064 -2.0373, -0.8797 -4.5078 -1.9913, -0.8543 -4.2172 -1.8558, -1.5151 -4.2172 -1.8558, -0.966 -4.6025 -2.0355, -0.9525 -4.5975 -2.0331, -0.9389 -4.5923 -2.0306, -0.9285 -4.5854 -2.0274, -0.9166 -4.5774 -2.0237, -1.461 -4.5685 -2.0196, -1.454 -4.5762 -2.0232, -1.4409 -4.5855 -2.0276, -0.9084 -4.5685 -2.0195, -0.8988 -4.5583 -2.0148, -0.8932 -4.5478 -2.0099, -0.8858 -4.5343 -2.0036, -0.8836 -4.5245 -1.9991, -1.4896 -4.5078 -1.9913, -1.4169 -4.5976 -2.0332, -1.4079 -4.6013 -2.0349, -1.3905 -4.6044 -2.0364, -1.4859 -4.5245 -1.9991, -1.4835 -4.5349 -2.0039, -1.4765 -4.548 -2.01, -0.9975 -4.6064 -2.0373, -0.9952 -4.6064 -2.0373, -0.9789 -4.6042 -2.0363, -1.4341 -4.5904 -2.0298, -1.4721 -4.5563 -2.0139, -1.3805 -4.6061 -2.0372, -1.3718 -4.6064 -2.0373, -2.4606 -4.5918 -1.4175, -2.5787 -4.5918 -1.4175, -2.3783 -3.1328 -1.341, -2.3752 -3.1383 -1.3413, -2.3589 -3.1889 -1.3439, -2.3587 -3.1895 -1.344, -2.3524 -3.2429 -1.3468, -2.3528 -3.2479 -1.347, -2.3565 -3.2964 -1.3496, -2.5769 -4.5464 -1.4151, -2.5787 -4.5669 -1.4162, -2.5787 -4.5918 -0.8266, -2.4606 -4.5918 -0.8266, -2.5787 -4.5669 -0.8279, -2.5769 -4.5464 -0.829, -2.3565 -3.2964 -0.8945, -2.3783 -3.1328 -0.9031, -2.3758 -3.1371 -0.9029, -2.359 -3.1882 -0.9002, -2.3589 -3.1889 -0.9002, -2.3523 -3.2415 -0.8974, -2.3528 -3.2479 -0.8971, -2.5249 -1.3386 -4.2556, -2.524 -1.3386 -4.2548, -2.5265 -1.3755 -4.2518, -2.6356 -1.5665 -4.1217, -2.6588 -1.5745 -4.0941, -2.7492 -1.5633 -4.1701, -2.7289 -1.5575 -4.1943, -2.7261 -1.5559 -4.1977, -2.6278 -1.5638 -4.1311, -2.6994 -1.5405 -4.2295, -2.6035 -1.5465 -4.16, -2.6941 -1.5352 -4.2358, -2.598 -1.5425 -4.1665, -2.6722 -1.5138 -4.2619, -2.575 -1.5158 -4.194, -2.6658 -1.504 -4.2695, -2.5739 -1.5146 -4.1952, -2.6495 -1.479 -4.289, -2.6146 -1.3386 -4.3305, -2.6171 -1.3642 -4.3275, -2.6194 -1.3877 -4.3248, -2.5274 -1.3889 -4.2508, -2.6264 -1.4162 -4.3165, -2.5355 -1.4277 -4.2411, -2.6311 -1.4357 -4.3108, -2.5368 -1.4342 -4.2395, -2.6429 -1.4636 -4.2968, -2.5519 -1.4754 -4.2216, -2.5526 -1.4775 -4.2206, -2.7492 -1.1139 -4.1701, -2.6588 -1.1027 -4.0941, -2.7261 -1.1219 -4.1976, -2.6356 -1.1106 -4.1217, -2.7183 -1.1246 -4.207, -2.6274 -1.1135 -4.1315, -2.694 -1.1419 -4.2359, -2.6034 -1.1305 -4.1601, -2.6885 -1.1459 -4.2425, -2.5997 -1.1332 -4.1646, -2.6656 -1.173 -4.2697, -2.5749 -1.1613 -4.194, -2.662 -1.1772 -4.274, -2.5265 -1.3016 -4.2518, -2.5739 -1.1625 -4.1953, -2.5526 -1.1998 -4.2207, -2.6423 -1.213 -4.2975, -2.5519 -1.2017 -4.2215, -2.6413 -1.2149 -4.2987, -2.5375 -1.2403 -4.2386, -2.626 -1.2591 -4.317, -2.5356 -1.2495 -4.2409, -2.6257 -1.2605 -4.3173, -2.5273 -1.289 -4.2508, -2.617 -1.3062 -4.3277, -2.6165 -1.3128 -4.3283, -2.9251 -1.6215 -3.7767, -2.9251 -1.0557 -3.7767, -3.0156 -1.6102 -3.8526, -3.0156 -1.0669 -3.8526, -0.8234 -3.8646 -2.2145, -1.5466 -3.8573 -2.2195, -0.8228 -3.8574 -2.2195, -1.5508 -3.8084 -2.2411, -0.8185 -3.8085 -2.2414, -0.8191 -3.8147 -2.2407, -0.8213 -3.8411 -2.2307, -1.5471 -3.8511 -2.2248, -0.8208 -3.8342 -2.2333, -1.5486 -3.8341 -2.2331, -1.5495 -3.8243 -2.2379, -1.552 -3.7952 -2.2438, -0.2756 -2.5591 -2.2047, -0.2756 -2.7559 -2.2047, -0.2756 -2.9921 -2.2047, -0.2756 -3.189 -2.2047, -0.2756 -4.1339 -2.2047, -0.2756 -4.3307 -2.2047, -0.2756 -4.5669 -2.2047, -0.2756 -4.7638 -2.2047, 2.5787 -4.5918 -1.4175, 2.4606 -4.5918 -1.4175, 2.5787 -4.5669 -1.4162, 2.5769 -4.5464 -1.4151, 2.3565 -3.2964 -1.3496, 2.3783 -3.1328 -1.341, 2.3758 -3.1371 -1.3412, 2.359 -3.1882 -1.3439, 2.3589 -3.1889 -1.3439, 2.3523 -3.2415 -1.3467, 2.3528 -3.2479 -1.347, 2.3783 -3.1328 -0.9031, 2.3752 -3.1383 -0.9028, 2.3587 -3.1895 -0.9001, 2.3589 -3.1889 -0.9002, 2.3524 -3.2429 -0.8973, 2.3528 -3.2479 -0.8971, 2.3565 -3.2964 -0.8945, 2.4606 -4.5918 -0.8266, 2.5787 -4.5918 -0.8266, 2.5769 -4.5464 -0.829, 2.5787 -4.5669 -0.8279, 1.5388 -3.8646 -2.2145, 0.8156 -3.8573 -2.2195, 1.5394 -3.8574 -2.2195, 0.8114 -3.8084 -2.2411, 1.5437 -3.8085 -2.2414, 1.5431 -3.8147 -2.2407, 1.5409 -3.8411 -2.2307, 0.8151 -3.8511 -2.2248, 1.5415 -3.8342 -2.2333, 0.8136 -3.8341 -2.2331, 0.8127 -3.8243 -2.2379, 0.8102 -3.7952 -2.2438, 0.2756 -4.7638 -2.2047, 0.2756 -4.5669 -2.2047, 0.2756 -4.3307 -2.2047, 0.2756 -4.1339 -2.2047, 0.2756 -3.189 -2.2047, 0.2756 -2.9921 -2.2047, 0.2756 -2.7559 -2.2047, 0.2756 -2.5591 -2.2047, 2.7492 -1.5633 -4.1701, 2.6588 -1.5745 -4.0941, 2.7261 -1.5553 -4.1976, 2.6356 -1.5665 -4.1217, 2.7183 -1.5525 -4.207, 2.6274 -1.5637 -4.1315, 2.694 -1.5352 -4.2359, 2.6034 -1.5467 -4.1601, 2.6885 -1.5313 -4.2425, 2.5997 -1.544 -4.1646, 2.6656 -1.5042 -4.2697, 2.5749 -1.5159 -4.194, 2.662 -1.4999 -4.274, 2.5265 -1.3755 -4.2518, 2.524 -1.3386 -4.2548, 2.5249 -1.3386 -4.2556, 2.5739 -1.5146 -4.1953, 2.5526 -1.4774 -4.2207, 2.6423 -1.4642 -4.2975, 2.5519 -1.4754 -4.2215, 2.6413 -1.4622 -4.2987, 2.5375 -1.4369 -4.2386, 2.626 -1.4181 -4.317, 2.5356 -1.4277 -4.2409, 2.6257 -1.4166 -4.3173, 2.5273 -1.3881 -4.2508, 2.617 -1.371 -4.3277, 2.6165 -1.3644 -4.3283, 2.6146 -1.3386 -4.3305, 2.5265 -1.3016 -4.2518, 2.6356 -1.1107 -4.1217, 2.6588 -1.1027 -4.0941, 2.7492 -1.1139 -4.1701, 2.7289 -1.1197 -4.1943, 2.7261 -1.1213 -4.1977, 2.6278 -1.1134 -4.1311, 2.6994 -1.1367 -4.2295, 2.6035 -1.1307 -4.16, 2.6941 -1.1419 -4.2358, 2.598 -1.1346 -4.1665, 2.6722 -1.1634 -4.2619, 2.575 -1.1613 -4.194, 2.6658 -1.1731 -4.2695, 2.5739 -1.1625 -4.1952, 2.6495 -1.1982 -4.289, 2.6171 -1.313 -4.3275, 2.6194 -1.2895 -4.3248, 2.5274 -1.2883 -4.2508, 2.6264 -1.261 -4.3165, 2.5355 -1.2494 -4.2411, 2.6311 -1.2415 -4.3108, 2.5368 -1.243 -4.2395, 2.6429 -1.2136 -4.2968, 2.5519 -1.2017 -4.2216, 2.5526 -1.1996 -4.2206, 3.0156 -1.6102 -3.8526, 3.0156 -1.0669 -3.8526, 2.9251 -1.6215 -3.7767, 2.9251 -1.0557 -3.7767, 1.5258 -4.0127 -1.8803, 1.528 -3.9877 -1.9025, 0.8271 -3.9877 -1.9025, 0.8469 -4.2142 -1.8544, 1.5097 -4.1968 -1.8476, 0.8443 -4.1857 -1.8446, 1.5107 -4.1856 -1.8452, 0.844 -4.182 -1.8433, 1.5135 -4.1529 -1.8383, 0.8404 -4.1404 -1.8375, 1.5146 -4.1405 -1.8385, 0.8404 -4.1402 -1.8374, 1.5176 -4.1064 -1.8393, 0.8366 -4.0965 -1.8409, 1.5186 -4.095 -1.8423, 0.8364 -4.0948 -1.8415, 1.5215 -4.0615 -1.8511, 0.8335 -4.0605 -1.8516, 1.5224 -4.0515 -1.8564, 0.8327 -4.0515 -1.8564, 1.525 -4.0219 -1.8721, 0.8302 -4.0231 -1.8715, 0.8293 -4.0128 -1.8805, 0.1988 -2.7559 -2.2047, 0.1988 -2.9921 -2.2047, 0.1949 -2.7559 -2.2047, 0.1949 -2.9921 -2.2047, -0.1949 -3.189 -2.2047, -0.1949 -4.1339 -2.2047, 0.1969 -3.0709 -2.2047, -0.1191 -3.0376 -2.2047, -0.192 -3.0841 -2.2047, -0.1931 -3.086 -2.2047, -0.1315 -3.0384 -2.2047, -0.1403 -3.0401 -2.2047, -0.1504 -3.044 -2.2047, -0.1492 -3.0449 -2.2047, -0.1403 -3.0414 -2.2047, -0.1949 -3.1163 -2.2047, -0.1304 -3.0382 -2.2047, -0.1311 -3.039 -2.2047, -0.1565 -3.0463 -2.2047, -0.1673 -3.0539 -2.2047, -0.1719 -3.057 -2.2047, -0.1814 -3.0676 -2.2047, -0.1854 -3.0721 -2.2047, -0.1977 -3.1029 -2.2047, -0.1979 -3.1036 -2.2047, -0.1988 -3.1163 -2.2047, -0.1988 -3.189 -2.2047, -0.1938 -3.1033 -2.2047, -0.1884 -3.085 -2.2047, -0.1654 -3.0549 -2.2047, -0.1788 -3.0686 -2.2047, -0.1988 -4.1339 -2.2047, 0.1988 -4.3307 -2.2047, 0.1988 -4.5669 -2.2047, 0.1988 -4.252 -2.2047, -0.1988 -4.2065 -2.2047, 0.1964 -4.2317 -2.2047, 0.1917 -4.2198 -2.2047, 0.1506 -4.1791 -2.2047, 0.1504 -4.179 -2.2047, 0.1191 -4.1733 -2.2047, -0.1181 -4.2852 -2.2047, -0.1311 -4.2838 -2.2047, 0.1949 -4.252 -2.2047, 0.1311 -4.1747 -2.2047, 0.1938 -4.239 -2.2047, 0.1972 -4.2386 -2.2047, -0.1972 -4.2198 -2.2047, -0.1963 -4.2268 -2.2047, -0.1492 -4.278 -2.2047, -0.1654 -4.2679 -2.2047, -0.1788 -4.2543 -2.2047, -0.1918 -4.2387 -2.2047, -0.1901 -4.2429 -2.2047, -0.1814 -4.2554 -2.2047, -0.1794 -4.2583 -2.2047, -0.1673 -4.269 -2.2047, -0.1634 -4.2725 -2.2047, -0.1505 -4.2792 -2.2047, -0.1483 -4.2803 -2.2047, -0.1315 -4.2844 -2.2047, -0.1305 -4.2847 -2.2047, 0.1949 -4.3307 -2.2047, 0.1492 -4.1805 -2.2047, 0.1654 -4.1906 -2.2047, 0.1884 -4.2207 -2.2047, 0.1788 -4.2042 -2.2047, 0.1901 -4.2156 -2.2047, 0.1814 -4.2031 -2.2047, 0.1794 -4.2002 -2.2047, 0.1674 -4.1894 -2.2047, 0.1643 -4.1866 -2.2047, 0.1328 -4.1741 -2.2047, 0.1315 -4.1741 -2.2047, -0.1949 -4.2065 -2.2047, -0.1884 -4.2378 -2.2047, -0.1938 -4.2195 -2.2047, 0.1949 -4.5669 -2.2047, -0.8364 -4.0127 -1.8803, -0.8342 -3.9877 -1.9025, -1.5351 -3.9877 -1.9025, -1.5153 -4.2142 -1.8544, -0.8525 -4.1968 -1.8476, -1.5179 -4.1857 -1.8446, -0.8515 -4.1856 -1.8452, -1.5182 -4.182 -1.8433, -0.8487 -4.1529 -1.8383, -1.5218 -4.1404 -1.8375, -0.8476 -4.1405 -1.8385, -1.5218 -4.1402 -1.8374, -0.8446 -4.1064 -1.8393, -1.5256 -4.0965 -1.8409, -0.8436 -4.095 -1.8423, -1.5258 -4.0948 -1.8415, -0.8407 -4.0615 -1.8511, -1.5287 -4.0605 -1.8516, -0.8398 -4.0515 -1.8564, -1.5295 -4.0515 -1.8564, -0.8372 -4.0219 -1.8721, -1.532 -4.0231 -1.8715, -1.5329 -4.0128 -1.8805, -0.5941 -2.4804 -2.185, -0.5956 -2.4804 -2.185, 0.0023 -4.7638 -2.2047, -0.0016 -4.7638 -2.2047, 0.1969 -4.6457 -2.2047, 0.0028 -4.7605 -2.2047, -0.0011 -4.7601 -2.2047, -0.0008 -4.7586 -2.2047, 0.044 -4.7125 -2.2047, 0.0347 -4.7157 -2.2047, 0.0034 -4.7453 -2.2047, 0.0032 -4.7458 -2.2047, 0.049 -4.712 -2.2047, 0.0571 -4.7112 -2.2047, 0.0316 -4.7168 -2.2047, 0.0218 -4.7231 -2.2047, 0.0196 -4.7245 -2.2047, 0.011 -4.7332 -2.2047, 0.0101 -4.7342 -2.2047, 0.0494 -4.7123 -2.2047, 0.0068 -4.7468 -2.2047, 0.0139 -4.7345 -2.2047, 0.0238 -4.7243 -2.2047, 0.0359 -4.7167 -2.2047, -0.0016 -2.5591 -2.2047, 0.1988 -2.6772 -2.2047, 0.1964 -2.6569 -2.2047, 0.1917 -2.645 -2.2047, 0.1972 -2.6638 -2.2047, 0.1654 -2.6158 -2.2047, 0.0591 -2.6117 -2.2047, 0.1492 -2.6057 -2.2047, 0.1311 -2.5999 -2.2047, 0.0359 -2.6061 -2.2047, 0.0238 -2.5985 -2.2047, 0.1191 -2.5985 -2.2047, 0.0139 -2.5883 -2.2047, 0.1315 -2.5993 -2.2047, 0.0028 -2.5624 -2.2047, 0.0023 -2.5591 -2.2047, 0.0012 -2.572 -2.2047, 0.0035 -2.5768 -2.2047, 0.049 -2.6109 -2.2047, 0.0393 -2.6092 -2.2047, 0.0347 -2.6071 -2.2047, 0.053 -2.6116 -2.2047, 0.1949 -2.6772 -2.2047, 0.1938 -2.6642 -2.2047, 0.0494 -2.6106 -2.2047, 0.1901 -2.6408 -2.2047, 0.1814 -2.6283 -2.2047, 0.1794 -2.6254 -2.2047, 0.1674 -2.6146 -2.2047, 0.1643 -2.6118 -2.2047, 0.1506 -2.6043 -2.2047, 0.1504 -2.6042 -2.2047, 0.1328 -2.5993 -2.2047, -0.0008 -2.5627 -2.2047, 0.0068 -2.5838 -2.2047, 0.0113 -2.5894 -2.2047, 0.0157 -2.5948 -2.2047, 0.0219 -2.5996 -2.2047, 0.0274 -2.6039 -2.2047, 0.1788 -2.6294 -2.2047, 0.1884 -2.6459 -2.2047, 0.0068 -2.576 -2.2047, 1.5275 -4.0755 -0.2626, 0.8419 -4.0755 -0.2626, 0.8423 -4.0797 -0.267, 1.5266 -4.0855 -0.2713, 0.8428 -4.0855 -0.2713, 1.5262 -4.0904 -0.2756, 0.8436 -4.0949 -0.2784, 1.5252 -4.101 -0.281, 0.8442 -4.101 -0.281, 1.5248 -4.106 -0.2835, 0.8451 -4.1117 -0.2855, 1.5237 -4.1184 -0.2866, 0.8457 -4.1184 -0.2865, 0.8468 -4.1309 -0.2886, 1.5232 -4.125 -0.2882, 0.8473 -4.1365 -0.2882, 0.8489 -4.1545 -0.2854, 0.85 -4.1672 -0.2813, 1.5195 -4.1672 -0.2813, 1.5199 -4.1616 -0.2837, 1.5206 -4.1546 -0.2854, 0.8483 -4.1484 -0.2874, 1.5216 -4.1432 -0.2882, 1.5221 -4.1366 -0.2882, -0.8383 -4.0753 -0.2626, -1.5239 -4.0753 -0.2626, -1.5235 -4.0796 -0.267, -0.8392 -4.0854 -0.2713, -1.523 -4.0854 -0.2713, -0.8396 -4.0903 -0.2756, -1.5222 -4.0948 -0.2784, -0.8406 -4.1009 -0.281, -1.5216 -4.1009 -0.281, -0.841 -4.1059 -0.2835, -1.5207 -4.1116 -0.2855, -0.8421 -4.1183 -0.2866, -1.5201 -4.1182 -0.2865, -1.519 -4.1308 -0.2886, -0.8427 -4.1248 -0.2882, -1.5185 -4.1364 -0.2882, -1.517 -4.1544 -0.2854, -1.5158 -4.1671 -0.2813, -0.8464 -4.1671 -0.2813, -0.8459 -4.1615 -0.2837, -0.8452 -4.1545 -0.2854, -1.5175 -4.1483 -0.2874, -0.8442 -4.1431 -0.2882, -0.8437 -4.1364 -0.2882, -2.2244 -1.6929 -0.7677, -2.2244 -1.6929 -0.8465, -2.2244 -0.8268 -0.7677, -2.2244 -0.8268 -0.8465, -2.9371 -1.6242 -3.7583, -2.9373 -1.0531 -3.7595, -2.9377 -1.053 -3.7586, -2.9416 -1.6252 -3.7513, -2.9476 -1.0497 -3.7362, -2.9486 -1.0489 -3.7306, -2.9484 -1.6283 -3.7305, -2.9506 -1.6294 -3.7235, -2.9525 -1.0457 -3.7094, -2.952 -1.0444 -3.7008, -2.952 -1.6327 -3.7007, -2.9506 -1.0411 -3.6781, -2.9525 -1.634 -3.6922, -2.9484 -1.04 -3.6711, -2.9486 -1.6371 -3.671, -2.9416 -1.037 -3.6503, -2.9476 -1.638 -3.6654, -2.9371 -1.0359 -3.6433, -2.9377 -1.6413 -3.6429, -2.9373 -1.6414 -3.642, -2.9251 -1.0332 -3.6249, -2.9251 -1.644 -3.6249, -2.3819 -0.8268 -0.689, -2.4016 -0.8268 -0.689, -2.3819 -0.8268 -0.9252, -2.4016 -0.8268 -0.9252, -2.3819 -1.6929 -0.689, -2.3819 -1.6929 -0.9252, -2.4016 -1.6929 -0.9252, -2.4016 -1.6929 -0.689, -3.0404 -1.6157 -3.8164, -3.0694 -1.6288 -3.7272, -3.0622 -1.624 -3.7604, -3.0593 -1.622 -3.7739, -3.0417 -1.616 -3.8146, -3.0156 -1.6552 -3.5489, -3.0403 -1.6498 -3.5853, -3.0425 -1.6493 -3.5886, -3.0608 -1.6427 -3.6325, -3.0624 -1.6415 -3.6411, -3.0699 -1.6358 -3.68, -3.0697 -1.6327 -3.7008, -2.4883 -1.721 -3.1042, -2.5787 -1.7323 -3.0283, -2.4741 -1.7243 -3.0824, -2.4717 -1.7248 -3.0787, -2.4637 -1.7285 -3.0541, -2.4626 -1.729 -3.0508, -2.4606 -1.7323 -3.0283, -3.0404 -1.0274 -3.5852, -3.0156 -1.022 -3.5489, -2.4606 -0.9449 -3.0283, -2.4638 -0.9487 -3.0542, -2.5787 -0.9449 -3.0283, -2.4644 -0.9494 -3.0588, -2.4741 -0.9529 -3.0824, -2.4756 -0.9534 -3.0861, -2.4883 -0.9561 -3.1042, -3.0699 -1.0475 -3.7216, -3.0697 -1.0444 -3.7008, -3.0694 -1.0406 -3.6744, -3.0622 -1.0357 -3.6412, -3.0593 -1.0337 -3.6277, -3.0417 -1.0277 -3.587, -3.0624 -1.0532 -3.7605, -3.0403 -1.0615 -3.8163, -3.0425 -1.061 -3.8129, -3.0608 -1.0545 -3.769, 2.3819 -1.6929 -0.689, 2.4016 -1.6929 -0.689, 2.3819 -1.6929 -0.9252, 2.4016 -1.6929 -0.9252, 2.3819 -0.8268 -0.9252, 2.3819 -0.8268 -0.689, 2.4016 -0.8268 -0.9252, 2.4016 -0.8268 -0.689, 3.0401 -1.6156 -3.8162, 3.0351 -1.0629 -3.8258, 3.0399 -1.0615 -3.8162, 3.0432 -1.6163 -3.8117, 3.0557 -1.0568 -3.784, 3.062 -1.0532 -3.7603, 3.0705 -1.6309 -3.7134, 3.0628 -1.6239 -3.7605, 3.0622 -1.6233 -3.7643, 3.0401 -1.0274 -3.5854, 3.0399 -1.6498 -3.5854, 3.0557 -1.645 -3.6176, 3.068 -1.0499 -3.7377, 3.0699 -1.0444 -3.7007, 3.0699 -1.6327 -3.7008, 3.0705 -1.0426 -3.6882, 3.068 -1.6382 -3.6639, 3.0628 -1.0356 -3.641, 3.062 -1.6415 -3.6413, 3.0622 -1.035 -3.6372, 3.0432 -1.028 -3.5899, 3.0351 -1.6512 -3.5758, 3.0156 -1.022 -3.5489, 3.0156 -1.6552 -3.5489, 2.2244 -0.8268 -0.7677, 2.2244 -0.8268 -0.8465, 2.2244 -1.6929 -0.7677, 2.2244 -1.6929 -0.8465, 2.4606 -1.7323 -3.0283, 2.4638 -1.7285 -3.0542, 2.5787 -1.7323 -3.0283, 2.4644 -1.7278 -3.0588, 2.4741 -1.7243 -3.0824, 2.9484 -1.6371 -3.6711, 2.9416 -1.6402 -3.6503, 2.9371 -1.6412 -3.6433, 2.9251 -1.644 -3.6249, 2.4883 -1.721 -3.1042, 2.4756 -1.7237 -3.0861, 2.9476 -1.6275 -3.7362, 2.9486 -1.6283 -3.7306, 2.9525 -1.6314 -3.7094, 2.952 -1.6327 -3.7008, 2.9506 -1.6361 -3.6781, 2.9373 -1.624 -3.7595, 2.9377 -1.6242 -3.7586, 2.9371 -1.0529 -3.7583, 2.9416 -1.0519 -3.7513, 2.9484 -1.0488 -3.7305, 2.9373 -1.0357 -3.642, 2.9377 -1.0359 -3.6429, 2.9476 -1.0392 -3.6654, 2.9486 -1.04 -3.671, 2.9525 -1.0432 -3.6922, 2.952 -1.0444 -3.7007, 2.9506 -1.0478 -3.7235, 2.9251 -1.0332 -3.6249, 2.4883 -0.9561 -3.1042, 2.5787 -0.9449 -3.0283, 2.4741 -0.9529 -3.0824, 2.4717 -0.9523 -3.0787, 2.4637 -0.9487 -3.0541, 2.4626 -0.9482 -3.0508, 2.4606 -0.9449 -3.0283, 0.587 -2.4804 -2.126, 1.1775 -2.4804 -2.126, 1.1775 -2.4804 -2.2441, 0.1311 -3.1482 -2.2047, 0.1181 -3.1496 -2.2047, 0.1313 -3.1481 -2.2047, 0.1492 -3.1423 -2.2047, 0.1496 -3.1421 -2.2047, 0.1654 -3.1323 -2.2047, 0.1658 -3.1319 -2.2047, 0.1789 -3.1183 -2.2047, 0.1788 -3.1186 -2.2047, 0.1939 -3.0834 -2.2047, 0.1938 -3.0838 -2.2047, 0.1884 -3.1021 -2.2047, 0.1884 -3.1021 -2.2047, 0.1181 -2.5984 -2.126, -0.1181 -3.0376 -2.126, 0.1311 -4.723 -2.2047, 0.1181 -4.7244 -2.2047, 0.1313 -4.7229 -2.2047, 0.1492 -4.7171 -2.2047, 0.1496 -4.7169 -2.2047, 0.1654 -4.7071 -2.2047, 0.1658 -4.7067 -2.2047, 0.1789 -4.6931 -2.2047, 0.1788 -4.6934 -2.2047, 0.1939 -4.6582 -2.2047, 0.1938 -4.6587 -2.2047, 0.1884 -4.6769 -2.2047, 0.1884 -4.6769 -2.2047, 0.1181 -4.1733 -2.126, -1.7752 -2.4804 -2.126, -1.1847 -2.4804 -2.126, -1.1847 -2.4804 -2.2441, 0.0591 -4.7111 -2.126, 0.0591 -4.7111 -2.2047, -2.5296 -1.9291 -2.1521, -2.5573 -1.9291 -2.1063, -2.4078 -1.9291 -2.1063, -2.4885 -1.9291 -2.1936, -2.3898 -1.9291 -2.1153, -2.4383 -1.9291 -2.2238, -2.3536 -1.9291 -2.1255, -2.3823 -1.9291 -2.2407, -2.3622 -1.9291 -2.1237, -2.3812 -1.9291 -2.1196, 2.3623 -1.9291 -2.1235, 2.3823 -1.9291 -2.2407, 2.372 -1.9291 -2.1223, 2.3902 -1.9291 -2.1152, 2.4383 -1.9291 -2.2238, 2.3983 -1.9291 -2.112, 2.4885 -1.9291 -2.1936, 2.4078 -1.9291 -2.1063, 2.5296 -1.9291 -2.1521, 2.5573 -1.9291 -2.1063, 1.4214 -4.5479 -0.1038, 1.431 -4.5445 -0.1053, 1.4453 -4.5355 -0.1096, 1.4856 -4.4901 -0.1307, 1.4903 -4.4746 -0.1379, 0.9481 -4.5476 -0.1039, 0.8754 -4.4579 -0.1457, 0.911 -4.5263 -0.1138, 0.9241 -4.5356 -0.1095, 0.9309 -4.5404 -0.1072, 0.8792 -4.4746 -0.1379, 0.8815 -4.4849 -0.1331, 0.8885 -4.498 -0.127, 0.8929 -4.5064 -0.1231, 0.904 -4.5186 -0.1174, 1.4656 -4.5187 -0.1174, 1.4714 -4.5129 -0.1201, 1.4807 -4.4979 -0.1271, 1.493 -4.4657 -0.1421, 1.494 -4.4579 -0.1457, 0.9571 -4.5514 -0.1021, 0.9745 -4.5545 -0.1007, 0.9846 -4.5562 -0.0999, 0.9932 -4.5565 -0.0997, 1.4544 -4.5297 -0.1122, 1.4065 -4.5531 -0.1013, 1.3949 -4.5544 -0.1007, 1.3762 -4.5565 -0.0997, -0.8718 -4.4578 -0.1457, -0.8728 -4.4656 -0.1421, -1.4904 -4.4578 -0.1457, -0.9709 -4.5543 -0.1007, -0.9593 -4.553 -0.1013, -0.9444 -4.5477 -0.1038, -1.4866 -4.4745 -0.1379, -1.4843 -4.4848 -0.1331, -1.4773 -4.4979 -0.127, -1.4177 -4.5475 -0.1039, -1.4087 -4.5513 -0.1021, -1.3913 -4.5544 -0.1007, -0.9348 -4.5444 -0.1053, -0.9205 -4.5354 -0.1096, -0.9114 -4.5296 -0.1122, -0.9002 -4.5186 -0.1174, -0.8944 -4.5128 -0.1201, -0.8851 -4.4978 -0.1271, -0.8803 -4.49 -0.1307, -0.8755 -4.4745 -0.1379, -1.3726 -4.5564 -0.0997, -1.4618 -4.5185 -0.1174, -1.3813 -4.5561 -0.0999, -1.4729 -4.5063 -0.1231, -0.9896 -4.5564 -0.0997, -1.4548 -4.5262 -0.1138, -1.4417 -4.5355 -0.1095, -1.4349 -4.5403 -0.1072, 1.5451 -3.8742 -0.0391, 0.8243 -3.8742 -0.0391, -0.8207 -3.8741 -0.0391, -1.5415 -3.8741 -0.0391, -2.3394 -1.1204 -1.7717, -2.4511 -1.1589 -1.7717, -2.3394 -1.1204 -2.0472, -2.4511 -1.1589 -2.0472, -2.5716 -0.8278 -1.7717, -2.5716 -0.8278 -2.0472, -2.4606 -1.1327 -1.7717, -2.4606 -1.1327 -2.0472, -2.2311 -0.7758 -0.8465, -2.2311 -0.7758 -0.7677, -2.2508 -0.7283 -0.8465, -2.2508 -0.7283 -0.7677, -2.2821 -0.6876 -0.8465, -2.2821 -0.6876 -0.7677, -2.3228 -0.6563 -0.8465, -2.3228 -0.6563 -0.7677, -2.3703 -0.6366 -0.8465, -2.3703 -0.6366 -0.7677, -2.4213 -0.6299 -0.8465, -2.4213 -0.6299 -0.7677, -2.4213 -0.8268 -1.0433, -2.4213 -0.794 -1.039, -2.3703 -0.8268 -1.0366, -2.372 -0.7758 -1.0301, -2.2821 -0.8268 -0.9857, -2.3228 -0.8268 -1.0169, -2.3262 -0.7758 -1.0111, -2.4213 -0.7758 -1.0366, -2.4213 -0.748 -1.0251, -2.3771 -0.7283 -1.0111, -2.4213 -0.7283 -1.0169, -2.4213 -0.7068 -1.0004, -2.3852 -0.6876 -0.9809, -2.4213 -0.6876 -0.9857, -2.4213 -0.6728 -0.9664, -2.3958 -0.6563 -0.9415, -2.4213 -0.6366 -0.8974, -2.4081 -0.6366 -0.8957, -2.4213 -0.6482 -0.9252, -2.4213 -0.6563 -0.9449, -2.3958 -0.6366 -0.8906, -2.372 -0.6563 -0.9317, -2.3517 -0.6876 -0.967, -2.336 -0.7283 -0.9941, -2.3771 -0.6366 -0.8719, -2.3852 -0.6366 -0.8825, -2.336 -0.6563 -0.8957, -2.3517 -0.6563 -0.9161, -2.3007 -0.6876 -0.9161, -2.3228 -0.6876 -0.9449, -2.2736 -0.7283 -0.9317, -2.3007 -0.7283 -0.967, -2.2566 -0.7758 -0.9415, -2.2868 -0.7758 -0.9809, -2.2508 -0.8268 -0.9449, -2.372 -0.6366 -0.8596, -2.3262 -0.6563 -0.8719, -2.2868 -0.6876 -0.8825, -2.2566 -0.7283 -0.8906, -2.2376 -0.7758 -0.8957, -2.2311 -0.8268 -0.8974, -2.4213 -0.6342 -0.8792, -2.2311 -1.6929 -0.8974, -2.2508 -1.6929 -0.9449, -2.2821 -1.6929 -0.9857, -2.3228 -1.6929 -1.0169, -2.3703 -1.6929 -1.0366, -2.4213 -1.6929 -1.0433, -2.4213 -1.7257 -1.039, -2.4213 -1.7717 -1.0251, -2.4213 -1.7439 -1.0366, -2.372 -1.7439 -1.0301, -2.4213 -1.8129 -1.0004, -2.4213 -1.7913 -1.0169, -2.3771 -1.7913 -1.0111, -2.372 -1.8634 -0.9317, -2.3958 -1.8634 -0.9415, -2.3852 -1.8321 -0.9809, -2.372 -1.8831 -0.8596, -2.3703 -1.8831 -0.8465, -2.4213 -1.8898 -0.8465, -2.3771 -1.8831 -0.8719, -2.3958 -1.8831 -0.8906, -2.3852 -1.8831 -0.8825, -2.4081 -1.8831 -0.8957, -2.4213 -1.8854 -0.8792, -2.4213 -1.8831 -0.8974, -2.4213 -1.8715 -0.9252, -2.3228 -1.8634 -0.8465, -2.3262 -1.8634 -0.8719, -2.336 -1.8634 -0.8957, -2.3517 -1.8634 -0.9161, -2.2821 -1.8321 -0.8465, -2.2868 -1.8321 -0.8825, -2.3007 -1.8321 -0.9161, -2.3228 -1.8321 -0.9449, -2.3517 -1.8321 -0.967, -2.4213 -1.8634 -0.9449, -2.4213 -1.8469 -0.9664, -2.4213 -1.8321 -0.9857, -2.2508 -1.7913 -0.8465, -2.2566 -1.7913 -0.8906, -2.2736 -1.7913 -0.9317, -2.3007 -1.7913 -0.967, -2.336 -1.7913 -0.9941, -2.2311 -1.7439 -0.8465, -2.2376 -1.7439 -0.8957, -2.2566 -1.7439 -0.9415, -2.2868 -1.7439 -0.9809, -2.3262 -1.7439 -1.0111, -2.2311 -1.7439 -0.7677, -2.2508 -1.7913 -0.7677, -2.2821 -1.8321 -0.7677, -2.3228 -1.8634 -0.7677, -2.3703 -1.8831 -0.7677, -2.4213 -1.8898 -0.7677, -2.4213 -1.7257 -0.5752, -2.4213 -1.7439 -0.5776, -2.372 -1.7439 -0.5841, -2.4213 -1.7717 -0.5891, -2.4213 -1.7913 -0.5972, -2.3771 -1.7913 -0.603, -2.4213 -1.8129 -0.6138, -2.4213 -1.8321 -0.6285, -2.3852 -1.8321 -0.6333, -2.4213 -1.8469 -0.6477, -2.4213 -1.8634 -0.6693, -2.3958 -1.8634 -0.6726, -2.4213 -1.8715 -0.6889, -2.4213 -1.8831 -0.7168, -2.4081 -1.8831 -0.7185, -2.3958 -1.8831 -0.7236, -2.3771 -1.8831 -0.7422, -2.3852 -1.8831 -0.7317, -2.372 -1.8831 -0.7545, -2.4213 -1.8854 -0.7349, -2.372 -1.8634 -0.6825, -2.3517 -1.8634 -0.6981, -2.336 -1.8634 -0.7185, -2.3262 -1.8634 -0.7422, -2.3517 -1.8321 -0.6472, -2.3228 -1.8321 -0.6693, -2.3007 -1.8321 -0.6981, -2.2868 -1.8321 -0.7317, -2.336 -1.7913 -0.6201, -2.3007 -1.7913 -0.6472, -2.2736 -1.7913 -0.6825, -2.2566 -1.7913 -0.7236, -2.3262 -1.7439 -0.603, -2.2868 -1.7439 -0.6333, -2.2566 -1.7439 -0.6726, -2.2376 -1.7439 -0.7185, -2.4213 -1.6929 -0.5709, -2.3703 -1.6929 -0.5776, -2.3228 -1.6929 -0.5972, -2.2821 -1.6929 -0.6285, -2.2508 -1.6929 -0.6693, -2.2311 -1.6929 -0.7168, -2.2311 -0.8268 -0.7168, -2.2508 -0.8268 -0.6693, -2.2821 -0.8268 -0.6285, -2.3228 -0.8268 -0.5972, -2.3703 -0.8268 -0.5776, -2.4213 -0.8268 -0.5709, -2.2868 -0.7758 -0.6333, -2.3262 -0.7758 -0.603, -2.4213 -0.794 -0.5752, -2.372 -0.7758 -0.5841, -2.4213 -0.7758 -0.5776, -2.4213 -0.748 -0.5891, -2.3771 -0.7283 -0.603, -2.4213 -0.7283 -0.5972, -2.4213 -0.7068 -0.6138, -2.3852 -0.6876 -0.6333, -2.4213 -0.6876 -0.6285, -2.4213 -0.6728 -0.6477, -2.3958 -0.6563 -0.6726, -2.4213 -0.6563 -0.6693, -2.3771 -0.6366 -0.7422, -2.372 -0.6366 -0.7545, -2.336 -0.6563 -0.7185, -2.3262 -0.6563 -0.7422, -2.3007 -0.6876 -0.6981, -2.2868 -0.6876 -0.7317, -2.2736 -0.7283 -0.6825, -2.2566 -0.7283 -0.7236, -2.2566 -0.7758 -0.6726, -2.2376 -0.7758 -0.7185, -2.3852 -0.6366 -0.7317, -2.3517 -0.6563 -0.6981, -2.3228 -0.6876 -0.6693, -2.3007 -0.7283 -0.6472, -2.4213 -0.6342 -0.7349, -2.4081 -0.6366 -0.7185, -2.4213 -0.6366 -0.7168, -2.4213 -0.6482 -0.6889, -2.336 -0.7283 -0.6201, -2.3517 -0.6876 -0.6472, -2.372 -0.6563 -0.6825, -2.3958 -0.6366 -0.7236, -2.5787 -0.7874 -1.7717, -2.5787 -0.7874 -2.0472, -2.5769 -0.8079 -2.0472, -2.5769 -0.8079 -1.7717, -2.5787 -0.6496 -0.9252, -2.5787 -1.8701 -0.9252, -2.5787 -0.6496 -0.689, -2.5787 -1.8701 -0.689, -2.5787 -1.8307 -2.0079, -2.5787 -1.8543 -2.0108, -2.5784 -1.8775 -2.0198, -2.5776 -1.8947 -2.0315, -2.5784 -1.8773 -2.0197, -2.5787 -1.8547 -2.0109, -2.5772 -1.8969 -2.0339, -2.5756 -1.9076 -2.0455, -2.5753 -1.9102 -2.0483, -2.5744 -1.9124 -2.0523, -2.5709 -1.9212 -2.0681, -2.5691 -1.923 -2.074, -2.5647 -1.9274 -2.0881, -2.5608 -1.9283 -2.0975, -2.5592 -1.9287 -2.1016, 2.5787 -0.6496 -0.9252, 2.5787 -1.8701 -0.9252, 2.5787 -1.8701 -0.689, 2.5787 -0.6496 -0.689, 2.5772 -1.8967 -2.0341, 2.5778 -1.8911 -2.0286, 2.5784 -1.877 -2.0202, 2.5786 -1.8707 -2.0165, 2.5787 -1.8546 -2.0114, 2.5787 -1.8486 -2.0095, 2.5787 -1.8307 -2.0079, 2.5607 -1.9281 -2.0976, 2.5662 -1.9264 -2.0838, 2.569 -1.9228 -2.0741, 2.5726 -1.9182 -2.0615, 2.5743 -1.9124 -2.0524, 2.5757 -1.9079 -2.0455, 2.5759 -1.9074 -2.0447, 2.5591 -1.9286 -2.1016, 2.572 -0.8268 -2.0472, 2.572 -0.8268 -1.7717, 2.5716 -0.8278 -2.0472, 2.5716 -0.8278 -1.7717, 2.4511 -1.1589 -1.7717, 2.4511 -1.1589 -2.0472, 2.4606 -1.1327 -1.7717, 2.4606 -1.1327 -2.0472, 2.3394 -1.1204 -1.7717, 2.3394 -1.1204 -2.0472, 2.2311 -0.7758 -0.7677, 2.2311 -0.7758 -0.8465, 2.2508 -0.7283 -0.7677, 2.2508 -0.7283 -0.8465, 2.2821 -0.6876 -0.7677, 2.2821 -0.6876 -0.8465, 2.3228 -0.6563 -0.7677, 2.3228 -0.6563 -0.8465, 2.3703 -0.6366 -0.7677, 2.3703 -0.6366 -0.8465, 2.4213 -0.6299 -0.7677, 2.4213 -0.6299 -0.8465, 2.4213 -0.8268 -0.5709, 2.4213 -0.794 -0.5752, 2.3703 -0.8268 -0.5776, 2.372 -0.7758 -0.5841, 2.2821 -0.8268 -0.6285, 2.3228 -0.8268 -0.5972, 2.3262 -0.7758 -0.603, 2.4213 -0.7758 -0.5776, 2.4213 -0.748 -0.5891, 2.3771 -0.7283 -0.603, 2.4213 -0.7283 -0.5972, 2.4213 -0.7068 -0.6138, 2.3852 -0.6876 -0.6333, 2.4213 -0.6876 -0.6285, 2.4213 -0.6728 -0.6477, 2.3958 -0.6563 -0.6726, 2.4213 -0.6366 -0.7168, 2.4081 -0.6366 -0.7185, 2.4213 -0.6482 -0.6889, 2.4213 -0.6563 -0.6693, 2.3958 -0.6366 -0.7236, 2.372 -0.6563 -0.6825, 2.3517 -0.6876 -0.6472, 2.336 -0.7283 -0.6201, 2.3771 -0.6366 -0.7422, 2.3852 -0.6366 -0.7317, 2.336 -0.6563 -0.7185, 2.3517 -0.6563 -0.6981, 2.3007 -0.6876 -0.6981, 2.3228 -0.6876 -0.6693, 2.2736 -0.7283 -0.6825, 2.3007 -0.7283 -0.6472, 2.2566 -0.7758 -0.6726, 2.2868 -0.7758 -0.6333, 2.2508 -0.8268 -0.6693, 2.372 -0.6366 -0.7545, 2.3262 -0.6563 -0.7422, 2.2868 -0.6876 -0.7317, 2.2566 -0.7283 -0.7236, 2.2376 -0.7758 -0.7185, 2.2311 -0.8268 -0.7168, 2.4213 -0.6342 -0.7349, 2.2311 -1.6929 -0.7168, 2.2508 -1.6929 -0.6693, 2.2821 -1.6929 -0.6285, 2.3228 -1.6929 -0.5972, 2.3703 -1.6929 -0.5776, 2.4213 -1.6929 -0.5709, 2.4213 -1.7257 -0.5752, 2.4213 -1.7717 -0.5891, 2.4213 -1.7439 -0.5776, 2.372 -1.7439 -0.5841, 2.4213 -1.8129 -0.6138, 2.4213 -1.7913 -0.5972, 2.3771 -1.7913 -0.603, 2.372 -1.8634 -0.6825, 2.3958 -1.8634 -0.6726, 2.3852 -1.8321 -0.6333, 2.372 -1.8831 -0.7545, 2.3703 -1.8831 -0.7677, 2.4213 -1.8898 -0.7677, 2.3771 -1.8831 -0.7422, 2.3958 -1.8831 -0.7236, 2.3852 -1.8831 -0.7317, 2.4081 -1.8831 -0.7185, 2.4213 -1.8854 -0.7349, 2.4213 -1.8831 -0.7168, 2.4213 -1.8715 -0.6889, 2.3228 -1.8634 -0.7677, 2.3262 -1.8634 -0.7422, 2.336 -1.8634 -0.7185, 2.3517 -1.8634 -0.6981, 2.2821 -1.8321 -0.7677, 2.2868 -1.8321 -0.7317, 2.3007 -1.8321 -0.6981, 2.3228 -1.8321 -0.6693, 2.3517 -1.8321 -0.6472, 2.4213 -1.8634 -0.6693, 2.4213 -1.8469 -0.6477, 2.4213 -1.8321 -0.6285, 2.2508 -1.7913 -0.7677, 2.2566 -1.7913 -0.7236, 2.2736 -1.7913 -0.6825, 2.3007 -1.7913 -0.6472, 2.336 -1.7913 -0.6201, 2.2311 -1.7439 -0.7677, 2.2376 -1.7439 -0.7185, 2.2566 -1.7439 -0.6726, 2.2868 -1.7439 -0.6333, 2.3262 -1.7439 -0.603, 2.2311 -1.7439 -0.8465, 2.2508 -1.7913 -0.8465, 2.2821 -1.8321 -0.8465, 2.3228 -1.8634 -0.8465, 2.3703 -1.8831 -0.8465, 2.4213 -1.8898 -0.8465, 2.4213 -1.7257 -1.039, 2.4213 -1.7439 -1.0366, 2.3789 -1.7439 -1.0318, 2.4099 -1.8831 -0.8961, 2.4213 -1.8854 -0.8792, 2.4213 -1.8831 -0.8974, 2.4213 -1.8715 -0.9252, 2.3994 -1.8634 -0.9424, 2.4213 -1.8634 -0.9449, 2.4213 -1.8469 -0.9664, 2.3903 -1.8321 -0.9822, 2.4213 -1.8321 -0.9857, 2.4213 -1.8129 -1.0004, 2.3833 -1.7913 -1.0127, 2.4213 -1.7913 -1.0169, 2.3716 -1.8831 -0.8578, 2.3754 -1.8831 -0.8686, 2.3253 -1.8634 -0.8684, 2.3326 -1.8634 -0.8892, 2.2856 -1.8321 -0.8774, 2.2959 -1.8321 -0.9069, 2.2551 -1.7913 -0.8844, 2.2677 -1.7913 -0.9204, 2.2359 -1.7439 -0.8888, 2.2499 -1.7439 -0.929, 2.3814 -1.8831 -0.8782, 2.3895 -1.8831 -0.8863, 2.3443 -1.8634 -0.9078, 2.3599 -1.8634 -0.9234, 2.3124 -1.8321 -0.9332, 2.3345 -1.8321 -0.9553, 2.288 -1.7913 -0.9527, 2.315 -1.7913 -0.9797, 2.2726 -1.7439 -0.965, 2.3027 -1.7439 -0.9951, 2.3992 -1.8831 -0.8924, 2.3786 -1.8634 -0.9351, 2.3609 -1.8321 -0.9719, 2.3473 -1.7913 -1.0001, 2.3388 -1.7439 -1.0178, 2.4213 -1.7717 -1.0251, 2.2293 -1.6929 -0.8903, 2.2318 -1.6929 -0.8972, 2.2439 -1.6929 -0.9319, 2.2517 -1.6929 -0.9443, 2.2674 -1.6929 -0.9692, 2.2829 -1.6929 -0.9848, 2.2985 -1.6929 -1.0004, 2.3234 -1.6929 -1.016, 2.4213 -1.6929 -1.0433, 2.3775 -1.6929 -1.0384, 2.3705 -1.6929 -1.036, 2.3358 -1.6929 -1.0238, 2.2311 -0.8268 -0.8974, 2.2508 -0.8268 -0.9449, 2.2821 -0.8268 -0.9857, 2.3228 -0.8268 -1.0169, 2.3703 -0.8268 -1.0366, 2.4213 -0.8268 -1.0433, 2.2868 -0.7758 -0.9809, 2.3262 -0.7758 -1.0111, 2.4213 -0.794 -1.039, 2.372 -0.7758 -1.0301, 2.4213 -0.7758 -1.0366, 2.4213 -0.748 -1.0251, 2.3771 -0.7283 -1.0111, 2.4213 -0.7283 -1.0169, 2.4213 -0.7068 -1.0004, 2.3852 -0.6876 -0.9809, 2.4213 -0.6876 -0.9857, 2.4213 -0.6728 -0.9664, 2.3958 -0.6563 -0.9415, 2.4213 -0.6563 -0.9449, 2.3771 -0.6366 -0.8719, 2.372 -0.6366 -0.8596, 2.336 -0.6563 -0.8957, 2.3262 -0.6563 -0.8719, 2.3007 -0.6876 -0.9161, 2.2868 -0.6876 -0.8825, 2.2736 -0.7283 -0.9317, 2.2566 -0.7283 -0.8906, 2.2566 -0.7758 -0.9415, 2.2376 -0.7758 -0.8957, 2.3852 -0.6366 -0.8825, 2.3517 -0.6563 -0.9161, 2.3228 -0.6876 -0.9449, 2.3007 -0.7283 -0.967, 2.4213 -0.6342 -0.8792, 2.4081 -0.6366 -0.8957, 2.4213 -0.6366 -0.8974, 2.4213 -0.6482 -0.9252, 2.336 -0.7283 -0.9941, 2.3517 -0.6876 -0.967, 2.372 -0.6563 -0.9317, 2.3958 -0.6366 -0.8906, 0.8882 -4.54 -0.2377, 0.8835 -4.5245 -0.245, 1.5151 -4.2172 -0.3883, 1.4887 -4.5155 -0.2492, 1.4859 -4.5245 -0.245, 0.8931 -4.5478 -0.2341, 0.9194 -4.5796 -0.2193, 0.9082 -4.5686 -0.2244, 1.4764 -4.5479 -0.2342, 0.8808 -4.5157 -0.2491, 0.8798 -4.5078 -0.2528, 0.8543 -4.2172 -0.3883, 1.4897 -4.5078 -0.2528, 1.4611 -4.5686 -0.2246, 1.45 -4.5797 -0.2193, 1.4409 -4.5854 -0.2167, 1.481 -4.5404 -0.2376, 0.9023 -4.5628 -0.2271, 1.4681 -4.5616 -0.2278, 0.9524 -4.5978 -0.2108, 0.9428 -4.5944 -0.2124, 0.9285 -4.5854 -0.2166, 1.4275 -4.5938 -0.2127, 1.4169 -4.5975 -0.211, 1.4004 -4.6032 -0.2083, 1.3905 -4.6043 -0.2078, 1.3718 -4.6064 -0.2068, 0.9673 -4.603 -0.2084, 0.9789 -4.6043 -0.2078, 0.9976 -4.6064 -0.2068, -1.4861 -4.5077 -0.2528, -1.5115 -4.2171 -0.3883, -0.8507 -4.2171 -0.3883, -1.4851 -4.5155 -0.2491, -0.8771 -4.5154 -0.2492, -0.8799 -4.5244 -0.245, -1.4823 -4.5244 -0.245, -0.8848 -4.5403 -0.2376, -0.8894 -4.5478 -0.2342, -1.4776 -4.5399 -0.2377, -1.4134 -4.5977 -0.2108, -1.423 -4.5943 -0.2124, -1.4373 -4.5853 -0.2166, -0.8762 -4.5077 -0.2528, -1.4576 -4.5685 -0.2244, -1.4464 -4.5795 -0.2193, -1.4635 -4.5627 -0.2271, -1.4728 -4.5477 -0.2341, -0.8977 -4.5614 -0.2278, -0.9047 -4.5684 -0.2246, -0.9159 -4.5796 -0.2193, -0.9249 -4.5853 -0.2167, -0.9383 -4.5937 -0.2127, -0.9489 -4.5974 -0.211, -0.994 -4.6063 -0.2068, -0.9753 -4.6042 -0.2078, -0.9654 -4.6031 -0.2083, -1.3985 -4.6029 -0.2084, -1.3869 -4.6042 -0.2078, -1.3682 -4.6063 -0.2068, -2.3821 0.0 -0.0033, -2.5787 0.0 -0.2362, -2.5754 0.0 -0.1967, -2.5587 0.0 -0.1409, -2.5288 0.0 -0.091, -2.4877 0.0 -0.0499, -2.4378 0.0 -0.0201, 2.382 -0.0 -0.0041, 2.5787 -0.0 -0.2362, 2.5773 -0.0 -0.2103, 2.3919 -0.0 -0.0052, 2.4377 -0.0 -0.0203, 2.44 -0.0 -0.021, 2.528 -0.0 -0.0916, 2.5194 -0.0 -0.0797, 2.4873 -0.0 -0.0503, 2.4825 -0.0 -0.0459, 2.5745 -0.0 -0.1968, 2.5676 -0.0 -0.1643, 2.5576 -0.0 -0.1414, 2.548 -0.0 -0.1197, 1.5495 -3.8243 -0.0062, 1.5509 -3.8084 -0.003, 0.8191 -3.8147 -0.0034, 1.552 -3.7952 -0.0003, 0.8186 -3.8085 -0.0027, 1.5486 -3.8341 -0.011, 0.8208 -3.8342 -0.0108, 1.5472 -3.8511 -0.0193, 0.8214 -3.8411 -0.0134, 1.5466 -3.8573 -0.0246, 0.8235 -3.8646 -0.0296, 0.8228 -3.8574 -0.0246, -0.8138 -3.7951 -0.0003, -1.5473 -3.8084 -0.0027, -0.8149 -3.8083 -0.003, -1.5467 -3.8146 -0.0034, -0.8163 -3.8242 -0.0062, -0.8172 -3.834 -0.011, -1.545 -3.8341 -0.0108, -0.8187 -3.851 -0.0193, -1.5444 -3.841 -0.0134, -0.8192 -3.8572 -0.0246, -1.5423 -3.8645 -0.0296, -1.543 -3.8573 -0.0246, -2.4606 -0.7874 -1.7717, -2.4606 -0.7874 -2.0472, -2.5787 -1.1811 -2.0472, -2.4606 -1.1811 -2.0472, -2.5787 -1.1811 -1.7717, -2.4606 -1.1811 -1.7717, -2.4606 -0.6299 -0.8465, -2.4606 -0.6299 -0.7677, -2.4606 -0.7938 -1.04, -2.4606 -0.8268 -1.0433, -2.4606 -0.7082 -1.0037, -2.4606 -0.706 -1.0015, -2.4606 -0.6753 -0.9722, -2.4606 -0.672 -0.9671, -2.4606 -0.6511 -0.9354, -2.4606 -0.6475 -0.9255, -2.4606 -0.6351 -0.8914, -2.4606 -0.6337 -0.8793, -2.4606 -0.7876 -1.0394, -2.4606 -0.7474 -1.0266, -2.4606 -0.7471 -1.0265, -2.4606 -1.6929 -1.0433, -2.4606 -1.8501 -0.965, -2.4606 -1.848 -0.9673, -2.4606 -1.8186 -0.998, -2.4606 -1.8136 -1.0013, -2.4606 -1.7819 -1.0221, -2.4606 -1.772 -1.0257, -2.4606 -1.7379 -1.0381, -2.4606 -1.7258 -1.0395, -2.4606 -1.8729 -0.9261, -2.4606 -1.873 -0.9258, -2.4606 -1.8859 -0.8857, -2.4606 -1.8865 -0.8794, -2.4606 -1.8898 -0.8465, -2.4606 -1.8898 -0.7677, -2.4606 -1.6929 -0.5709, -2.4606 -1.7258 -0.5741, -2.4606 -1.7321 -0.5748, -2.4606 -1.7723 -0.5876, -2.4606 -1.7726 -0.5877, -2.4606 -1.8114 -0.6105, -2.4606 -1.8137 -0.6127, -2.4606 -1.8444 -0.642, -2.4606 -1.8477 -0.647, -2.4606 -1.8685 -0.6787, -2.4606 -1.8721 -0.6886, -2.4606 -1.8846 -0.7228, -2.4606 -1.886 -0.7349, -2.4606 -0.8268 -0.5709, -2.4606 -0.6467 -0.6883, -2.4606 -0.6468 -0.6881, -2.4606 -0.6696 -0.6492, -2.4606 -0.6717 -0.6469, -2.4606 -0.7011 -0.6162, -2.4606 -0.7061 -0.6129, -2.4606 -0.7378 -0.5921, -2.4606 -0.7477 -0.5885, -2.4606 -0.7818 -0.576, -2.4606 -0.7939 -0.5747, -2.4606 -0.6338 -0.7285, -2.4606 -0.6332 -0.7348, -2.5787 -2.5197 -1.6142, -2.4606 -2.5197 -1.6142, -2.5787 -2.5197 -0.6299, -2.4606 -2.5197 -0.6299, -2.5787 -4.5866 -1.6142, -2.4606 -4.5866 -1.6142, -2.5787 -4.684 -1.531, -2.4606 -4.6846 -1.5055, -2.5787 -4.6839 -1.5312, -2.4606 -4.6847 -1.5057, -2.5787 -4.6846 -1.506, -2.5787 -4.6845 -1.5055, -2.4606 -4.6802 -1.4844, -2.5787 -4.6799 -1.4833, -2.4606 -4.6784 -1.4806, -2.5787 -4.6785 -1.4805, -2.4606 -4.6708 -1.4646, -2.5787 -4.6706 -1.464, -2.4606 -4.6658 -1.4584, -2.5787 -4.666 -1.4582, -2.4606 -4.6556 -1.4455, -2.5787 -4.6573 -1.4473, -2.4606 -4.6483 -1.4399, -2.5787 -4.6482 -1.4399, -2.4606 -4.6373 -1.4314, -2.5787 -4.6387 -1.4321, -2.4606 -4.6266 -1.4264, -2.5787 -4.6266 -1.4264, -2.4606 -4.6176 -1.4223, -2.5787 -4.6166 -1.4218, -2.4606 -4.6021 -1.4191, -2.5787 -4.6021 -1.4193, -2.4606 -4.5951 -1.4177, -2.4606 -4.6839 -1.5306, -2.4606 -4.6838 -1.5311, -2.5787 -4.6784 -1.552, -2.4606 -4.678 -1.553, -2.5787 -4.6764 -1.5557, -2.4606 -4.6765 -1.5557, -2.5787 -4.668 -1.5712, -2.4606 -4.6678 -1.5719, -2.5787 -4.6627 -1.5772, -2.4606 -4.6629 -1.5774, -2.5787 -4.6518 -1.5895, -2.4606 -4.6536 -1.5878, -2.5787 -4.6442 -1.5948, -2.4606 -4.6442 -1.5947, -2.5787 -4.6329 -1.6026, -2.4606 -4.6342 -1.602, -2.5787 -4.6218 -1.607, -2.4606 -4.6218 -1.607, -2.5787 -4.6126 -1.6107, -2.4606 -4.6117 -1.6111, -2.5787 -4.597 -1.6131, -2.4606 -4.597 -1.6129, -2.5787 -4.59 -1.6141, -2.5787 -4.6847 -0.7384, -2.4606 -4.6839 -0.7129, -2.5787 -4.6846 -0.7386, -2.4606 -4.684 -0.7131, -2.5787 -4.6839 -0.7135, -2.5787 -4.6838 -0.713, -2.4606 -4.6784 -0.6921, -2.5787 -4.678 -0.6911, -2.4606 -4.6764 -0.6884, -2.5787 -4.6765 -0.6884, -2.4606 -4.668 -0.6729, -2.5787 -4.6678 -0.6722, -2.4606 -4.6627 -0.6669, -2.5787 -4.6629 -0.6667, -2.4606 -4.6518 -0.6546, -2.5787 -4.6536 -0.6563, -2.4606 -4.6442 -0.6493, -2.5787 -4.6442 -0.6494, -2.4606 -4.6329 -0.6415, -2.5787 -4.6342 -0.6421, -2.4606 -4.6218 -0.6371, -2.5787 -4.6218 -0.6371, -2.4606 -4.6126 -0.6334, -2.5787 -4.6117 -0.633, -2.4606 -4.597 -0.631, -2.5787 -4.597 -0.6312, -2.4606 -4.59 -0.63, -2.5787 -4.5866 -0.6299, -2.4606 -4.5866 -0.6299, -2.4606 -4.6846 -0.7381, -2.4606 -4.6845 -0.7386, -2.5787 -4.6802 -0.7597, -2.4606 -4.6799 -0.7607, -2.5787 -4.6784 -0.7635, -2.4606 -4.6785 -0.7636, -2.5787 -4.6708 -0.7795, -2.4606 -4.6706 -0.7801, -2.5787 -4.6658 -0.7857, -2.4606 -4.666 -0.7859, -2.5787 -4.6556 -0.7986, -2.4606 -4.6573 -0.7968, -2.5787 -4.6483 -0.8042, -2.4606 -4.6482 -0.8042, -2.5787 -4.6373 -0.8127, -2.4606 -4.6387 -0.812, -2.5787 -4.6266 -0.8177, -2.4606 -4.6266 -0.8176, -2.5787 -4.6176 -0.8218, -2.4606 -4.6166 -0.8223, -2.5787 -4.6021 -0.825, -2.4606 -4.6021 -0.8248, -2.5787 -4.5951 -0.8264, -2.4589 -1.8894 -2.0277, -2.4599 -1.877 -2.0202, -2.4603 -1.8719 -2.0171, -2.4606 -1.8546 -2.0112, -2.4606 -1.8519 -2.0102, -2.4606 -1.8307 -2.0079, -2.4554 -1.9058 -2.0427, -2.4575 -1.8968 -2.034, -2.4588 -1.8914 -2.0289, -2.4413 -1.9232 -2.0726, -2.4503 -1.9154 -2.0562, -2.4506 -1.9149 -2.0555, -2.4518 -1.9126 -2.0522, -2.4404 -1.9235 -2.0738, -2.4353 -1.9252 -2.0801, -2.4147 -1.9286 -2.1006, -2.4184 -1.9284 -2.0975, -2.4272 -1.9278 -2.0902, -2.5787 -1.7334 -2.0976, -2.5787 -1.7323 -2.1063, -2.4606 -1.7323 -2.1063, -2.5787 -1.8178 -2.0087, -2.4606 -1.8067 -2.0108, -2.5787 -1.8068 -2.0115, -2.4606 -1.8053 -2.011, -2.5787 -1.7957 -2.0143, -2.4606 -1.7851 -2.0188, -2.5787 -1.7844 -2.0202, -2.4606 -1.784 -2.0196, -2.5787 -1.7753 -2.0249, -2.4606 -1.7659 -2.0322, -2.5787 -1.7648 -2.0342, -2.4606 -1.7645 -2.0338, -2.5787 -1.7567 -2.0415, -2.4606 -1.7493 -2.0509, -2.5787 -1.749 -2.0524, -2.4606 -1.7487 -2.0521, -2.5787 -1.7432 -2.0607, -2.4606 -1.7387 -2.0712, -2.5787 -1.7381 -2.0739, -2.4606 -1.7381 -2.0739, -2.5787 -1.7354 -2.0809, -2.4606 -1.7331 -2.0934, -2.4606 -1.7328 -2.0975, -2.4606 -0.9449 -2.6378, -2.5787 -0.9449 -2.6378, -2.5787 0.0 -2.6378, 2.5787 -1.1811 -1.7717, 2.5787 -0.8268 -1.7717, 2.5787 -0.0 -2.6378, 2.5787 -0.8268 -2.0472, 2.5787 -0.9449 -2.6378, 2.5787 -1.1811 -2.0472, 2.5787 -2.5197 -0.6299, 2.5787 -1.8053 -2.011, 2.5787 -1.7851 -2.0188, 2.5787 -1.784 -2.0196, 2.5787 -1.7487 -2.0521, 2.5787 -1.7387 -2.0712, 2.5787 -1.7381 -2.0739, 2.5787 -1.7331 -2.0934, 2.5787 -4.5866 -1.6142, 2.5787 -2.5197 -1.6142, 2.5787 -1.8067 -2.0108, 2.5787 -1.7659 -2.0322, 2.5787 -1.7645 -2.0338, 2.5787 -1.7493 -2.0509, 2.5787 -1.7323 -2.1063, 2.5787 -1.7328 -2.0975, 2.5787 -4.597 -1.6129, 2.5787 -4.6117 -1.6111, 2.5787 -4.6218 -1.607, 2.5787 -4.6765 -1.5557, 2.5787 -4.678 -1.553, 2.5787 -4.6847 -1.5057, 2.5787 -4.6846 -1.5055, 2.5787 -4.6166 -0.8223, 2.5787 -4.6802 -1.4844, 2.5787 -4.6784 -1.4806, 2.5787 -4.6708 -1.4646, 2.5787 -4.6658 -1.4584, 2.5787 -4.6556 -1.4455, 2.5787 -4.6483 -1.4399, 2.5787 -4.6373 -1.4314, 2.5787 -4.6266 -1.4264, 2.5787 -4.6176 -1.4223, 2.5787 -4.6021 -1.4191, 2.5787 -4.5951 -1.4177, 2.5787 -4.6838 -1.5311, 2.5787 -4.6839 -1.5306, 2.5787 -4.6442 -0.6493, 2.5787 -4.6329 -0.6415, 2.5787 -4.6218 -0.6371, 2.5787 -4.6126 -0.6334, 2.5787 -4.597 -0.631, 2.5787 -4.59 -0.63, 2.5787 -4.6021 -0.8248, 2.5787 -4.6342 -1.602, 2.5787 -4.6442 -1.5947, 2.5787 -4.6536 -1.5878, 2.5787 -4.6629 -1.5774, 2.5787 -4.6678 -1.5719, 2.5787 -4.6387 -0.812, 2.5787 -4.6482 -0.8042, 2.5787 -4.6573 -0.7968, 2.5787 -4.666 -0.7859, 2.5787 -4.6706 -0.7801, 2.5787 -4.6846 -0.7381, 2.5787 -4.684 -0.7131, 2.5787 -4.6839 -0.7129, 2.5787 -4.6784 -0.6921, 2.5787 -4.6764 -0.6884, 2.5787 -4.668 -0.6729, 2.5787 -4.6627 -0.6669, 2.5787 -4.6518 -0.6546, 2.5787 -4.5866 -0.6299, 2.5787 -4.6266 -0.8176, 2.5787 -4.6785 -0.7636, 2.5787 -4.6799 -0.7607, 2.5787 -4.6845 -0.7386, 2.4606 -0.7874 -1.7717, 2.4606 -0.7874 -2.0472, 2.4606 -1.1811 -1.7717, 2.4606 -1.1811 -2.0472, 2.4606 -0.6299 -0.7677, 2.4606 -0.6299 -0.8465, 2.4606 -0.8268 -0.5709, 2.4606 -0.7938 -0.5741, 2.4606 -0.7876 -0.5748, 2.4606 -0.7474 -0.5876, 2.4606 -0.7471 -0.5877, 2.4606 -0.7082 -0.6105, 2.4606 -0.706 -0.6127, 2.4606 -0.6753 -0.642, 2.4606 -0.672 -0.647, 2.4606 -0.6511 -0.6787, 2.4606 -0.6475 -0.6886, 2.4606 -0.6351 -0.7228, 2.4606 -0.6337 -0.7349, 2.4606 -1.6929 -0.5709, 2.4606 -1.873 -0.6883, 2.4606 -1.8859 -0.7285, 2.4606 -1.8865 -0.7348, 2.4606 -1.8898 -0.7677, 2.4606 -1.8729 -0.6881, 2.4606 -1.8501 -0.6492, 2.4606 -1.848 -0.6469, 2.4606 -1.8186 -0.6162, 2.4606 -1.8136 -0.6129, 2.4606 -1.7819 -0.5921, 2.4606 -1.772 -0.5885, 2.4606 -1.7379 -0.576, 2.4606 -1.7258 -0.5747, 2.4606 -1.8898 -0.8465, 2.4606 -1.6929 -1.0433, 2.4606 -1.7258 -1.04, 2.4606 -1.7321 -1.0394, 2.4606 -1.7723 -1.0266, 2.4606 -1.7726 -1.0265, 2.4606 -1.8114 -1.0037, 2.4606 -1.8137 -1.0015, 2.4606 -1.8444 -0.9722, 2.4606 -1.8477 -0.9671, 2.4606 -1.8685 -0.9354, 2.4606 -1.8721 -0.9255, 2.4606 -1.8846 -0.8914, 2.4606 -1.886 -0.8793, 2.4606 -0.8268 -1.0433, 2.4606 -0.6332 -0.8794, 2.4606 -0.6338 -0.8857, 2.4606 -0.6467 -0.9258, 2.4606 -0.6468 -0.9261, 2.4606 -0.6696 -0.965, 2.4606 -0.6717 -0.9673, 2.4606 -0.7011 -0.998, 2.4606 -0.7061 -1.0013, 2.4606 -0.7378 -1.0221, 2.4606 -0.7477 -1.0257, 2.4606 -0.7818 -1.0381, 2.4606 -0.7939 -1.0395, 2.4606 -2.5197 -0.6299, 2.4606 -2.5197 -1.6142, 2.4606 -4.5866 -0.6299, 2.4606 -4.6847 -0.7384, 2.4606 -4.6846 -0.7386, 2.4606 -4.6839 -0.7135, 2.4606 -4.6838 -0.713, 2.4606 -4.678 -0.6911, 2.4606 -4.6765 -0.6884, 2.4606 -4.6678 -0.6722, 2.4606 -4.6629 -0.6667, 2.4606 -4.6536 -0.6563, 2.4606 -4.6442 -0.6494, 2.4606 -4.6342 -0.6421, 2.4606 -4.6218 -0.6371, 2.4606 -4.6117 -0.633, 2.4606 -4.597 -0.6312, 2.4606 -4.6802 -0.7597, 2.4606 -4.6784 -0.7635, 2.4606 -4.6708 -0.7795, 2.4606 -4.6658 -0.7857, 2.4606 -4.6556 -0.7986, 2.4606 -4.6483 -0.8042, 2.4606 -4.6373 -0.8127, 2.4606 -4.6266 -0.8177, 2.4606 -4.6176 -0.8218, 2.4606 -4.6021 -0.825, 2.4606 -4.5951 -0.8264, 2.4606 -4.684 -1.531, 2.4606 -4.6839 -1.5312, 2.4606 -4.6846 -1.506, 2.4606 -4.6845 -1.5055, 2.4606 -4.6799 -1.4833, 2.4606 -4.6785 -1.4805, 2.4606 -4.6706 -1.464, 2.4606 -4.666 -1.4582, 2.4606 -4.6573 -1.4473, 2.4606 -4.6482 -1.4399, 2.4606 -4.6387 -1.4321, 2.4606 -4.6266 -1.4264, 2.4606 -4.6166 -1.4218, 2.4606 -4.6021 -1.4193, 2.4606 -4.6784 -1.552, 2.4606 -4.6764 -1.5557, 2.4606 -4.668 -1.5712, 2.4606 -4.6627 -1.5772, 2.4606 -4.6518 -1.5895, 2.4606 -4.6442 -1.5948, 2.4606 -4.6329 -1.6026, 2.4606 -4.6218 -1.607, 2.4606 -4.6126 -1.6107, 2.4606 -4.597 -1.6131, 2.4606 -4.59 -1.6141, 2.4606 -4.5866 -1.6142, 2.4606 -0.9449 -2.6378, 2.4606 -1.7323 -2.1063, 2.4606 -1.7334 -2.0976, 2.4575 -1.8967 -2.0341, 2.4592 -1.8883 -2.0266, 2.4593 -1.8877 -2.026, 2.4601 -1.8771 -2.02, 2.4605 -1.8709 -2.0165, 2.4606 -1.8547 -2.011, 2.4606 -1.8532 -2.0105, 2.4606 -1.8307 -2.0079, 2.4606 -1.8178 -2.0087, 2.4606 -1.8068 -2.0115, 2.4606 -1.7957 -2.0143, 2.4606 -1.7844 -2.0202, 2.4606 -1.7753 -2.0249, 2.4606 -1.7648 -2.0342, 2.4606 -1.7567 -2.0415, 2.4606 -1.749 -2.0524, 2.4606 -1.7432 -2.0607, 2.4606 -1.7381 -2.0739, 2.4606 -1.7354 -2.0809, 2.456 -1.9041 -2.0407, 2.4517 -1.9126 -2.0523, 2.4508 -1.9144 -2.0547, 2.4504 -1.9153 -2.056, 2.4357 -1.9251 -2.0797, 2.4404 -1.9235 -2.0738, 2.4414 -1.9232 -2.0726, 2.4151 -1.9286 -2.1002, 2.4184 -1.9284 -2.0975, 2.428 -1.9277 -2.0895, 1.5179 -4.1855 -0.3989, 0.8476 -4.1404 -0.4058, 1.5218 -4.1404 -0.4058, 1.5189 -4.1738 -0.4029, 0.8535 -4.2079 -0.3923, 0.8515 -4.1855 -0.3989, 0.8502 -4.171 -0.4032, 1.5228 -4.1291 -0.4068, 0.8466 -4.1291 -0.4067, 1.5258 -4.0949 -0.4018, 0.8436 -4.0948 -0.4022, 1.5268 -4.0831 -0.4001, 0.843 -4.0877 -0.4012, 1.5296 -4.0515 -0.3875, 0.8398 -4.0513 -0.3879, 1.5306 -4.0399 -0.3828, 0.8394 -4.0459 -0.3859, 1.533 -4.0126 -0.3637, 0.8364 -4.0121 -0.3644, 0.8364 -4.0118 -0.3642, 1.5338 -4.0032 -0.357, 0.8343 -3.9877 -0.3416, 1.5352 -3.9877 -0.3416, -0.848 -4.1854 -0.3989, -1.5183 -4.1403 -0.4058, -0.844 -4.1402 -0.4058, -0.8469 -4.1737 -0.4029, -1.5123 -4.2078 -0.3923, -1.5143 -4.1854 -0.3989, -1.5156 -4.1708 -0.4032, -0.843 -4.1289 -0.4068, -1.5192 -4.129 -0.4067, -0.84 -4.0948 -0.4018, -1.5222 -4.0947 -0.4022, -0.839 -4.083 -0.4001, -1.5228 -4.0876 -0.4012, -0.8362 -4.0514 -0.3875, -1.526 -4.0512 -0.3879, -0.8352 -4.0398 -0.3828, -1.5264 -4.0458 -0.3859, -0.8328 -4.0125 -0.3637, -1.5294 -4.012 -0.3644, -1.5294 -4.0117 -0.3642, -0.832 -4.003 -0.357, -1.5316 -3.9876 -0.3416, -0.8306 -3.9876 -0.3416, -2.39 0.0 -0.1285, -2.4501 0.0 -0.1888, -2.3973 0.0 -0.1313, -2.4148 0.0 -0.1435, -2.4204 0.0 -0.1474, -2.4352 0.0 -0.1641, -2.4403 0.0 -0.1698, 2.4606 -0.0 -2.6378, 2.4606 -0.0 -0.2362, 2.4582 -0.0 -0.2165, -2.4606 0.0 -2.6378, -2.4606 0.0 -0.2362, -2.4596 0.0 -0.2207, -2.4586 0.0 -0.2165, -2.4529 0.0 -0.1941, 2.4569 -0.0 -0.2057, 2.4503 -0.0 -0.1887, 2.4474 -0.0 -0.1814, 2.4352 -0.0 -0.1639, 2.4313 -0.0 -0.1583, 2.4147 -0.0 -0.1436, 2.4089 -0.0 -0.1385, 2.3899 -0.0 -0.1286, 2.3847 -0.0 -0.1259, 2.3622 -0.0 -0.1202, 2.3581 -0.0 -0.1191, 2.3425 -0.0 -0.1181, -2.3425 0.0 -0.1181, -2.3622 0.0 -0.1205, -2.3731 0.0 -0.1219, 1.7923 -2.4827 -0.1181, 1.7735 -2.4803 -0.116, 1.7865 -2.4813 -0.1181, 1.7735 -2.4804 -0.1181, 1.8138 -2.4881 -0.1181, 1.8204 -2.4916 -0.1181, 1.8397 -2.5019 -0.1181, 1.8455 -2.5071 -0.1181, 1.8612 -2.5215 -0.1181, 1.8658 -2.5284 -0.1181, 1.8775 -2.546 -0.1181, 1.8803 -2.554 -0.1181, 1.8871 -2.5737 -0.1181, 1.8879 -2.5824 -0.1181, 1.8897 -2.6025 -0.1181, 1.6576 -2.5882 -0.1181, 1.658 -2.5845 -0.1181, 1.6615 -2.5699 -0.1181, 1.6644 -2.5577 -0.1181, 1.6713 -2.5443 -0.1181, 1.6772 -2.5327 -0.1181, 1.6866 -2.5216 -0.1181, 1.6948 -2.512 -0.1181, 1.7068 -2.5031 -0.1181, 1.7164 -2.4959 -0.1181, 1.7308 -2.4899 -0.1181, 1.7433 -2.4846 -0.1181, 1.7572 -2.4826 -0.1181, 1.5528 -3.7864 -0.1181, 0.8166 -3.7864 -0.1181, 0.7118 -2.5882 -0.1181, 0.5923 -2.4804 -0.1161, 0.5924 -2.4804 -0.1181, 0.6013 -2.4806 -0.1181, 0.609 -2.482 -0.1181, 0.6287 -2.4855 -0.1181, 0.6361 -2.4888 -0.1181, 0.6551 -2.4973 -0.1181, 0.661 -2.5018 -0.1181, 0.6756 -2.513 -0.1181, 0.6818 -2.5204 -0.1181, 0.6939 -2.5349 -0.1181, 0.698 -2.5433 -0.1181, 0.7055 -2.5584 -0.1181, 0.7078 -2.5695 -0.1181, 0.573 -2.4825 -0.1181, 0.4725 -2.6025 -0.1181, 0.4738 -2.582 -0.1181, 0.474 -2.5792 -0.1181, 0.4807 -2.5551 -0.1181, 0.4818 -2.553 -0.1181, 0.4946 -2.5295 -0.1181, 0.4969 -2.527 -0.1181, 0.5147 -2.5079 -0.1181, 0.5181 -2.5056 -0.1181, 0.5355 -2.4939 -0.1181, 0.5442 -2.4907 -0.1181, 0.5636 -2.4835 -0.1181, 0.5469 -4.7313 -0.1181, 0.7436 -4.9213 -0.1181, 0.713 -4.9189 -0.1181, 0.7114 -4.9185 -0.1181, 0.6725 -4.908 -0.1181, 0.6662 -4.9047 -0.1181, 0.6333 -4.8875 -0.1181, 0.6255 -4.8808 -0.1181, 0.599 -4.858 -0.1181, 0.5917 -4.8479 -0.1181, 0.5711 -4.8195 -0.1181, 0.5665 -4.808 -0.1181, 0.5536 -4.7759 -0.1181, 0.5517 -4.7633 -0.1181, 1.6186 -4.9213 -0.1181, 1.6507 -4.9175 -0.1181, 1.6635 -4.9161 -0.1181, 1.696 -4.9043 -0.1181, 1.7076 -4.9001 -0.1181, 1.7367 -4.8805 -0.1181, 1.7471 -4.8736 -0.1181, 1.7708 -4.8479 -0.1181, 1.7778 -4.8404 -0.1181, 1.7961 -4.8081 -0.1181, 1.7996 -4.8018 -0.1181, 1.8115 -4.7634 -0.1181, 1.812 -4.7617 -0.1181, 1.8154 -4.7313 -0.1181, -0.4725 -2.6025 -0.1181, -0.4736 -2.59 -0.1181, -0.4751 -2.5737 -0.1181, -0.4798 -2.5601 -0.1181, -0.4847 -2.546 -0.1181, -0.4932 -2.5326 -0.1181, -0.4981 -2.5249 -0.1181, -0.5136 -2.5097 -0.1181, -0.5191 -2.5043 -0.1181, -0.5391 -2.4927 -0.1181, -0.5444 -2.4897 -0.1181, -0.5681 -2.4828 -0.1181, -0.5716 -2.4818 -0.1181, -0.5906 -2.4803 -0.1181, -0.5987 -2.4813 -0.1181, -0.6208 -2.484 -0.1181, -0.6287 -2.4872 -0.1181, -0.6478 -2.495 -0.1181, -0.6561 -2.501 -0.1181, -0.6703 -2.5113 -0.1181, -0.679 -2.5213 -0.1181, -0.6881 -2.5318 -0.1181, -0.6959 -2.5468 -0.1181, -0.7011 -2.5567 -0.1181, -0.7058 -2.5758 -0.1181, -0.7077 -2.5835 -0.1181, -0.7082 -2.5881 -0.1181, -0.813 -3.7863 -0.1181, -1.5492 -3.7863 -0.1181, -1.654 -2.5881 -0.1181, -1.8897 -2.6025 -0.1181, -1.8891 -2.5899 -0.1181, -1.8889 -2.5836 -0.1181, -1.8829 -2.5599 -0.1181, -1.8819 -2.5561 -0.1181, -1.8693 -2.5324 -0.1181, -1.8682 -2.5303 -0.1181, -1.849 -2.5093 -0.1181, -1.8483 -2.5086 -0.1181, -1.8277 -2.4944 -0.1181, -1.8232 -2.4927 -0.1181, -1.8004 -2.4839 -0.1181, -1.7941 -2.4831 -0.1181, -1.7717 -2.4803 -0.1181, -1.767 -2.4804 -0.1181, -1.7635 -2.4809 -0.1181, -1.7398 -2.4847 -0.1181, -1.7335 -2.4873 -0.1181, -1.7138 -2.4955 -0.1181, -1.7061 -2.501 -0.1181, -1.6919 -2.5113 -0.1181, -1.6832 -2.5213 -0.1181, -1.6736 -2.5323 -0.1181, -1.6662 -2.5468 -0.1181, -1.6603 -2.5584 -0.1181, -1.6566 -2.5758 -0.1181, -1.8154 -4.7313 -0.1181, -1.6186 -4.9213 -0.1181, -1.6492 -4.9189 -0.1181, -1.6508 -4.9185 -0.1181, -1.6897 -4.908 -0.1181, -1.696 -4.9047 -0.1181, -1.7289 -4.8875 -0.1181, -1.7367 -4.8808 -0.1181, -1.7632 -4.858 -0.1181, -1.7705 -4.8479 -0.1181, -1.7911 -4.8195 -0.1181, -1.7957 -4.808 -0.1181, -1.8086 -4.7759 -0.1181, -1.8105 -4.7633 -0.1181, -0.7436 -4.9213 -0.1181, -0.5469 -4.7313 -0.1181, -0.5502 -4.7617 -0.1181, -0.5507 -4.7634 -0.1181, -0.5626 -4.8018 -0.1181, -0.5661 -4.8081 -0.1181, -0.5844 -4.8404 -0.1181, -0.5914 -4.8479 -0.1181, -0.6151 -4.8736 -0.1181, -0.6255 -4.8805 -0.1181, -0.6546 -4.9001 -0.1181, -0.6662 -4.9043 -0.1181, -0.6987 -4.9161 -0.1181, -0.7115 -4.9175 -0.1181, -0.7115 -4.9175 -0.1181
            ]
        }
        coordIndex [
            0,1,2,-1,3,4,5,-1,6,7,8,-1,9,10,11,-1,12,13,14,-1,15,16,17,-1,18,19,20,-1,21,22,23,-1,24,25,26,-1,27,28,29,-1,30,31,32,-1,32,31,33,-1,33,34,32,-1,32,34,35,-1,32,35,36,-1,37,38,39,-1,40,41,42,-1,39,38,40,-1,40,38,43,-1,40,43,41,-1,37,39,44,-1,44,39,45,-1,44,45,46,-1,26,25,45,-1,45,25,47,-1,45,47,48,-1,45,49,46,-1,46,49,50,-1,46,50,51,-1,51,50,52,-1,51,52,53,-1,48,54,45,-1,45,54,55,-1,45,55,49,-1,56,57,26,-1,26,57,58,-1,26,58,24,-1,59,60,61,-1,59,61,62,-1,60,63,61,-1,61,63,64,-1,61,64,56,-1,56,64,65,-1,56,65,57,-1,66,62,67,-1,67,62,61,-1,67,61,68,-1,68,61,69,-1,68,69,70,-1,70,69,71,-1,72,73,74,-1,72,74,75,-1,74,76,75,-1,75,76,77,-1,75,77,69,-1,69,77,78,-1,69,78,71,-1,0,79,1,-1,1,79,80,-1,1,80,81,-1,81,82,1,-1,1,82,83,-1,1,83,84,-1,85,86,87,-1,88,89,90,-1,91,92,0,-1,88,90,93,-1,89,94,90,-1,90,94,95,-1,90,95,96,-1,85,87,0,-1,0,87,97,-1,0,97,91,-1,98,99,100,-1,100,99,101,-1,100,101,90,-1,90,101,102,-1,90,102,93,-1,90,103,104,-1,105,106,79,-1,79,106,107,-1,79,107,108,-1,108,109,79,-1,79,109,110,-1,79,110,111,-1,111,110,98,-1,111,98,112,-1,112,98,100,-1,92,113,0,-1,0,113,114,-1,0,114,79,-1,79,114,115,-1,79,115,105,-1,96,116,90,-1,90,116,117,-1,90,117,118,-1,118,119,90,-1,90,119,120,-1,90,120,103,-1,121,122,123,-1,121,123,124,-1,104,125,90,-1,90,125,126,-1,90,126,127,-1,127,126,128,-1,127,128,129,-1,130,131,132,-1,132,131,133,-1,132,133,134,-1,135,136,137,-1,137,136,132,-1,137,132,138,-1,138,132,134,-1,127,139,140,-1,129,141,127,-1,127,141,142,-1,127,142,139,-1,143,144,145,-1,145,144,127,-1,145,127,146,-1,146,127,140,-1,143,123,144,-1,144,123,122,-1,144,122,23,-1,23,122,147,-1,23,147,21,-1,148,149,135,-1,135,149,150,-1,135,150,136,-1,148,151,149,-1,149,151,152,-1,149,152,153,-1,154,155,156,-1,155,157,156,-1,156,157,158,-1,156,158,159,-1,131,156,160,-1,130,124,131,-1,131,124,123,-1,131,123,156,-1,156,123,161,-1,156,161,154,-1,160,162,131,-1,131,162,163,-1,131,163,164,-1,159,158,165,-1,165,158,166,-1,165,166,167,-1,167,166,168,-1,167,168,169,-1,170,171,164,-1,164,171,172,-1,164,172,131,-1,28,173,29,-1,29,173,174,-1,29,174,85,-1,85,174,175,-1,85,175,86,-1,176,177,178,-1,178,177,179,-1,178,179,180,-1,181,182,183,-1,184,185,186,-1,184,186,187,-1,188,189,190,-1,190,189,191,-1,190,191,192,-1,183,192,181,-1,181,192,191,-1,181,191,193,-1,194,195,196,-1,196,195,197,-1,196,197,186,-1,186,197,198,-1,186,198,187,-1,185,199,186,-1,186,199,200,-1,186,200,190,-1,190,200,201,-1,190,201,188,-1,189,202,191,-1,191,202,203,-1,191,203,204,-1,205,206,207,-1,207,206,208,-1,207,208,209,-1,210,211,194,-1,194,211,212,-1,194,212,195,-1,213,214,207,-1,207,214,215,-1,207,215,216,-1,217,205,218,-1,218,205,207,-1,218,207,219,-1,219,207,216,-1,219,216,20,-1,20,216,220,-1,20,220,18,-1,221,214,222,-1,222,214,213,-1,222,213,223,-1,223,213,224,-1,225,226,227,-1,228,229,230,-1,230,229,231,-1,232,233,234,-1,234,233,235,-1,236,237,238,-1,239,240,241,-1,241,242,243,-1,244,245,246,-1,246,245,235,-1,247,248,234,-1,234,248,249,-1,238,250,251,-1,252,253,236,-1,236,253,254,-1,236,254,255,-1,255,254,256,-1,257,258,256,-1,256,258,259,-1,256,259,255,-1,249,260,234,-1,234,260,261,-1,234,261,232,-1,240,262,241,-1,241,262,263,-1,241,263,242,-1,237,264,238,-1,238,264,265,-1,238,265,266,-1,243,267,241,-1,241,267,268,-1,241,268,238,-1,238,268,269,-1,238,269,236,-1,236,269,270,-1,236,270,252,-1,266,271,238,-1,238,271,272,-1,238,272,250,-1,273,274,275,-1,272,276,250,-1,250,276,277,-1,250,277,278,-1,279,280,256,-1,256,280,281,-1,256,281,282,-1,283,245,284,-1,273,275,244,-1,277,285,278,-1,278,285,283,-1,278,283,286,-1,286,283,284,-1,282,287,256,-1,256,287,288,-1,256,288,257,-1,275,289,244,-1,244,289,290,-1,244,290,245,-1,245,290,291,-1,245,291,284,-1,292,293,294,-1,294,293,295,-1,296,297,298,-1,299,300,298,-1,251,301,302,-1,302,301,303,-1,302,303,304,-1,305,306,17,-1,306,307,17,-1,17,307,308,-1,17,308,309,-1,304,310,302,-1,302,310,311,-1,302,311,296,-1,296,311,312,-1,296,312,297,-1,309,313,17,-1,17,313,314,-1,17,314,15,-1,315,316,317,-1,317,316,318,-1,317,318,319,-1,317,320,315,-1,315,320,321,-1,315,321,322,-1,322,323,315,-1,315,323,324,-1,315,324,325,-1,325,324,326,-1,325,326,327,-1,327,326,328,-1,327,328,298,-1,298,328,329,-1,298,329,299,-1,330,331,319,-1,319,331,332,-1,319,332,317,-1,333,334,274,-1,274,334,335,-1,274,335,275,-1,333,336,334,-1,334,336,337,-1,334,337,338,-1,338,337,339,-1,338,340,341,-1,339,342,338,-1,338,342,343,-1,338,343,344,-1,344,345,338,-1,338,345,346,-1,338,346,340,-1,341,347,338,-1,338,347,348,-1,338,348,349,-1,194,350,351,-1,352,353,351,-1,351,353,209,-1,351,209,194,-1,194,209,208,-1,194,208,210,-1,350,194,354,-1,354,194,355,-1,354,355,356,-1,353,357,209,-1,209,357,358,-1,209,358,359,-1,359,358,360,-1,359,360,361,-1,361,360,362,-1,361,362,356,-1,356,362,363,-1,356,363,354,-1,364,365,366,-1,366,365,367,-1,367,365,368,-1,368,365,369,-1,368,369,370,-1,370,369,371,-1,370,371,372,-1,373,374,359,-1,375,376,361,-1,374,377,359,-1,359,377,378,-1,359,378,371,-1,371,378,379,-1,371,379,372,-1,375,361,380,-1,366,381,364,-1,364,381,382,-1,364,382,361,-1,361,382,383,-1,361,383,380,-1,376,384,361,-1,361,384,385,-1,361,385,359,-1,359,385,386,-1,359,386,373,-1,387,388,389,-1,387,389,365,-1,365,389,390,-1,365,390,391,-1,392,393,394,-1,394,395,392,-1,392,395,396,-1,392,396,397,-1,391,390,14,-1,14,390,398,-1,14,398,12,-1,399,400,401,-1,388,387,402,-1,402,387,403,-1,402,403,399,-1,391,394,365,-1,365,394,393,-1,365,393,369,-1,369,393,404,-1,369,404,401,-1,401,404,405,-1,401,405,399,-1,406,407,408,-1,408,409,406,-1,406,409,410,-1,406,410,411,-1,412,413,414,-1,414,413,415,-1,412,416,413,-1,413,416,417,-1,413,417,418,-1,411,419,406,-1,406,419,420,-1,406,420,421,-1,421,422,406,-1,406,422,423,-1,406,423,424,-1,424,425,406,-1,406,425,426,-1,406,426,427,-1,427,428,406,-1,406,428,429,-1,406,429,413,-1,413,429,430,-1,413,430,415,-1,418,431,413,-1,413,431,432,-1,413,432,433,-1,434,435,436,-1,436,435,437,-1,434,438,435,-1,435,438,439,-1,435,439,440,-1,440,441,435,-1,435,441,442,-1,435,442,443,-1,433,444,413,-1,413,444,445,-1,413,445,446,-1,443,447,435,-1,435,447,448,-1,435,448,449,-1,450,451,452,-1,406,453,454,-1,449,455,435,-1,435,455,456,-1,435,456,457,-1,457,456,458,-1,457,458,459,-1,460,461,406,-1,406,461,462,-1,463,464,6,-1,6,464,465,-1,6,465,466,-1,467,468,452,-1,452,468,469,-1,452,469,470,-1,470,471,452,-1,452,471,472,-1,452,472,450,-1,454,473,406,-1,406,473,474,-1,406,474,475,-1,475,476,406,-1,406,476,477,-1,406,477,460,-1,478,407,479,-1,479,407,406,-1,479,406,480,-1,480,406,462,-1,459,481,457,-1,457,481,482,-1,457,482,6,-1,6,482,483,-1,6,483,463,-1,451,484,452,-1,452,484,485,-1,452,485,486,-1,486,487,452,-1,452,487,488,-1,452,488,406,-1,406,488,489,-1,406,489,453,-1,466,490,6,-1,6,490,491,-1,6,491,492,-1,492,491,493,-1,492,493,494,-1,494,495,492,-1,492,495,496,-1,492,496,452,-1,452,496,497,-1,452,497,467,-1,498,499,403,-1,403,499,500,-1,403,500,501,-1,502,503,400,-1,503,504,400,-1,400,504,505,-1,400,505,506,-1,507,508,502,-1,399,403,400,-1,400,403,501,-1,400,501,502,-1,502,501,509,-1,502,509,507,-1,508,510,502,-1,502,510,511,-1,502,511,512,-1,513,514,515,-1,512,516,502,-1,502,516,517,-1,502,517,518,-1,518,517,519,-1,519,517,515,-1,515,517,520,-1,515,520,513,-1,514,521,515,-1,515,521,522,-1,515,522,523,-1,523,524,515,-1,515,524,525,-1,515,525,526,-1,526,525,527,-1,10,528,529,-1,529,528,498,-1,529,498,530,-1,11,531,532,-1,532,533,11,-1,11,533,534,-1,11,534,9,-1,535,536,11,-1,11,536,537,-1,11,537,531,-1,538,539,540,-1,540,539,541,-1,540,541,535,-1,535,541,542,-1,535,542,536,-1,543,544,545,-1,544,546,545,-1,545,546,547,-1,545,547,548,-1,543,545,549,-1,549,545,238,-1,549,238,550,-1,251,302,238,-1,238,302,551,-1,238,551,550,-1,552,553,554,-1,554,553,555,-1,556,557,558,-1,558,557,559,-1,555,558,554,-1,554,558,559,-1,554,559,560,-1,560,559,561,-1,560,561,562,-1,563,295,564,-1,564,295,293,-1,564,293,565,-1,239,241,566,-1,566,241,565,-1,566,565,567,-1,567,565,233,-1,233,565,293,-1,233,293,235,-1,235,293,292,-1,235,292,246,-1,568,569,225,-1,225,569,570,-1,571,572,573,-1,225,574,568,-1,568,574,575,-1,568,575,576,-1,576,575,571,-1,576,571,577,-1,577,571,573,-1,578,579,17,-1,17,579,580,-1,300,305,298,-1,298,305,17,-1,298,17,296,-1,296,17,580,-1,296,580,574,-1,574,580,581,-1,574,581,575,-1,582,579,583,-1,583,579,578,-1,583,578,584,-1,585,586,587,-1,588,589,578,-1,578,589,590,-1,578,590,584,-1,563,564,16,-1,16,564,585,-1,16,585,17,-1,17,585,587,-1,17,587,578,-1,578,587,591,-1,578,591,592,-1,593,594,595,-1,595,594,596,-1,595,596,585,-1,585,596,597,-1,585,597,586,-1,592,598,578,-1,578,598,599,-1,578,599,588,-1,600,601,602,-1,600,602,603,-1,601,604,602,-1,602,604,605,-1,602,605,595,-1,595,605,606,-1,595,606,593,-1,607,75,608,-1,608,75,69,-1,608,69,609,-1,609,69,61,-1,609,61,610,-1,610,61,56,-1,610,56,611,-1,611,56,26,-1,611,26,612,-1,612,26,45,-1,612,45,613,-1,613,45,39,-1,540,614,29,-1,29,614,32,-1,29,32,27,-1,27,32,36,-1,614,615,32,-1,32,615,3,-1,32,3,535,-1,535,3,5,-1,535,5,540,-1,540,5,616,-1,540,616,614,-1,617,552,618,-1,618,552,554,-1,618,554,619,-1,619,554,540,-1,619,540,620,-1,620,540,29,-1,620,29,621,-1,621,29,85,-1,621,85,562,-1,562,85,0,-1,562,0,560,-1,560,0,2,-1,10,529,11,-1,11,529,622,-1,11,622,535,-1,535,622,40,-1,535,40,32,-1,32,40,42,-1,32,42,30,-1,2,565,560,-1,560,565,241,-1,560,241,554,-1,554,241,238,-1,554,238,540,-1,540,238,545,-1,540,545,538,-1,538,545,548,-1,224,213,623,-1,623,213,207,-1,623,207,624,-1,624,207,209,-1,624,209,625,-1,625,209,359,-1,625,359,227,-1,227,359,371,-1,227,371,225,-1,225,371,369,-1,225,369,574,-1,574,369,401,-1,574,401,296,-1,296,401,400,-1,296,400,302,-1,302,400,506,-1,302,506,551,-1,626,602,627,-1,627,602,595,-1,627,595,628,-1,628,595,585,-1,628,585,629,-1,629,585,564,-1,629,564,630,-1,630,564,565,-1,630,565,631,-1,631,565,2,-1,631,2,632,-1,632,2,1,-1,632,1,72,-1,72,1,84,-1,72,84,73,-1,633,626,634,-1,634,626,627,-1,634,627,635,-1,635,627,628,-1,635,628,636,-1,636,628,629,-1,636,629,637,-1,637,629,630,-1,637,630,638,-1,638,630,631,-1,638,631,639,-1,639,631,632,-1,639,632,640,-1,640,632,72,-1,640,72,413,-1,413,72,75,-1,413,75,406,-1,406,75,607,-1,406,607,452,-1,219,228,218,-1,218,228,230,-1,218,230,641,-1,642,633,643,-1,643,633,634,-1,643,634,644,-1,644,634,635,-1,644,635,645,-1,645,635,636,-1,645,636,646,-1,646,636,637,-1,646,637,647,-1,647,637,638,-1,647,638,648,-1,648,638,639,-1,648,639,649,-1,649,639,640,-1,649,640,650,-1,650,640,413,-1,650,413,435,-1,435,413,446,-1,435,446,437,-1,498,403,530,-1,530,403,387,-1,530,387,651,-1,651,387,365,-1,651,365,652,-1,652,365,364,-1,652,364,653,-1,653,364,361,-1,653,361,654,-1,654,361,356,-1,654,356,655,-1,655,356,355,-1,655,355,656,-1,204,217,191,-1,191,217,218,-1,191,218,657,-1,657,218,641,-1,657,641,658,-1,196,177,194,-1,194,177,176,-1,194,176,355,-1,355,176,659,-1,355,659,656,-1,656,659,660,-1,179,193,180,-1,180,193,191,-1,180,191,661,-1,661,191,657,-1,661,657,662,-1,662,657,658,-1,662,658,663,-1,664,665,666,-1,667,668,664,-1,669,670,671,-1,672,673,663,-1,663,673,674,-1,663,674,675,-1,676,677,665,-1,663,678,679,-1,679,678,680,-1,679,680,681,-1,670,682,671,-1,671,682,683,-1,671,683,684,-1,675,685,663,-1,663,685,686,-1,663,686,687,-1,664,688,665,-1,665,688,689,-1,665,689,690,-1,668,691,664,-1,664,691,692,-1,664,692,693,-1,694,695,671,-1,687,696,663,-1,663,696,697,-1,663,697,678,-1,690,698,665,-1,665,698,699,-1,665,699,700,-1,700,701,665,-1,665,701,702,-1,665,702,676,-1,666,703,664,-1,664,703,704,-1,664,704,705,-1,705,706,664,-1,664,706,707,-1,664,707,667,-1,708,709,710,-1,710,709,711,-1,710,711,712,-1,713,714,642,-1,642,714,715,-1,642,715,716,-1,716,717,642,-1,642,717,718,-1,642,718,719,-1,695,720,671,-1,671,720,721,-1,671,721,669,-1,722,723,663,-1,663,723,724,-1,663,724,672,-1,725,726,727,-1,727,726,728,-1,727,728,677,-1,677,728,729,-1,677,729,665,-1,681,730,679,-1,679,730,731,-1,679,731,710,-1,710,731,732,-1,710,732,708,-1,719,733,642,-1,642,733,734,-1,642,734,735,-1,684,736,671,-1,671,736,737,-1,671,737,693,-1,693,737,738,-1,693,738,664,-1,226,225,231,-1,231,225,570,-1,231,570,230,-1,230,570,739,-1,230,739,641,-1,641,739,740,-1,641,740,658,-1,658,740,671,-1,658,671,663,-1,663,671,693,-1,663,693,722,-1,712,741,710,-1,710,741,742,-1,710,742,743,-1,735,744,642,-1,642,744,745,-1,642,745,746,-1,747,748,671,-1,671,748,749,-1,671,749,694,-1,743,750,710,-1,710,750,751,-1,710,751,642,-1,642,751,752,-1,642,752,713,-1,569,603,570,-1,570,603,602,-1,570,602,739,-1,739,602,626,-1,739,626,740,-1,740,626,633,-1,740,633,671,-1,671,633,642,-1,671,642,747,-1,747,642,746,-1,6,8,457,-1,457,8,753,-1,457,753,435,-1,435,753,754,-1,435,754,650,-1,650,754,755,-1,650,755,649,-1,649,755,756,-1,649,756,648,-1,648,756,757,-1,648,757,647,-1,647,757,758,-1,647,758,646,-1,646,758,759,-1,646,759,645,-1,645,759,760,-1,645,760,644,-1,644,760,761,-1,644,761,643,-1,643,761,762,-1,643,762,642,-1,642,762,763,-1,642,763,710,-1,764,765,766,-1,765,767,768,-1,769,770,771,-1,772,773,774,-1,775,776,777,-1,777,776,778,-1,777,778,779,-1,780,781,782,-1,782,781,783,-1,779,784,777,-1,777,784,785,-1,777,785,786,-1,786,787,777,-1,777,787,788,-1,777,788,789,-1,790,791,792,-1,792,791,793,-1,775,777,794,-1,794,777,792,-1,794,792,766,-1,766,792,793,-1,766,793,795,-1,773,796,774,-1,774,796,797,-1,774,797,798,-1,783,799,782,-1,782,799,800,-1,782,800,801,-1,801,802,782,-1,782,802,803,-1,782,803,804,-1,804,805,782,-1,782,805,768,-1,782,768,806,-1,806,768,807,-1,766,765,808,-1,771,764,769,-1,769,764,766,-1,769,766,809,-1,809,766,795,-1,809,795,810,-1,810,795,811,-1,812,813,814,-1,815,816,774,-1,774,816,817,-1,773,818,796,-1,796,818,819,-1,796,819,820,-1,820,821,796,-1,796,821,822,-1,796,822,823,-1,798,824,774,-1,774,824,825,-1,774,825,826,-1,826,827,774,-1,774,827,828,-1,774,828,782,-1,782,828,829,-1,782,829,780,-1,805,830,768,-1,768,830,831,-1,768,831,765,-1,765,831,832,-1,765,832,808,-1,813,833,814,-1,814,833,834,-1,814,834,835,-1,817,836,774,-1,774,836,837,-1,774,837,838,-1,838,839,774,-1,774,839,840,-1,774,840,841,-1,841,842,774,-1,774,842,843,-1,774,843,844,-1,844,845,774,-1,774,845,846,-1,774,846,772,-1,823,847,796,-1,796,847,848,-1,796,848,849,-1,849,848,850,-1,835,851,814,-1,814,851,852,-1,814,852,853,-1,854,855,856,-1,856,855,850,-1,856,850,857,-1,857,850,848,-1,858,789,859,-1,789,858,777,-1,777,858,860,-1,777,860,861,-1,859,862,858,-1,858,862,863,-1,858,863,814,-1,814,863,864,-1,814,864,812,-1,853,865,814,-1,814,865,866,-1,814,866,867,-1,867,868,814,-1,814,868,869,-1,814,869,774,-1,774,869,870,-1,774,870,815,-1,871,872,873,-1,874,875,876,-1,876,875,877,-1,878,879,880,-1,881,882,883,-1,883,882,884,-1,883,884,885,-1,886,878,887,-1,887,878,880,-1,887,880,888,-1,888,880,889,-1,885,890,883,-1,883,890,891,-1,883,891,877,-1,892,893,894,-1,894,893,876,-1,894,876,895,-1,895,876,877,-1,895,877,896,-1,896,877,891,-1,897,898,899,-1,899,898,900,-1,899,900,884,-1,884,900,901,-1,884,901,885,-1,902,903,904,-1,905,906,879,-1,879,906,907,-1,908,909,910,-1,910,909,911,-1,912,913,914,-1,907,915,879,-1,879,915,916,-1,879,916,917,-1,917,918,879,-1,879,918,919,-1,879,919,920,-1,920,921,879,-1,879,921,922,-1,879,922,923,-1,879,924,910,-1,910,924,925,-1,925,926,910,-1,910,926,927,-1,910,927,908,-1,928,929,930,-1,930,929,931,-1,930,931,904,-1,904,931,932,-1,904,932,902,-1,873,893,871,-1,871,893,892,-1,871,892,878,-1,878,892,933,-1,878,933,934,-1,923,935,879,-1,879,935,936,-1,879,936,924,-1,911,937,910,-1,910,937,938,-1,910,938,939,-1,903,940,904,-1,904,940,941,-1,904,941,942,-1,942,943,904,-1,904,943,944,-1,904,944,945,-1,934,946,878,-1,878,946,947,-1,878,947,948,-1,948,949,878,-1,878,949,950,-1,878,950,951,-1,952,953,954,-1,954,953,904,-1,954,904,955,-1,955,904,945,-1,939,956,910,-1,910,956,957,-1,910,957,958,-1,913,959,914,-1,914,959,897,-1,914,897,960,-1,960,897,899,-1,960,899,961,-1,928,962,929,-1,929,962,963,-1,929,963,964,-1,965,966,929,-1,967,968,879,-1,879,968,969,-1,879,969,905,-1,958,970,910,-1,910,970,971,-1,910,971,914,-1,914,971,972,-1,914,972,912,-1,964,973,929,-1,929,973,974,-1,929,974,965,-1,965,974,975,-1,965,975,968,-1,968,975,976,-1,968,976,969,-1,951,977,878,-1,878,977,978,-1,878,978,879,-1,879,978,979,-1,879,979,967,-1,980,981,982,-1,983,984,985,-1,985,984,986,-1,987,988,989,-1,989,988,990,-1,991,992,993,-1,994,995,996,-1,996,995,997,-1,996,997,998,-1,998,997,999,-1,1000,1001,1002,-1,1002,1001,986,-1,1002,986,1003,-1,1003,986,984,-1,1004,1005,1006,-1,1006,1005,1007,-1,1006,1007,1008,-1,1008,1007,981,-1,1008,981,1009,-1,1010,1009,1011,-1,1011,1009,1012,-1,1010,1013,1009,-1,1009,1013,1014,-1,1009,1014,1008,-1,1015,1016,982,-1,982,1016,1017,-1,982,1017,1018,-1,1018,1019,982,-1,982,1019,1020,-1,982,1020,980,-1,1021,1022,1023,-1,1023,1022,1024,-1,1025,1026,1027,-1,1028,1029,1030,-1,1030,991,1028,-1,1028,991,993,-1,1028,993,1000,-1,1000,993,1031,-1,1000,1031,1001,-1,992,1032,993,-1,993,1032,1023,-1,993,1023,1033,-1,1033,1023,1024,-1,1034,1035,1015,-1,1015,1035,1036,-1,1015,1036,1037,-1,990,1027,989,-1,989,1027,1038,-1,989,1038,1039,-1,1040,1041,1042,-1,1042,1041,1043,-1,1042,1043,1044,-1,1044,1043,1045,-1,1026,1046,1027,-1,1027,1046,1047,-1,1027,1047,1048,-1,1049,1050,1051,-1,1051,1050,1052,-1,1050,1053,1052,-1,1052,1053,1054,-1,1052,1054,1055,-1,1055,1054,982,-1,1055,982,1056,-1,1056,982,981,-1,1056,981,1042,-1,1042,981,1007,-1,1042,1007,1040,-1,1021,1023,1057,-1,1057,1023,1058,-1,1057,1058,1059,-1,1060,1061,1062,-1,1063,1064,997,-1,997,1064,1065,-1,997,1065,999,-1,1066,1067,1068,-1,1068,1067,1069,-1,1070,1071,1068,-1,1068,1071,1072,-1,1068,1072,1073,-1,1062,1061,1015,-1,1015,1061,996,-1,1015,996,1034,-1,1048,1047,1028,-1,1028,1047,1074,-1,1028,1074,1029,-1,1015,982,1059,-1,1059,982,1075,-1,1059,1075,1057,-1,1025,1027,1076,-1,1076,1027,990,-1,1076,990,997,-1,997,990,1077,-1,997,1077,1063,-1,1039,1078,989,-1,989,1078,1079,-1,989,1079,1080,-1,1069,1081,1082,-1,1061,1083,996,-1,996,1083,1084,-1,996,1084,1085,-1,1080,1086,989,-1,989,1086,1087,-1,989,1087,1068,-1,1068,1087,1088,-1,1068,1088,1066,-1,1062,1089,1060,-1,1060,1089,1090,-1,1060,1090,1091,-1,1091,1090,1092,-1,1085,1093,996,-1,996,1093,1094,-1,996,1094,994,-1,1095,1096,1068,-1,1068,1096,1097,-1,1068,1097,1070,-1,1073,1098,1068,-1,1068,1098,1099,-1,1068,1099,1100,-1,1100,1099,1101,-1,1100,1101,1102,-1,1103,1104,1105,-1,1069,1082,1068,-1,1068,1082,1106,-1,1068,1106,1095,-1,1105,1107,1103,-1,1103,1107,1108,-1,1103,1108,1109,-1,1109,1108,1110,-1,1109,1110,1069,-1,1069,1110,1111,-1,1069,1111,1081,-1,1112,1113,1114,-1,1114,1113,1115,-1,1116,1117,1118,-1,1118,1117,1119,-1,1120,1121,1122,-1,1122,1121,1123,-1,1122,1123,1124,-1,1125,1126,1127,-1,1117,1128,1129,-1,1129,1128,1130,-1,1131,1132,1115,-1,1115,1132,1133,-1,1115,1133,1114,-1,1114,1133,1134,-1,1114,1134,1135,-1,1125,1127,1136,-1,1118,1137,1138,-1,1037,1139,1015,-1,1015,1139,1140,-1,1015,1140,1016,-1,1016,1140,1129,-1,1016,1129,1141,-1,1141,1129,1142,-1,1141,1142,1143,-1,1143,1142,1144,-1,1143,1144,1145,-1,1145,1144,1136,-1,1145,1136,1146,-1,1146,1136,1127,-1,1147,1148,1149,-1,1138,1150,1118,-1,1118,1150,1151,-1,1118,1151,1116,-1,1152,1130,1153,-1,1153,1130,1154,-1,1152,1155,1130,-1,1130,1155,1156,-1,1130,1156,1129,-1,1157,1158,1159,-1,1159,1158,1160,-1,1159,1160,1122,-1,1122,1160,1161,-1,1122,1161,1120,-1,1148,1162,1149,-1,1149,1162,1163,-1,1149,1163,1164,-1,1164,1163,1165,-1,1117,1129,1119,-1,1119,1129,1140,-1,1119,1140,1166,-1,1166,1140,1135,-1,1166,1135,1165,-1,1165,1135,1134,-1,1165,1134,1164,-1,1124,1167,1122,-1,1122,1167,1168,-1,1122,1168,1169,-1,1170,1171,1115,-1,1115,1171,1172,-1,1115,1172,1173,-1,1169,1174,1122,-1,1122,1174,1175,-1,1122,1175,1115,-1,1115,1175,1176,-1,1115,1176,1170,-1,1173,1177,1115,-1,1115,1177,1178,-1,1115,1178,1179,-1,1126,1180,1127,-1,1127,1180,1181,-1,1127,1181,1149,-1,1149,1181,1182,-1,1149,1182,1147,-1,1183,1184,1185,-1,1186,1187,1115,-1,1115,1187,1188,-1,1115,1188,1131,-1,1185,1189,1183,-1,1183,1189,1190,-1,1183,1190,1191,-1,1191,1190,1192,-1,1191,1192,1172,-1,1172,1192,1193,-1,1172,1193,1173,-1,1186,1115,1194,-1,1194,1115,1179,-1,1194,1179,1195,-1,1196,1197,1143,-1,1143,1197,1198,-1,1143,1198,1141,-1,1143,1199,1196,-1,1196,1199,1200,-1,1196,1200,1201,-1,1202,1203,1204,-1,1203,1205,1204,-1,1204,1205,1206,-1,1204,1206,1159,-1,1159,1206,1207,-1,1159,1207,1157,-1,1201,1208,1196,-1,1196,1208,1209,-1,1196,1209,1204,-1,1204,1209,1210,-1,1204,1210,1202,-1,1211,1212,1213,-1,1102,1214,1100,-1,1100,1214,1215,-1,1100,1215,1211,-1,1211,1215,1216,-1,1211,1216,1212,-1,1217,1218,1219,-1,983,1004,984,-1,984,1004,1006,-1,984,1006,1220,-1,1220,1006,1219,-1,1220,1219,1221,-1,1221,1219,1218,-1,1213,1222,1211,-1,1211,1222,1223,-1,1211,1223,1219,-1,1219,1223,1224,-1,1219,1224,1217,-1,914,1196,910,-1,910,1196,1204,-1,910,1204,1225,-1,1225,1204,1226,-1,1225,1226,1227,-1,1227,1226,1228,-1,1227,1228,1229,-1,1229,1228,1230,-1,1229,1230,1231,-1,1231,1230,1232,-1,1231,1232,1233,-1,1233,1232,1234,-1,1233,1234,1235,-1,1235,1234,1236,-1,1235,1236,1237,-1,1237,1236,1238,-1,1237,1238,1239,-1,1239,1238,1240,-1,1239,1240,1241,-1,1241,1240,1242,-1,1241,1242,1243,-1,1243,1242,1244,-1,1243,1244,1245,-1,1245,1244,1246,-1,1245,1246,1247,-1,1247,1246,1248,-1,1247,1248,1249,-1,1249,1248,1250,-1,1249,1250,1251,-1,1251,1250,1252,-1,1251,1252,7,-1,7,1252,1253,-1,7,1253,8,-1,1219,858,1211,-1,1211,858,814,-1,1211,814,1254,-1,1254,814,1255,-1,1254,1255,1256,-1,1256,1255,1257,-1,1256,1257,1258,-1,1258,1257,1259,-1,1258,1259,1260,-1,1260,1259,1261,-1,1260,1261,1262,-1,1262,1261,1263,-1,1262,1263,1264,-1,1264,1263,1265,-1,1264,1265,1266,-1,1266,1265,1267,-1,1266,1267,1268,-1,1268,1267,1269,-1,1268,1269,1270,-1,1270,1269,1271,-1,1270,1271,1272,-1,1272,1271,1273,-1,1272,1273,1274,-1,1274,1273,1275,-1,1274,1275,1276,-1,1276,1275,1277,-1,1276,1277,1278,-1,1278,1277,1279,-1,1278,1279,1280,-1,1280,1279,1281,-1,1280,1281,1282,-1,1282,1281,763,-1,763,762,1282,-1,1282,762,761,-1,1282,761,1253,-1,761,760,1253,-1,1253,760,759,-1,1253,759,758,-1,755,754,1253,-1,1253,754,753,-1,1253,753,8,-1,758,757,1253,-1,1253,757,756,-1,1253,756,755,-1,1283,1284,1285,-1,1285,1284,1286,-1,1287,1288,1289,-1,1289,1290,1287,-1,1287,1290,1291,-1,1287,1291,1292,-1,1292,1291,1293,-1,1292,1293,1294,-1,1293,1295,1294,-1,1294,1295,1296,-1,1294,1296,1297,-1,1297,1296,1298,-1,1297,1298,1299,-1,1299,1298,1300,-1,1300,1298,1301,-1,1300,1301,1302,-1,1302,1301,1303,-1,1302,1303,1304,-1,1304,1303,1305,-1,1304,1305,1306,-1,1306,1305,1307,-1,1306,1307,1308,-1,1308,1307,1309,-1,1308,1309,1310,-1,1311,1312,1313,-1,1313,1312,1314,-1,1315,1316,1317,-1,1317,1318,1315,-1,1315,1318,1319,-1,1315,1319,1320,-1,1320,1319,1321,-1,1320,1321,1322,-1,1321,1323,1322,-1,1322,1323,1324,-1,1322,1324,1325,-1,1325,1324,1326,-1,1325,1326,1327,-1,1327,1326,1328,-1,1328,1326,1329,-1,1328,1329,1330,-1,1330,1329,1331,-1,1330,1331,1332,-1,1332,1331,1333,-1,1332,1333,1334,-1,1334,1333,1335,-1,1334,1335,1336,-1,1336,1335,1337,-1,1336,1337,1338,-1,1339,1317,1340,-1,1340,1317,1316,-1,1339,1341,1317,-1,1317,1341,1342,-1,1317,1342,1343,-1,1343,1344,1317,-1,1317,1344,1345,-1,1317,1345,1346,-1,1346,1347,1317,-1,1317,1347,1348,-1,1317,1348,1349,-1,1350,1351,1317,-1,1317,1351,1352,-1,1317,1352,1353,-1,1353,1354,1317,-1,1317,1354,1355,-1,1317,1355,1356,-1,1349,1357,1317,-1,1317,1357,1358,-1,1317,1358,1359,-1,1359,1360,1317,-1,1317,1360,1361,-1,1317,1361,1350,-1,1362,1363,1364,-1,1356,1362,1317,-1,1317,1362,1364,-1,1317,1364,1365,-1,1365,1364,1366,-1,1367,1368,1369,-1,1370,1371,1288,-1,1288,1371,1372,-1,1372,1373,1288,-1,1288,1373,1374,-1,1288,1374,1375,-1,1376,1377,1369,-1,1369,1377,1378,-1,1369,1378,1379,-1,1376,1369,1288,-1,1288,1369,1380,-1,1288,1380,1381,-1,1375,1382,1288,-1,1288,1382,1383,-1,1288,1383,1289,-1,1379,1384,1369,-1,1369,1384,1385,-1,1369,1385,1367,-1,1367,1385,1386,-1,1381,1387,1288,-1,1288,1387,1388,-1,1288,1388,1389,-1,1389,1390,1288,-1,1288,1390,1391,-1,1288,1391,1392,-1,1392,1393,1288,-1,1288,1393,1394,-1,1288,1394,1370,-1,1395,1396,1397,-1,1395,1397,1398,-1,1398,1397,1399,-1,1398,1399,1400,-1,1400,1399,1401,-1,1400,1401,1402,-1,1402,1401,1403,-1,1402,1403,1404,-1,1404,1403,1405,-1,1404,1405,1406,-1,1406,1405,1407,-1,1406,1407,1408,-1,1408,1407,1409,-1,1408,1409,1410,-1,1410,1409,1411,-1,1410,1411,1412,-1,1412,1411,1413,-1,1412,1413,1414,-1,1414,1413,1415,-1,1414,1415,1416,-1,1416,1415,1417,-1,1416,1417,1418,-1,1418,1417,1419,-1,1418,1419,1420,-1,1420,1419,1283,-1,1420,1283,1285,-1,1404,1406,1421,-1,1406,1408,1421,-1,1421,1408,1410,-1,1421,1410,1412,-1,1422,1423,1421,-1,1421,1423,1424,-1,1425,1426,1427,-1,1412,1414,1421,-1,1421,1414,1416,-1,1421,1416,1418,-1,1424,1428,1421,-1,1421,1428,1429,-1,1421,1429,1430,-1,1430,1431,1421,-1,1421,1431,1425,-1,1421,1425,1432,-1,1432,1425,1427,-1,1398,1421,1395,-1,1395,1421,1433,-1,1398,1400,1421,-1,1421,1400,1402,-1,1421,1402,1404,-1,1418,1420,1421,-1,1421,1420,1285,-1,1421,1285,1286,-1,1286,1434,1421,-1,1421,1434,1435,-1,1421,1435,1422,-1,1286,1284,1434,-1,1434,1284,1436,-1,1434,1436,1435,-1,1435,1436,1437,-1,1435,1437,1422,-1,1422,1437,1438,-1,1422,1438,1423,-1,1423,1438,1439,-1,1423,1439,1424,-1,1424,1439,1440,-1,1424,1440,1428,-1,1428,1440,1441,-1,1428,1441,1429,-1,1429,1441,1442,-1,1429,1442,1430,-1,1430,1442,1443,-1,1430,1443,1431,-1,1431,1443,1444,-1,1431,1444,1425,-1,1425,1444,1445,-1,1425,1445,1426,-1,1426,1445,1446,-1,1426,1446,1427,-1,1446,1447,1427,-1,1427,1447,1448,-1,1427,1448,1432,-1,1449,1450,1451,-1,1451,1450,1452,-1,1453,1454,1455,-1,1433,1421,1455,-1,1455,1421,1456,-1,1455,1456,1453,-1,1454,1453,1457,-1,1457,1453,1458,-1,1457,1458,1459,-1,1459,1458,1460,-1,1459,1460,1461,-1,1460,1462,1461,-1,1461,1462,1463,-1,1461,1463,1464,-1,1464,1463,1465,-1,1464,1465,1466,-1,1466,1465,1452,-1,1466,1452,1450,-1,1444,1443,1467,-1,1467,1443,1442,-1,1467,1442,1441,-1,1447,1467,1448,-1,1448,1467,1468,-1,1447,1446,1467,-1,1467,1446,1445,-1,1467,1445,1444,-1,1441,1440,1467,-1,1467,1440,1439,-1,1467,1439,1438,-1,1417,1415,1467,-1,1467,1415,1413,-1,1467,1413,1411,-1,1411,1409,1467,-1,1467,1409,1407,-1,1467,1407,1405,-1,1403,1401,1399,-1,1405,1403,1467,-1,1467,1403,1399,-1,1467,1399,1396,-1,1396,1399,1397,-1,1438,1437,1467,-1,1467,1437,1436,-1,1467,1436,1284,-1,1284,1283,1467,-1,1467,1283,1419,-1,1467,1419,1417,-1,1469,1310,1470,-1,1470,1310,1309,-1,1471,1472,1473,-1,1473,1474,1471,-1,1471,1474,1475,-1,1471,1475,1476,-1,1476,1475,1477,-1,1476,1477,1478,-1,1478,1477,1479,-1,1478,1479,1480,-1,1480,1479,1481,-1,1480,1481,1482,-1,1482,1481,1483,-1,1482,1483,1484,-1,1484,1483,1485,-1,1484,1485,1486,-1,1486,1485,1487,-1,1486,1487,1488,-1,1488,1487,1489,-1,1488,1489,1490,-1,1490,1489,1491,-1,1490,1491,1492,-1,1492,1491,1493,-1,1492,1493,1494,-1,1494,1493,1495,-1,1494,1495,1496,-1,1496,1495,1314,-1,1496,1314,1312,-1,1480,1482,1497,-1,1482,1484,1497,-1,1497,1484,1486,-1,1497,1486,1488,-1,1498,1499,1497,-1,1497,1499,1500,-1,1497,1500,1501,-1,1488,1490,1497,-1,1497,1490,1492,-1,1497,1492,1494,-1,1501,1502,1497,-1,1497,1502,1503,-1,1497,1503,1504,-1,1471,1497,1472,-1,1472,1497,1505,-1,1471,1476,1497,-1,1497,1476,1478,-1,1497,1478,1480,-1,1494,1496,1497,-1,1497,1496,1312,-1,1497,1312,1311,-1,1503,1506,1507,-1,1311,1508,1497,-1,1497,1508,1509,-1,1497,1509,1498,-1,1504,1503,1510,-1,1510,1503,1507,-1,1510,1507,1511,-1,1512,1504,1513,-1,1513,1504,1510,-1,1513,1510,1514,-1,1514,1510,1511,-1,1514,1511,1515,-1,1515,1511,1507,-1,1515,1507,1516,-1,1516,1507,1506,-1,1516,1506,1517,-1,1517,1506,1503,-1,1517,1503,1518,-1,1518,1503,1502,-1,1518,1502,1519,-1,1519,1502,1501,-1,1519,1501,1520,-1,1520,1501,1500,-1,1520,1500,1521,-1,1521,1500,1499,-1,1521,1499,1522,-1,1522,1499,1498,-1,1522,1498,1523,-1,1498,1509,1523,-1,1523,1509,1508,-1,1523,1508,1524,-1,1524,1508,1311,-1,1524,1311,1313,-1,1473,1525,1491,-1,1491,1525,1493,-1,1513,1525,1512,-1,1512,1525,1526,-1,1513,1514,1525,-1,1525,1514,1515,-1,1525,1515,1516,-1,1516,1517,1525,-1,1525,1517,1518,-1,1525,1518,1519,-1,1489,1487,1475,-1,1519,1520,1525,-1,1525,1520,1521,-1,1525,1521,1522,-1,1522,1523,1525,-1,1525,1523,1524,-1,1525,1524,1313,-1,1313,1314,1525,-1,1525,1314,1495,-1,1525,1495,1493,-1,1483,1481,1479,-1,1489,1475,1491,-1,1491,1475,1474,-1,1491,1474,1473,-1,1477,1475,1479,-1,1479,1475,1487,-1,1479,1487,1483,-1,1483,1487,1485,-1,1527,1528,1529,-1,1527,1529,1530,-1,1530,1529,1531,-1,1530,1531,1532,-1,1532,1531,1533,-1,1532,1533,1534,-1,1534,1533,1535,-1,1535,1533,1536,-1,1535,1536,1537,-1,1537,1536,1538,-1,1537,1538,1539,-1,1540,1526,1525,-1,1538,1541,1539,-1,1539,1541,1540,-1,1539,1540,1542,-1,1542,1540,1525,-1,1527,1543,1528,-1,1528,1543,1544,-1,1545,1338,1546,-1,1546,1338,1337,-1,1547,1548,1549,-1,1549,1548,1550,-1,1547,1551,1548,-1,1548,1551,1552,-1,1548,1552,1553,-1,1554,1555,1548,-1,1556,1557,1548,-1,1548,1557,1558,-1,1548,1558,1559,-1,1559,1560,1548,-1,1548,1560,1561,-1,1548,1561,1562,-1,1561,1563,1564,-1,1565,1566,1548,-1,1548,1566,1567,-1,1548,1567,1556,-1,1562,1561,1568,-1,1568,1561,1564,-1,1568,1564,1569,-1,1553,1570,1548,-1,1548,1570,1571,-1,1548,1571,1572,-1,1572,1573,1548,-1,1548,1573,1574,-1,1548,1574,1554,-1,1555,1575,1548,-1,1548,1575,1576,-1,1548,1576,1565,-1,1360,1359,1576,-1,1576,1359,1565,-1,1577,1578,1579,-1,1580,1581,1579,-1,1581,1582,1579,-1,1579,1582,1583,-1,1579,1583,1584,-1,1585,1586,1587,-1,1584,1588,1579,-1,1579,1588,1589,-1,1579,1589,1590,-1,1590,1591,1579,-1,1579,1591,1592,-1,1579,1592,1577,-1,1593,1594,1579,-1,1579,1594,1595,-1,1579,1595,1596,-1,1593,1597,1594,-1,1594,1597,1598,-1,1594,1598,1599,-1,1600,1601,1579,-1,1579,1601,1602,-1,1579,1602,1580,-1,1603,1594,1587,-1,1587,1594,1599,-1,1587,1599,1585,-1,1585,1599,1604,-1,1596,1605,1579,-1,1579,1605,1606,-1,1579,1606,1600,-1,1389,1388,1606,-1,1606,1388,1600,-1,1449,1607,1608,-1,1396,1395,1467,-1,1467,1395,1433,-1,1467,1433,1609,-1,1609,1433,1455,-1,1609,1455,1610,-1,1455,1454,1610,-1,1610,1454,1457,-1,1610,1457,1611,-1,1611,1457,1459,-1,1611,1459,1612,-1,1612,1459,1461,-1,1612,1461,1613,-1,1613,1461,1464,-1,1613,1464,1614,-1,1614,1464,1466,-1,1614,1466,1615,-1,1615,1466,1450,-1,1615,1450,1616,-1,1616,1450,1449,-1,1616,1449,1617,-1,1617,1449,1608,-1,1618,1619,1620,-1,1620,1619,1451,-1,1620,1451,1621,-1,1621,1451,1452,-1,1621,1452,1622,-1,1432,1448,1421,-1,1421,1448,1468,-1,1421,1468,1456,-1,1456,1468,1623,-1,1456,1623,1453,-1,1453,1623,1624,-1,1453,1624,1458,-1,1458,1624,1625,-1,1458,1625,1460,-1,1460,1625,1626,-1,1460,1626,1462,-1,1462,1626,1627,-1,1622,1452,1628,-1,1628,1452,1465,-1,1628,1465,1627,-1,1627,1465,1463,-1,1627,1463,1462,-1,1612,1613,1627,-1,1627,1613,1614,-1,1627,1614,1628,-1,1628,1614,1615,-1,1628,1615,1622,-1,1609,1610,1624,-1,1612,1627,1611,-1,1611,1627,1626,-1,1611,1626,1610,-1,1610,1626,1625,-1,1610,1625,1624,-1,1624,1623,1609,-1,1609,1623,1468,-1,1609,1468,1467,-1,1629,1630,1631,-1,1632,1633,1634,-1,1634,1635,1632,-1,1632,1635,1636,-1,1632,1636,1637,-1,1637,1636,1638,-1,1637,1638,1639,-1,1639,1638,1640,-1,1639,1640,1641,-1,1641,1640,1642,-1,1641,1642,1643,-1,1643,1642,1644,-1,1643,1644,1645,-1,1645,1644,1646,-1,1647,1629,1648,-1,1648,1629,1631,-1,1648,1631,1649,-1,1649,1631,1650,-1,1649,1650,1651,-1,1651,1650,1652,-1,1651,1652,1653,-1,1653,1652,1654,-1,1653,1654,1655,-1,1655,1654,1656,-1,1655,1656,1646,-1,1646,1656,1657,-1,1646,1657,1645,-1,1658,1659,1660,-1,1660,1659,1661,-1,1660,1661,1662,-1,1662,1661,1663,-1,1662,1663,1664,-1,1664,1663,1665,-1,1664,1665,1666,-1,1666,1665,1667,-1,1666,1667,1668,-1,1668,1667,1669,-1,1668,1669,1670,-1,1671,1630,1629,-1,1669,1672,1670,-1,1670,1672,1673,-1,1670,1673,1674,-1,1674,1673,1675,-1,1674,1675,1676,-1,1676,1675,1677,-1,1676,1677,1678,-1,1678,1677,1679,-1,1678,1679,1680,-1,1680,1679,1681,-1,1680,1681,1682,-1,1682,1681,1671,-1,1682,1671,1683,-1,1683,1671,1629,-1,1683,1629,1647,-1,1677,1675,1684,-1,1684,1675,1673,-1,1667,1665,1684,-1,1684,1665,1663,-1,1663,1661,1684,-1,1684,1661,1659,-1,1684,1659,1685,-1,1677,1684,1679,-1,1679,1684,1633,-1,1679,1633,1632,-1,1673,1672,1684,-1,1684,1672,1669,-1,1684,1669,1667,-1,1639,1652,1650,-1,1650,1631,1639,-1,1639,1631,1630,-1,1639,1630,1671,-1,1632,1637,1679,-1,1679,1637,1639,-1,1679,1639,1681,-1,1681,1639,1671,-1,1657,1656,1645,-1,1645,1656,1643,-1,1639,1641,1652,-1,1652,1641,1643,-1,1652,1643,1654,-1,1654,1643,1656,-1,1686,1687,1658,-1,1635,1634,1674,-1,1674,1634,1686,-1,1674,1686,1670,-1,1644,1642,1640,-1,1658,1660,1686,-1,1686,1660,1662,-1,1686,1662,1664,-1,1664,1666,1686,-1,1686,1666,1668,-1,1686,1668,1670,-1,1678,1680,1636,-1,1636,1680,1682,-1,1636,1682,1683,-1,1635,1674,1636,-1,1636,1674,1676,-1,1636,1676,1678,-1,1647,1640,1683,-1,1683,1640,1638,-1,1683,1638,1636,-1,1647,1648,1640,-1,1640,1648,1649,-1,1640,1649,1651,-1,1651,1653,1640,-1,1640,1653,1655,-1,1640,1655,1644,-1,1644,1655,1646,-1,1469,1470,1688,-1,1688,1470,1689,-1,1688,1689,1690,-1,1691,1692,1693,-1,1690,1689,1694,-1,1694,1689,1695,-1,1694,1695,1696,-1,1696,1695,1697,-1,1696,1697,1693,-1,1693,1697,1698,-1,1693,1698,1691,-1,1692,1691,952,-1,952,1691,1699,-1,952,1699,953,-1,878,1700,871,-1,871,1700,1701,-1,893,1702,876,-1,876,1702,1703,-1,877,1704,883,-1,883,1704,1705,-1,884,1706,899,-1,899,1706,1707,-1,1708,1709,1710,-1,1710,1709,1543,-1,1710,1543,1711,-1,1711,1543,1527,-1,1711,1527,1712,-1,1473,1472,1525,-1,1525,1472,1505,-1,1525,1505,1542,-1,1542,1505,1713,-1,1542,1713,1539,-1,1539,1713,1714,-1,1539,1714,1537,-1,1537,1714,1715,-1,1537,1715,1535,-1,1535,1715,1716,-1,1535,1716,1534,-1,1534,1716,1717,-1,1712,1527,1718,-1,1718,1527,1530,-1,1718,1530,1717,-1,1717,1530,1532,-1,1717,1532,1534,-1,1505,1497,1719,-1,1720,1714,1719,-1,1719,1714,1713,-1,1719,1713,1505,-1,1721,1717,1722,-1,1722,1717,1716,-1,1722,1716,1720,-1,1720,1716,1715,-1,1720,1715,1714,-1,1721,1723,1717,-1,1717,1723,1724,-1,1717,1724,1718,-1,1718,1724,1725,-1,1718,1725,1712,-1,1544,1726,1727,-1,1504,1512,1497,-1,1497,1512,1526,-1,1497,1526,1719,-1,1719,1526,1540,-1,1719,1540,1720,-1,1540,1541,1720,-1,1720,1541,1538,-1,1720,1538,1722,-1,1722,1538,1536,-1,1722,1536,1721,-1,1721,1536,1533,-1,1721,1533,1723,-1,1723,1533,1531,-1,1723,1531,1724,-1,1724,1531,1529,-1,1724,1529,1725,-1,1725,1529,1528,-1,1725,1528,1728,-1,1728,1528,1544,-1,1728,1544,1729,-1,1729,1544,1727,-1,1545,1546,1730,-1,1730,1546,1731,-1,1730,1731,1732,-1,1733,1734,1735,-1,1732,1731,1736,-1,1736,1731,1737,-1,1736,1737,1738,-1,1738,1737,1739,-1,1738,1739,1735,-1,1735,1739,1740,-1,1735,1740,1733,-1,1734,1733,854,-1,854,1733,1741,-1,854,1741,855,-1,777,1742,792,-1,792,1742,1743,-1,793,1744,795,-1,795,1744,1745,-1,809,1746,769,-1,769,1746,1747,-1,764,1748,765,-1,765,1748,1749,-1,1750,1751,1752,-1,1752,1751,1753,-1,1752,1753,1754,-1,1754,1753,1755,-1,1754,1755,1756,-1,1756,1755,1757,-1,1756,1757,1758,-1,1758,1757,1759,-1,1758,1759,1760,-1,1760,1759,1761,-1,1760,1761,1762,-1,1763,1764,1765,-1,1761,1766,1762,-1,1762,1766,1767,-1,1762,1767,1768,-1,1768,1767,1769,-1,1768,1769,1770,-1,1770,1769,1771,-1,1770,1771,1772,-1,1772,1771,1773,-1,1772,1773,1774,-1,1774,1773,1775,-1,1774,1775,1776,-1,1776,1775,1763,-1,1776,1763,1777,-1,1777,1763,1765,-1,1777,1765,1778,-1,1765,1764,1779,-1,1780,1781,1782,-1,1782,1783,1780,-1,1780,1783,1784,-1,1780,1784,1785,-1,1785,1784,1786,-1,1785,1786,1787,-1,1787,1786,1788,-1,1787,1788,1789,-1,1789,1788,1790,-1,1789,1790,1791,-1,1791,1790,1792,-1,1791,1792,1793,-1,1793,1792,1794,-1,1778,1765,1795,-1,1795,1765,1779,-1,1795,1779,1796,-1,1796,1779,1797,-1,1796,1797,1798,-1,1798,1797,1799,-1,1798,1799,1800,-1,1800,1799,1801,-1,1800,1801,1802,-1,1802,1801,1803,-1,1802,1803,1794,-1,1794,1803,1804,-1,1794,1804,1793,-1,1794,1792,1805,-1,1805,1792,1790,-1,1750,1752,1795,-1,1795,1752,1754,-1,1750,1795,1805,-1,1805,1795,1796,-1,1805,1796,1798,-1,1798,1800,1805,-1,1805,1800,1802,-1,1805,1802,1794,-1,1790,1788,1805,-1,1805,1788,1786,-1,1805,1786,1784,-1,1754,1756,1795,-1,1795,1756,1758,-1,1795,1758,1760,-1,1760,1762,1795,-1,1795,1762,1768,-1,1795,1768,1778,-1,1774,1768,1772,-1,1772,1768,1770,-1,1774,1776,1768,-1,1768,1776,1777,-1,1768,1777,1778,-1,1784,1783,1805,-1,1805,1783,1782,-1,1805,1782,1806,-1,1807,1808,1781,-1,1781,1780,1807,-1,1807,1780,1785,-1,1807,1785,1787,-1,1787,1789,1807,-1,1807,1789,1791,-1,1807,1791,1751,-1,1804,1803,1761,-1,1775,1773,1799,-1,1759,1757,1791,-1,1757,1755,1791,-1,1791,1755,1753,-1,1791,1753,1751,-1,1759,1791,1761,-1,1761,1791,1793,-1,1761,1793,1804,-1,1799,1797,1779,-1,1773,1771,1799,-1,1799,1771,1769,-1,1799,1769,1767,-1,1775,1799,1763,-1,1763,1799,1779,-1,1763,1779,1764,-1,1803,1801,1761,-1,1761,1801,1799,-1,1761,1799,1766,-1,1766,1799,1767,-1,1340,1562,1339,-1,1339,1562,1568,-1,1339,1568,1341,-1,1341,1568,1569,-1,1341,1569,1342,-1,1342,1569,1564,-1,1342,1564,1343,-1,1343,1564,1563,-1,1343,1563,1344,-1,1344,1563,1561,-1,1344,1561,1345,-1,1345,1561,1560,-1,1345,1560,1346,-1,1346,1560,1559,-1,1346,1559,1347,-1,1347,1559,1558,-1,1347,1558,1348,-1,1348,1558,1557,-1,1348,1557,1349,-1,1349,1557,1556,-1,1349,1556,1357,-1,1357,1556,1567,-1,1357,1567,1358,-1,1358,1567,1566,-1,1358,1566,1359,-1,1359,1566,1565,-1,1809,1810,1811,-1,1550,1548,1812,-1,1812,1548,1813,-1,1812,1813,1814,-1,1814,1813,1815,-1,1814,1815,1816,-1,1816,1815,1817,-1,1816,1817,1818,-1,1818,1817,1819,-1,1818,1819,1820,-1,1820,1819,1821,-1,1820,1821,1822,-1,1822,1821,1823,-1,1822,1823,1824,-1,1824,1823,1825,-1,1824,1825,1826,-1,1826,1825,1827,-1,1826,1827,1828,-1,1828,1827,1829,-1,1828,1829,1830,-1,1830,1829,1809,-1,1830,1809,1831,-1,1831,1809,1811,-1,1360,1576,1575,-1,1360,1575,1361,-1,1361,1575,1555,-1,1361,1555,1350,-1,1350,1555,1554,-1,1350,1554,1351,-1,1351,1554,1574,-1,1351,1574,1352,-1,1352,1574,1573,-1,1352,1573,1353,-1,1353,1573,1572,-1,1353,1572,1354,-1,1354,1572,1571,-1,1354,1571,1355,-1,1355,1571,1570,-1,1355,1570,1356,-1,1356,1570,1553,-1,1356,1553,1362,-1,1362,1553,1552,-1,1362,1552,1363,-1,1363,1552,1551,-1,1363,1551,1364,-1,1364,1551,1547,-1,1364,1547,1366,-1,1366,1547,1549,-1,1366,1549,1365,-1,764,771,1748,-1,1748,771,1832,-1,1747,1833,769,-1,769,1833,770,-1,1701,1834,871,-1,871,1834,872,-1,893,873,1702,-1,1702,873,1835,-1,809,810,1746,-1,1746,810,1836,-1,1745,1837,795,-1,795,1837,811,-1,1838,1833,1747,-1,1839,1835,1838,-1,1840,1841,1702,-1,1842,1843,1702,-1,1702,1843,1844,-1,1845,1846,1847,-1,1835,1839,1702,-1,1702,1839,1848,-1,1702,1848,1842,-1,1747,1746,1838,-1,1838,1746,1836,-1,1838,1836,1839,-1,1839,1836,1847,-1,1839,1847,1849,-1,1849,1847,1846,-1,1844,1850,1702,-1,1702,1850,1851,-1,1702,1851,1852,-1,1852,1853,1702,-1,1702,1853,1854,-1,1702,1854,1840,-1,1841,1855,1702,-1,1702,1855,1856,-1,1702,1856,1703,-1,1703,1856,1857,-1,1703,1857,1858,-1,1847,1859,1845,-1,1845,1859,1860,-1,1845,1860,1861,-1,1861,1860,1862,-1,877,875,1704,-1,1704,875,1863,-1,1703,1858,876,-1,876,1858,874,-1,793,791,1744,-1,1744,791,1864,-1,1743,1865,792,-1,792,1865,790,-1,1744,1864,1866,-1,1704,1863,1867,-1,1745,1868,1869,-1,1870,1871,1745,-1,1872,1873,1874,-1,1873,1872,1875,-1,1875,1872,1876,-1,1875,1876,1877,-1,1744,1866,1745,-1,1745,1866,1878,-1,1745,1878,1868,-1,1704,1867,1705,-1,1705,1867,1879,-1,1705,1879,1880,-1,1874,1881,1872,-1,1872,1881,1882,-1,1872,1882,1883,-1,1880,1884,1705,-1,1705,1884,1885,-1,1705,1885,1886,-1,1886,1887,1705,-1,1705,1887,1888,-1,1705,1888,1889,-1,1889,1890,1705,-1,1705,1890,1891,-1,1705,1891,1892,-1,1892,1893,1705,-1,1705,1893,1873,-1,1705,1873,1894,-1,1894,1873,1875,-1,1876,1895,1877,-1,1877,1895,1896,-1,1877,1896,1897,-1,1897,1896,1898,-1,1869,1899,1745,-1,1745,1899,1900,-1,1745,1900,1901,-1,1901,1902,1745,-1,1745,1902,1903,-1,1745,1903,1870,-1,1871,1904,1745,-1,1745,1904,1905,-1,1745,1905,1837,-1,1837,1905,1872,-1,1837,1872,1906,-1,1883,1907,1872,-1,1872,1907,1908,-1,1872,1908,1906,-1,884,882,1706,-1,1706,882,1909,-1,1705,1894,883,-1,883,1894,881,-1,1376,1577,1377,-1,1377,1577,1592,-1,1377,1592,1378,-1,1378,1592,1591,-1,1378,1591,1379,-1,1379,1591,1590,-1,1379,1590,1384,-1,1384,1590,1589,-1,1384,1589,1385,-1,1385,1589,1588,-1,1385,1588,1386,-1,1386,1588,1584,-1,1386,1584,1367,-1,1367,1584,1583,-1,1367,1583,1368,-1,1368,1583,1582,-1,1368,1582,1369,-1,1369,1582,1581,-1,1369,1581,1380,-1,1380,1581,1580,-1,1380,1580,1381,-1,1381,1580,1602,-1,1381,1602,1387,-1,1387,1602,1601,-1,1387,1601,1388,-1,1388,1601,1600,-1,1910,1911,1912,-1,1579,1578,1913,-1,1913,1578,1914,-1,1913,1914,1915,-1,1915,1914,1916,-1,1915,1916,1917,-1,1917,1916,1918,-1,1917,1918,1919,-1,1919,1918,1920,-1,1919,1920,1921,-1,1921,1920,1922,-1,1921,1922,1923,-1,1923,1922,1924,-1,1923,1924,1925,-1,1925,1924,1926,-1,1925,1926,1927,-1,1927,1926,1928,-1,1927,1928,1929,-1,1929,1928,1930,-1,1929,1930,1931,-1,1931,1930,1910,-1,1931,1910,1932,-1,1932,1910,1912,-1,1389,1606,1605,-1,1389,1605,1390,-1,1390,1605,1596,-1,1390,1596,1391,-1,1391,1596,1595,-1,1391,1595,1392,-1,1392,1595,1594,-1,1392,1594,1393,-1,1393,1594,1603,-1,1393,1603,1394,-1,1394,1603,1587,-1,1394,1587,1370,-1,1370,1587,1586,-1,1370,1586,1371,-1,1371,1586,1585,-1,1371,1585,1372,-1,1372,1585,1604,-1,1372,1604,1373,-1,1373,1604,1599,-1,1373,1599,1374,-1,1374,1599,1598,-1,1374,1598,1375,-1,1375,1598,1597,-1,1375,1597,1382,-1,1382,1597,1593,-1,1382,1593,1383,-1,1186,1933,1934,-1,1934,1933,965,-1,777,861,1742,-1,1742,861,1935,-1,1707,1936,899,-1,899,1936,961,-1,1865,1743,1937,-1,1937,1743,1742,-1,1742,1935,1938,-1,1936,1707,1939,-1,1939,1707,1940,-1,1706,1941,1942,-1,1706,1943,1707,-1,1707,1943,1944,-1,1707,1944,1940,-1,1941,1706,1945,-1,1945,1706,1909,-1,1945,1909,1946,-1,1942,1947,1706,-1,1706,1947,1948,-1,1706,1948,1949,-1,1949,1950,1706,-1,1706,1950,1951,-1,1706,1951,1943,-1,1909,1937,1946,-1,1946,1937,1742,-1,1946,1742,1952,-1,1952,1742,1938,-1,1952,1938,1953,-1,1953,1954,1952,-1,1952,1954,1955,-1,1952,1955,1956,-1,878,886,1700,-1,1700,886,1957,-1,1748,1832,1958,-1,1749,1959,1960,-1,1748,1958,1749,-1,1749,1958,1961,-1,1749,1961,1959,-1,1962,1963,1964,-1,1964,1963,1965,-1,1966,1967,1968,-1,1968,1967,1969,-1,1968,1969,1970,-1,1971,1972,1749,-1,1701,1973,1974,-1,1975,1834,1976,-1,1976,1834,1701,-1,1976,1701,1977,-1,1975,1978,1834,-1,1834,1978,1963,-1,1834,1963,1979,-1,1979,1963,1980,-1,1965,1963,1968,-1,1968,1963,1981,-1,1968,1981,1966,-1,1960,1982,1749,-1,1749,1982,1983,-1,1749,1983,1984,-1,1984,1985,1749,-1,1749,1985,1986,-1,1749,1986,1987,-1,1987,1988,1749,-1,1749,1988,1989,-1,1749,1989,1970,-1,1973,1701,1990,-1,1990,1701,1700,-1,1990,1700,1957,-1,1974,1991,1701,-1,1701,1991,1992,-1,1701,1992,1993,-1,1993,1994,1701,-1,1701,1994,1995,-1,1701,1995,1977,-1,1962,1996,1963,-1,1963,1996,1997,-1,1963,1997,1980,-1,1970,1969,1749,-1,1749,1969,1998,-1,1749,1998,1971,-1,1749,1972,765,-1,765,1972,767,-1,1999,2000,2001,-1,1999,2001,2002,-1,2002,2001,2003,-1,2002,2003,2004,-1,2004,2003,2005,-1,2004,2005,2006,-1,2006,2005,2007,-1,2006,2007,2008,-1,2008,2007,2009,-1,2008,2009,2010,-1,2009,2011,2010,-1,2010,2011,2012,-1,2010,2012,2013,-1,2013,2012,2014,-1,2015,2016,2017,-1,2017,2018,2015,-1,2015,2018,2019,-1,2015,2019,2020,-1,2020,2019,2021,-1,2020,2021,2014,-1,2014,2021,2022,-1,2014,2022,2013,-1,2023,2024,2025,-1,2023,2025,2026,-1,2026,2025,2027,-1,2026,2027,2028,-1,2028,2027,2029,-1,2028,2029,2030,-1,2030,2029,2031,-1,2030,2031,2032,-1,2032,2031,2033,-1,2032,2033,2034,-1,2033,2035,2034,-1,2034,2035,2036,-1,2034,2036,2037,-1,2037,2036,2038,-1,2039,2040,2041,-1,2041,2042,2039,-1,2039,2042,2043,-1,2039,2043,2044,-1,2044,2043,2045,-1,2044,2045,2038,-1,2038,2045,2046,-1,2038,2046,2037,-1,2047,2048,2049,-1,2049,2048,2050,-1,2051,1684,1685,-1,1685,2052,2051,-1,2051,2052,2053,-1,2051,2053,2054,-1,2053,2055,2054,-1,2054,2055,2056,-1,2054,2056,2057,-1,2057,2056,2058,-1,2056,2059,2058,-1,2058,2059,2060,-1,2058,2060,2061,-1,2061,2060,2062,-1,2061,2062,2063,-1,2063,2062,2064,-1,2063,2064,2065,-1,2065,2064,2066,-1,2065,2066,2067,-1,2067,2066,2068,-1,2067,2068,2069,-1,2069,2068,2070,-1,2070,2068,2071,-1,2070,2071,2072,-1,2073,2074,2075,-1,2075,2074,2076,-1,2073,2075,2077,-1,2077,2075,2078,-1,2078,2079,2077,-1,2077,2079,2080,-1,1615,1616,1622,-1,1622,1616,1621,-1,1686,1634,1633,-1,2054,2081,2051,-1,2051,2081,1686,-1,2051,1686,1684,-1,1684,1686,1633,-1,2061,2082,2058,-1,2058,2082,2083,-1,2058,2083,2057,-1,2057,2083,2084,-1,2057,2084,2054,-1,2054,2084,2085,-1,2054,2085,2081,-1,2086,2087,2070,-1,2070,2087,2069,-1,2069,2087,2088,-1,2069,2088,2067,-1,2067,2088,2089,-1,2067,2089,2065,-1,2065,2089,2090,-1,2065,2090,2063,-1,2063,2090,2091,-1,2063,2091,2061,-1,2061,2091,2092,-1,2061,2092,2082,-1,2070,2072,2086,-1,2086,2072,2093,-1,2086,2093,2094,-1,2094,2093,2095,-1,2094,2095,2096,-1,2096,2097,2094,-1,2094,2097,2098,-1,2094,2098,2099,-1,2066,2100,2068,-1,2068,2100,2101,-1,2102,2103,2104,-1,2104,2103,2105,-1,2104,2105,2106,-1,2106,2107,2104,-1,2104,2107,2108,-1,2104,2108,2101,-1,2101,2108,2071,-1,2101,2071,2068,-1,2109,2110,2060,-1,2060,2110,2111,-1,2060,2111,2062,-1,2062,2111,2112,-1,2062,2112,2064,-1,2064,2112,2113,-1,2064,2113,2066,-1,2066,2113,2114,-1,2066,2114,2100,-1,2055,2115,2056,-1,2056,2115,2109,-1,2056,2109,2059,-1,2059,2109,2060,-1,1659,1658,1685,-1,1685,1658,1687,-1,1685,1687,2052,-1,2052,1687,2116,-1,2052,2116,2053,-1,2053,2116,2117,-1,2053,2117,2055,-1,2055,2117,2118,-1,2055,2118,2115,-1,2100,2087,2101,-1,2101,2087,2086,-1,2090,2089,2113,-1,2100,2114,2087,-1,2087,2114,2113,-1,2087,2113,2088,-1,2088,2113,2089,-1,2109,2115,2083,-1,2113,2112,2090,-1,2090,2112,2111,-1,2090,2111,2091,-1,2091,2111,2110,-1,2091,2110,2092,-1,2092,2110,2109,-1,2092,2109,2082,-1,2082,2109,2083,-1,2081,2085,2117,-1,2115,2118,2083,-1,2083,2118,2117,-1,2083,2117,2084,-1,2084,2117,2085,-1,2117,2116,2081,-1,2081,2116,1687,-1,2081,1687,1686,-1,2119,2120,2121,-1,2121,2120,2122,-1,2123,2124,2121,-1,2121,2124,2119,-1,2123,2125,2124,-1,2124,2125,2126,-1,1711,1712,1728,-1,1728,1712,1725,-1,2127,1805,1806,-1,1806,2128,2127,-1,2127,2128,2129,-1,2127,2129,2130,-1,2130,2129,2131,-1,2130,2131,2132,-1,2133,2134,2132,-1,2132,2134,2135,-1,2132,2135,2130,-1,2136,2137,2138,-1,2132,2139,2133,-1,2133,2139,2140,-1,2133,2140,2141,-1,2141,2140,2142,-1,2141,2142,2143,-1,2143,2142,2144,-1,2143,2144,2145,-1,2145,2144,2146,-1,2145,2146,2138,-1,2138,2146,2147,-1,2138,2147,2136,-1,2137,2136,2148,-1,2148,2136,2149,-1,2148,2149,2150,-1,2151,2152,2153,-1,2153,2152,2154,-1,2155,2156,2157,-1,2157,2156,2158,-1,2157,2158,2159,-1,2143,2145,2160,-1,2160,2145,2138,-1,2160,2138,2161,-1,2161,2138,2137,-1,2161,2137,2162,-1,2162,2137,2148,-1,2162,2148,2163,-1,2163,2148,2150,-1,2163,2150,2164,-1,2164,2150,2157,-1,2164,2157,2165,-1,2165,2157,2159,-1,2166,2134,2167,-1,2167,2134,2133,-1,2167,2133,2168,-1,2168,2133,2141,-1,2168,2141,2169,-1,2169,2141,2143,-1,2169,2143,2170,-1,2170,2143,2160,-1,1751,1750,1807,-1,1807,1750,1805,-1,1807,1805,2171,-1,2171,1805,2127,-1,2171,2127,2172,-1,2172,2127,2130,-1,2172,2130,2166,-1,2166,2130,2135,-1,2166,2135,2134,-1,1782,1781,1806,-1,1806,1781,1808,-1,1806,1808,2128,-1,2128,1808,2173,-1,2128,2173,2129,-1,2129,2173,2174,-1,2129,2174,2131,-1,2131,2174,2175,-1,2149,2136,2176,-1,2176,2136,2177,-1,2177,2136,2147,-1,2177,2147,2178,-1,2178,2147,2146,-1,2178,2146,2179,-1,2179,2146,2144,-1,2179,2144,2180,-1,2180,2144,2142,-1,2180,2142,2181,-1,2181,2142,2140,-1,2181,2140,2182,-1,2182,2140,2139,-1,2182,2139,2175,-1,2175,2139,2132,-1,2175,2132,2131,-1,2176,2183,2149,-1,2149,2183,2184,-1,2149,2184,2185,-1,2185,2184,2186,-1,2185,2186,2187,-1,2187,2188,2185,-1,2185,2188,2189,-1,2185,2189,2190,-1,2163,2183,2176,-1,2163,2176,2162,-1,2176,2177,2162,-1,2162,2177,2178,-1,2162,2178,2161,-1,2161,2178,2179,-1,2161,2179,2160,-1,2160,2179,2180,-1,2160,2180,2170,-1,2170,2180,2181,-1,2170,2181,2169,-1,2169,2181,2182,-1,2169,2182,2168,-1,2168,2182,2167,-1,2167,2182,2175,-1,2167,2175,2174,-1,2173,1808,1807,-1,1807,2171,2173,-1,2173,2171,2172,-1,2173,2172,2174,-1,2174,2172,2166,-1,2174,2166,2167,-1,1108,1107,856,-1,846,1095,772,-1,772,1095,1106,-1,772,1106,773,-1,773,1106,1082,-1,1081,819,1082,-1,1082,819,818,-1,1082,818,773,-1,1111,821,1081,-1,1081,821,820,-1,1081,820,819,-1,1110,823,1111,-1,1111,823,822,-1,1111,822,821,-1,856,857,1108,-1,1108,857,848,-1,1108,848,1110,-1,1110,848,847,-1,1110,847,823,-1,856,1107,854,-1,854,1107,1105,-1,854,1105,1734,-1,1734,1105,1735,-1,1730,1732,1105,-1,1732,1736,1105,-1,1105,1736,1738,-1,1105,1738,1735,-1,1562,1340,1548,-1,1548,1340,1316,-1,1548,1316,1813,-1,1813,1316,1315,-1,1813,1315,1815,-1,1815,1315,1320,-1,1815,1320,1817,-1,1817,1320,1322,-1,1817,1322,1819,-1,1819,1322,1325,-1,1819,1325,1821,-1,1821,1325,1327,-1,1821,1327,1823,-1,1823,1327,1328,-1,1823,1328,1825,-1,1825,1328,1330,-1,1825,1330,1827,-1,1827,1330,1332,-1,1827,1332,1829,-1,1829,1332,1334,-1,1829,1334,1809,-1,1809,1334,1336,-1,1809,1336,1810,-1,1810,1336,1338,-1,1810,1338,1105,-1,1105,1338,1545,-1,1105,1545,1730,-1,1810,1105,1811,-1,1811,1105,1104,-1,1104,1103,850,-1,850,855,1104,-1,1104,855,1741,-1,1104,1741,1733,-1,1365,1549,1550,-1,1733,1740,1104,-1,1104,1740,1739,-1,1104,1739,1737,-1,1365,1550,1317,-1,1317,1550,1812,-1,1317,1812,1318,-1,1318,1812,1814,-1,1318,1814,1319,-1,1319,1814,1816,-1,1319,1816,1321,-1,1321,1816,1818,-1,1321,1818,1323,-1,1323,1818,1820,-1,1323,1820,1324,-1,1737,1731,1104,-1,1104,1731,1546,-1,1104,1546,1811,-1,1811,1546,1337,-1,1811,1337,1831,-1,1831,1337,1335,-1,1831,1335,1830,-1,1820,1822,1324,-1,1324,1822,1824,-1,1324,1824,1326,-1,1326,1824,1826,-1,1326,1826,1329,-1,1329,1826,1828,-1,1329,1828,1331,-1,1331,1828,1830,-1,1331,1830,1333,-1,1333,1830,1335,-1,850,1103,849,-1,849,1103,1109,-1,849,1109,796,-1,796,1109,1069,-1,1067,798,1069,-1,1069,798,797,-1,1069,797,796,-1,1066,825,1067,-1,1067,825,824,-1,1067,824,798,-1,1088,827,1066,-1,1066,827,826,-1,1066,826,825,-1,2191,781,1086,-1,1086,781,780,-1,1086,780,1087,-1,1087,780,829,-1,1087,829,1088,-1,1088,829,828,-1,1088,828,827,-1,2192,2193,1086,-1,1086,2193,781,-1,1086,781,2191,-1,781,2193,1086,-1,1086,2193,2192,-1,766,808,1028,-1,1028,808,1048,-1,1078,799,1079,-1,1079,799,783,-1,1079,783,1080,-1,1080,783,781,-1,1080,781,1086,-1,1039,801,1078,-1,1078,801,800,-1,1078,800,799,-1,1038,803,1039,-1,1039,803,802,-1,1039,802,801,-1,1027,805,1038,-1,1038,805,804,-1,1038,804,803,-1,808,832,1048,-1,1048,832,831,-1,1048,831,1027,-1,1027,831,830,-1,1027,830,805,-1,766,1028,794,-1,794,1028,1000,-1,863,862,1224,-1,1224,862,1217,-1,794,1000,775,-1,775,1000,1002,-1,775,1002,776,-1,776,1002,1003,-1,1221,785,1220,-1,1220,785,784,-1,1220,784,984,-1,984,784,779,-1,984,779,1003,-1,1003,779,778,-1,1003,778,776,-1,1218,787,1221,-1,1221,787,786,-1,1221,786,785,-1,862,859,1217,-1,1217,859,789,-1,1217,789,1218,-1,1218,789,788,-1,1218,788,787,-1,863,1224,864,-1,864,1224,1223,-1,869,868,1101,-1,1101,868,1102,-1,864,1223,812,-1,812,1223,1222,-1,812,1222,813,-1,813,1222,1213,-1,1212,834,1213,-1,1213,834,833,-1,1213,833,813,-1,1216,851,1212,-1,1212,851,835,-1,1212,835,834,-1,868,867,1102,-1,1102,867,866,-1,1102,866,1214,-1,1214,866,865,-1,1214,865,1215,-1,1215,865,853,-1,1215,853,1216,-1,1216,853,852,-1,1216,852,851,-1,869,1101,870,-1,870,1101,1099,-1,845,844,1096,-1,1096,844,1097,-1,870,1099,815,-1,815,1099,1098,-1,815,1098,816,-1,816,1098,1073,-1,1072,836,1073,-1,1073,836,817,-1,1073,817,816,-1,1071,838,1072,-1,1072,838,837,-1,1072,837,836,-1,1070,840,1071,-1,1071,840,839,-1,1071,839,838,-1,844,843,1097,-1,1097,843,842,-1,1097,842,1070,-1,1070,842,841,-1,1070,841,840,-1,1096,1095,845,-1,845,1095,846,-1,991,1030,1838,-1,2194,2195,1015,-1,2194,1015,2196,-1,2196,1015,1059,-1,2196,1059,2197,-1,2197,1059,1058,-1,2197,1058,2198,-1,2198,1058,2199,-1,2199,1058,1023,-1,2199,1023,2200,-1,1032,2201,1023,-1,1023,2201,2202,-1,1023,2202,2200,-1,1838,2203,991,-1,991,2203,2204,-1,991,2204,992,-1,992,2204,2205,-1,992,2205,1032,-1,1032,2205,2206,-1,1032,2206,2201,-1,1030,1029,1832,-1,1832,1029,1958,-1,1838,1030,1833,-1,1833,1030,1832,-1,1833,1832,770,-1,770,1832,771,-1,2207,1968,997,-1,997,1968,1970,-1,997,1970,1076,-1,1958,1029,1961,-1,1961,1029,1074,-1,1961,1074,1959,-1,1959,1074,1047,-1,1046,1982,1047,-1,1047,1982,1960,-1,1047,1960,1959,-1,1026,1984,1046,-1,1046,1984,1983,-1,1046,1983,1982,-1,1025,1986,1026,-1,1026,1986,1985,-1,1026,1985,1984,-1,1970,1989,1076,-1,1076,1989,1988,-1,1076,1988,1025,-1,1025,1988,1987,-1,1025,1987,1986,-1,1968,2207,997,-1,1968,997,1965,-1,997,995,1965,-1,1965,995,994,-1,1965,994,1964,-1,1964,994,1094,-1,1964,1094,1962,-1,1962,1094,1093,-1,1962,1093,1996,-1,1996,1093,1085,-1,1996,1085,1997,-1,1997,1085,1084,-1,1997,1084,1980,-1,1980,1084,1083,-1,1980,1083,1979,-1,1834,1979,1083,-1,1061,1838,1835,-1,873,872,1835,-1,1835,872,1834,-1,1835,1834,1061,-1,1061,1834,1083,-1,1062,1015,2194,-1,2194,1015,2195,-1,1838,1061,2203,-1,2203,1061,1060,-1,2203,1060,2204,-1,2204,1060,2205,-1,2205,1060,2206,-1,2206,1060,1091,-1,2206,1091,2201,-1,2201,1091,2202,-1,2202,1091,1092,-1,2202,1092,2200,-1,2200,1092,1090,-1,2200,1090,2199,-1,2199,1090,2198,-1,2198,1090,1089,-1,2198,1089,2197,-1,1062,2194,1089,-1,1089,2194,2196,-1,1089,2196,2197,-1,1128,1906,1908,-1,1128,1908,1130,-1,1130,1908,1907,-1,1130,1907,1154,-1,1154,1907,1883,-1,1154,1883,1153,-1,1153,1883,1882,-1,1153,1882,1152,-1,1152,1882,1881,-1,1152,1881,1155,-1,1155,1881,1874,-1,1155,1874,1156,-1,1156,1874,1873,-1,1156,1873,1129,-1,1128,1117,1836,-1,1836,1117,1847,-1,1906,1128,1837,-1,1837,1128,1836,-1,1837,1836,811,-1,811,1836,810,-1,1137,1861,1138,-1,1138,1861,1862,-1,1138,1862,1150,-1,1150,1862,1860,-1,1150,1860,1151,-1,1151,1860,1859,-1,1151,1859,1116,-1,1116,1859,1847,-1,1116,1847,1117,-1,2208,1839,1119,-1,1119,1839,1849,-1,1119,1849,1118,-1,1118,1849,1846,-1,1118,1846,1137,-1,1137,1846,1845,-1,1137,1845,1861,-1,1857,1856,1182,-1,1182,1856,1147,-1,1166,1848,1119,-1,1119,1848,1839,-1,1119,1839,2208,-1,1165,1843,1166,-1,1166,1843,1842,-1,1166,1842,1848,-1,1163,1850,1165,-1,1165,1850,1844,-1,1165,1844,1843,-1,1162,1852,1163,-1,1163,1852,1851,-1,1163,1851,1850,-1,1148,1854,1162,-1,1162,1854,1853,-1,1162,1853,1852,-1,1856,1855,1147,-1,1147,1855,1841,-1,1147,1841,1148,-1,1148,1841,1840,-1,1148,1840,1854,-1,1858,1857,1182,-1,1181,1867,1863,-1,875,874,1863,-1,1863,874,1858,-1,1863,1858,1181,-1,1181,1858,1182,-1,1873,1893,1129,-1,1129,1893,1142,-1,1867,1181,1879,-1,1879,1181,1180,-1,1879,1180,1880,-1,1880,1180,1126,-1,1125,1885,1126,-1,1126,1885,1884,-1,1126,1884,1880,-1,1136,1887,1125,-1,1125,1887,1886,-1,1125,1886,1885,-1,1144,1889,1136,-1,1136,1889,1888,-1,1136,1888,1887,-1,1893,1892,1142,-1,1142,1892,1891,-1,1142,1891,1144,-1,1144,1891,1890,-1,1144,1890,1889,-1,1001,1031,1937,-1,2209,2210,1007,-1,2209,1007,2211,-1,2211,1007,1005,-1,2211,1005,2212,-1,2212,1005,1004,-1,2212,1004,2213,-1,2213,1004,2214,-1,2214,1004,983,-1,2214,983,2215,-1,985,2216,983,-1,983,2216,2217,-1,983,2217,2215,-1,1937,2218,1001,-1,1001,2218,2219,-1,1001,2219,986,-1,986,2219,2220,-1,986,2220,985,-1,985,2220,2221,-1,985,2221,2216,-1,1031,993,1864,-1,1864,993,1866,-1,1937,1031,1865,-1,1865,1031,1864,-1,1865,1864,790,-1,790,1864,791,-1,2222,1872,982,-1,982,1872,1905,-1,982,1905,1075,-1,1866,993,1878,-1,1878,993,1033,-1,1878,1033,1868,-1,1868,1033,1024,-1,1022,1899,1024,-1,1024,1899,1869,-1,1024,1869,1868,-1,1021,1901,1022,-1,1022,1901,1900,-1,1022,1900,1899,-1,1057,1903,1021,-1,1021,1903,1902,-1,1021,1902,1901,-1,1905,1904,1075,-1,1075,1904,1871,-1,1075,1871,1057,-1,1057,1871,1870,-1,1057,1870,1903,-1,1872,2222,982,-1,1872,982,1876,-1,982,1054,1876,-1,1876,1054,1053,-1,1876,1053,1895,-1,1895,1053,1050,-1,1895,1050,1896,-1,1896,1050,1049,-1,1896,1049,1898,-1,1898,1049,1051,-1,1898,1051,1897,-1,1897,1051,1052,-1,1897,1052,1877,-1,1877,1052,1055,-1,1877,1055,1875,-1,1894,1875,1055,-1,1056,1937,1909,-1,882,881,1909,-1,1909,881,1894,-1,1909,1894,1056,-1,1056,1894,1055,-1,1040,1007,2209,-1,2209,1007,2210,-1,1937,1056,2218,-1,2218,1056,1042,-1,2218,1042,2219,-1,2219,1042,2220,-1,2220,1042,2221,-1,2221,1042,1044,-1,2221,1044,2216,-1,2216,1044,2217,-1,2217,1044,1045,-1,2217,1045,2215,-1,2215,1045,1043,-1,2215,1043,2214,-1,2214,1043,2213,-1,2213,1043,1041,-1,2213,1041,2212,-1,1040,2209,1041,-1,1041,2209,2211,-1,1041,2211,2212,-1,1186,1194,1933,-1,1933,1194,965,-1,1195,966,1194,-1,1194,966,965,-1,1195,1179,966,-1,966,1179,929,-1,1190,1189,954,-1,929,1179,931,-1,931,1179,1178,-1,931,1178,932,-1,932,1178,1177,-1,1173,903,1177,-1,1177,903,902,-1,1177,902,932,-1,1193,941,1173,-1,1173,941,940,-1,1173,940,903,-1,1192,943,1193,-1,1193,943,942,-1,1193,942,941,-1,954,955,1190,-1,1190,955,945,-1,1190,945,1192,-1,1192,945,944,-1,1192,944,943,-1,954,1189,952,-1,952,1189,1185,-1,952,1185,1692,-1,1692,1185,1693,-1,1688,1690,1185,-1,1690,1694,1185,-1,1185,1694,1696,-1,1185,1696,1693,-1,1577,1376,1578,-1,1578,1376,1288,-1,1578,1288,1914,-1,1914,1288,1287,-1,1914,1287,1916,-1,1916,1287,1292,-1,1916,1292,1918,-1,1918,1292,1294,-1,1918,1294,1920,-1,1920,1294,1297,-1,1920,1297,1922,-1,1922,1297,1299,-1,1922,1299,1924,-1,1924,1299,1300,-1,1924,1300,1926,-1,1926,1300,1302,-1,1926,1302,1928,-1,1928,1302,1304,-1,1928,1304,1930,-1,1930,1304,1306,-1,1930,1306,1910,-1,1910,1306,1308,-1,1910,1308,1911,-1,1911,1308,1310,-1,1911,1310,1185,-1,1185,1310,1469,-1,1185,1469,1688,-1,1911,1185,1912,-1,1912,1185,1184,-1,1184,1183,904,-1,904,953,1184,-1,1184,953,1699,-1,1184,1699,1691,-1,1383,1593,1579,-1,1691,1698,1184,-1,1184,1698,1697,-1,1184,1697,1695,-1,1695,1689,1184,-1,1184,1689,1470,-1,1184,1470,1912,-1,1912,1470,1309,-1,1912,1309,1932,-1,1932,1309,1307,-1,1932,1307,1931,-1,1301,1929,1303,-1,1303,1929,1931,-1,1303,1931,1305,-1,1305,1931,1307,-1,1383,1579,1289,-1,1289,1579,1913,-1,1289,1913,1290,-1,1290,1913,1915,-1,1290,1915,1291,-1,1291,1915,1917,-1,1291,1917,1293,-1,1293,1917,1919,-1,1293,1919,1295,-1,1295,1919,1921,-1,1295,1921,1296,-1,1296,1921,1923,-1,1296,1923,1298,-1,1298,1923,1925,-1,1298,1925,1301,-1,1301,1925,1927,-1,1301,1927,1929,-1,904,1183,930,-1,930,1183,1191,-1,930,1191,928,-1,928,1191,1172,-1,1171,963,1172,-1,1172,963,962,-1,1172,962,928,-1,1170,973,1171,-1,1171,973,964,-1,1171,964,963,-1,1176,975,1170,-1,1170,975,974,-1,1170,974,973,-1,2223,906,1174,-1,1174,906,905,-1,1174,905,1175,-1,1175,905,969,-1,1175,969,1176,-1,1176,969,976,-1,1176,976,975,-1,2224,2225,1174,-1,1174,2225,906,-1,1174,906,2223,-1,906,2225,1174,-1,1174,2225,2224,-1,924,936,1161,-1,1161,936,1120,-1,1167,915,1168,-1,1168,915,907,-1,1168,907,1169,-1,1169,907,906,-1,1169,906,1174,-1,1124,917,1167,-1,1167,917,916,-1,1167,916,915,-1,1123,919,1124,-1,1124,919,918,-1,1124,918,917,-1,1121,921,1123,-1,1123,921,920,-1,1123,920,919,-1,936,935,1120,-1,1120,935,923,-1,1120,923,1121,-1,1121,923,922,-1,1121,922,921,-1,924,1161,925,-1,925,1161,1160,-1,971,970,1210,-1,1210,970,1202,-1,925,1160,926,-1,926,1160,1158,-1,926,1158,927,-1,927,1158,1157,-1,1205,937,1206,-1,1206,937,911,-1,1206,911,1207,-1,1207,911,909,-1,1207,909,1157,-1,1157,909,908,-1,1157,908,927,-1,1203,939,1205,-1,1205,939,938,-1,1205,938,937,-1,970,958,1202,-1,1202,958,957,-1,1202,957,1203,-1,1203,957,956,-1,1203,956,939,-1,971,1210,972,-1,972,1210,1209,-1,894,895,1127,-1,1127,895,1146,-1,972,1209,912,-1,912,1209,1208,-1,912,1208,913,-1,913,1208,1201,-1,1200,897,1201,-1,1201,897,959,-1,1201,959,913,-1,1199,900,1200,-1,1200,900,898,-1,1200,898,897,-1,895,896,1146,-1,1146,896,891,-1,1146,891,1145,-1,1145,891,890,-1,1145,890,1143,-1,1143,890,885,-1,1143,885,1199,-1,1199,885,901,-1,1199,901,900,-1,894,1127,892,-1,892,1127,1149,-1,1934,965,968,-1,1186,1934,1187,-1,1187,1934,968,-1,1187,968,1188,-1,892,1149,933,-1,933,1149,1164,-1,933,1164,934,-1,934,1164,1134,-1,934,1134,946,-1,946,1134,947,-1,947,1134,1133,-1,947,1133,948,-1,948,1133,949,-1,949,1133,1132,-1,949,1132,950,-1,950,1132,951,-1,951,1132,1131,-1,951,1131,977,-1,968,967,1188,-1,1188,967,979,-1,1188,979,1131,-1,1131,979,978,-1,1131,978,977,-1,861,860,1935,-1,1935,860,1008,-1,1935,1008,1938,-1,1009,1956,1012,-1,1012,1956,1955,-1,1012,1955,1011,-1,1011,1955,1954,-1,1011,1954,1010,-1,1010,1954,1953,-1,1010,1953,1013,-1,1013,1953,1938,-1,1013,1938,1014,-1,1014,1938,1008,-1,2226,2227,981,-1,981,2227,1946,-1,981,1946,1009,-1,1009,1946,1952,-1,1009,1952,1956,-1,1198,960,1936,-1,1936,960,961,-1,2227,2226,1946,-1,1946,2226,981,-1,1946,981,1945,-1,1945,981,980,-1,1945,980,1941,-1,1941,980,1020,-1,1941,1020,1942,-1,1942,1020,1947,-1,1947,1020,1019,-1,1947,1019,1948,-1,1948,1019,1949,-1,1949,1019,1018,-1,1949,1018,1950,-1,1950,1018,1951,-1,1951,1018,1017,-1,1951,1017,1943,-1,1198,1936,1141,-1,1141,1936,1939,-1,1141,1939,1016,-1,1016,1939,1940,-1,1016,1940,1017,-1,1017,1940,1944,-1,1017,1944,1943,-1,1196,914,1197,-1,1197,914,960,-1,1197,960,1198,-1,2228,2229,2230,-1,2228,2230,2231,-1,2231,2230,2232,-1,2231,2232,2233,-1,1115,880,1122,-1,1122,880,879,-1,1122,879,2234,-1,2234,879,2235,-1,2234,2235,2236,-1,2236,2235,2233,-1,2236,2233,2237,-1,2237,2233,2232,-1,1115,1113,880,-1,880,1113,889,-1,1113,1112,889,-1,889,1112,888,-1,1112,1114,888,-1,888,1114,887,-1,886,887,1957,-1,1957,887,1114,-1,1957,1114,1990,-1,1114,1135,1990,-1,1990,1135,1140,-1,1990,1140,1973,-1,1973,1140,1139,-1,1973,1139,1974,-1,1974,1139,1991,-1,1991,1139,1037,-1,1991,1037,1992,-1,1992,1037,1993,-1,1993,1037,1036,-1,1993,1036,1994,-1,1994,1036,1995,-1,1995,1036,1035,-1,1995,1035,1977,-1,1977,1035,1976,-1,1976,1035,1034,-1,1976,1034,1975,-1,1975,1034,1978,-1,1978,1034,996,-1,1978,996,1963,-1,1077,990,1972,-1,1972,990,768,-1,1972,768,767,-1,1972,1971,1077,-1,1077,1971,1998,-1,1077,1998,1063,-1,1063,1998,1969,-1,1063,1969,1064,-1,1064,1969,1967,-1,1064,1967,1065,-1,1065,1967,1966,-1,1065,1966,999,-1,999,1966,1981,-1,999,1981,998,-1,998,1981,1963,-1,998,1963,996,-1,990,988,768,-1,768,988,807,-1,988,987,807,-1,807,987,806,-1,987,989,806,-1,806,989,782,-1,774,782,989,-1,989,1068,774,-1,774,1068,2238,-1,774,2238,2239,-1,2238,2240,2239,-1,2239,2240,2241,-1,2239,2241,2242,-1,2242,2241,2243,-1,2242,2243,2244,-1,2244,2243,2245,-1,2244,2245,2246,-1,2246,2245,2247,-1,1008,860,1006,-1,1006,860,858,-1,1006,858,1219,-1,2248,2249,2250,-1,2251,2252,2253,-1,2017,2016,2254,-1,2255,2256,2017,-1,2017,2256,2257,-1,2017,2257,2253,-1,2254,2258,2017,-1,2017,2258,2259,-1,2017,2259,2260,-1,2260,2261,2017,-1,2017,2261,2262,-1,2017,2262,2255,-1,2263,2264,2253,-1,2253,2264,2265,-1,2253,2265,2251,-1,2252,2266,2253,-1,2253,2266,2267,-1,2253,2267,2017,-1,2253,2268,2269,-1,2270,2271,2269,-1,2269,2271,2250,-1,2269,2250,2253,-1,2253,2250,2272,-1,2253,2272,2263,-1,2273,2248,2274,-1,2274,2248,2250,-1,2274,2250,2275,-1,2275,2250,2271,-1,2276,2041,2040,-1,2276,2040,2277,-1,2278,2279,2040,-1,2040,2279,2280,-1,2040,2280,2281,-1,2278,2282,2279,-1,2279,2282,2283,-1,2279,2283,2284,-1,2285,2286,2287,-1,2281,2288,2040,-1,2040,2288,2289,-1,2040,2289,2290,-1,2290,2291,2040,-1,2040,2291,2292,-1,2040,2292,2293,-1,2293,2294,2040,-1,2040,2294,2295,-1,2040,2295,2277,-1,2296,2297,2298,-1,2298,2297,2287,-1,2284,2299,2279,-1,2279,2299,2297,-1,2279,2297,2300,-1,2300,2297,2296,-1,2297,2301,2287,-1,2287,2301,2302,-1,2287,2302,2285,-1,2285,2302,2303,-1,1999,2304,2000,-1,2000,2304,2305,-1,2023,2306,2024,-1,2024,2306,2307,-1,2308,2309,2310,-1,2310,2309,2311,-1,2312,2313,2314,-1,2314,2313,2315,-1,2314,2315,2309,-1,2309,2315,2311,-1,2049,2050,2316,-1,2049,2316,2317,-1,2317,2316,2318,-1,2317,2318,2319,-1,2319,2318,2320,-1,2319,2320,2321,-1,2321,2320,2322,-1,2321,2322,2323,-1,2323,2322,2324,-1,2323,2324,2325,-1,2325,2324,2326,-1,2325,2326,2327,-1,2328,2329,2330,-1,2330,2329,2331,-1,2332,2333,2334,-1,2329,2335,2331,-1,2331,2335,2336,-1,2331,2336,2337,-1,2336,2338,2337,-1,2337,2338,2339,-1,2337,2339,2340,-1,2339,2341,2340,-1,2340,2341,2342,-1,2340,2342,2343,-1,2344,2345,2346,-1,2346,2345,2343,-1,2346,2343,2347,-1,2347,2343,2342,-1,2326,2348,2345,-1,2345,2348,2349,-1,2345,2349,2343,-1,2343,2349,2350,-1,2343,2350,2340,-1,2340,2350,2351,-1,2340,2351,2337,-1,2337,2351,2334,-1,2337,2334,2331,-1,2331,2334,2333,-1,2331,2333,2330,-1,2326,2352,2353,-1,2353,2352,2354,-1,2353,2354,2355,-1,2355,2354,2356,-1,2355,2356,2357,-1,2357,2356,2358,-1,2357,2358,2359,-1,2359,2358,2360,-1,2359,2360,2361,-1,2361,2360,2362,-1,2361,2362,2332,-1,2326,2363,2352,-1,2352,2363,2364,-1,2352,2364,2354,-1,2354,2364,2365,-1,2354,2365,2356,-1,2356,2365,2366,-1,2356,2366,2358,-1,2358,2366,2367,-1,2358,2367,2360,-1,2360,2367,2368,-1,2360,2368,2362,-1,2326,2324,2363,-1,2363,2324,2322,-1,2363,2322,2364,-1,2364,2322,2320,-1,2364,2320,2365,-1,2365,2320,2318,-1,2365,2318,2366,-1,2366,2318,2316,-1,2366,2316,2367,-1,2367,2316,2050,-1,2367,2050,2368,-1,2332,2334,2361,-1,2361,2334,2351,-1,2361,2351,2359,-1,2359,2351,2350,-1,2359,2350,2357,-1,2357,2350,2349,-1,2357,2349,2355,-1,2355,2349,2348,-1,2355,2348,2353,-1,2353,2348,2326,-1,2344,2369,2345,-1,2345,2369,2326,-1,2050,2048,2370,-1,2050,2370,2368,-1,2368,2370,2371,-1,2368,2371,2362,-1,2362,2371,2372,-1,2362,2372,2332,-1,2332,2372,2373,-1,2332,2373,2333,-1,2333,2373,2374,-1,2333,2374,2330,-1,2330,2374,2375,-1,2330,2375,2328,-1,2376,2375,2374,-1,2377,2378,2379,-1,2380,2381,2382,-1,2383,2384,2385,-1,2386,2387,2388,-1,2386,2388,2389,-1,2390,2391,2388,-1,2390,2388,2392,-1,2393,2392,2388,-1,2394,2395,2384,-1,2393,2394,2392,-1,2392,2394,2384,-1,2392,2384,2390,-1,2390,2384,2383,-1,2390,2383,2391,-1,2396,2387,2397,-1,2397,2387,2386,-1,2397,2386,2398,-1,2398,2386,2389,-1,2398,2389,2399,-1,2400,2396,2401,-1,2401,2396,2397,-1,2401,2397,2402,-1,2402,2397,2398,-1,2402,2398,2403,-1,2403,2398,2399,-1,2403,2399,2404,-1,2395,2405,2384,-1,2384,2405,2406,-1,2384,2406,2385,-1,2385,2406,2407,-1,2385,2407,2380,-1,2408,2400,2409,-1,2409,2400,2401,-1,2409,2401,2410,-1,2410,2401,2402,-1,2410,2402,2411,-1,2411,2402,2403,-1,2411,2403,2412,-1,2412,2403,2404,-1,2412,2404,2382,-1,2413,2408,2414,-1,2414,2408,2409,-1,2414,2409,2415,-1,2415,2409,2410,-1,2415,2410,2416,-1,2416,2410,2411,-1,2416,2411,2417,-1,2417,2411,2412,-1,2417,2412,2379,-1,2379,2412,2382,-1,2379,2382,2377,-1,2377,2382,2381,-1,2048,2413,2370,-1,2370,2413,2414,-1,2370,2414,2371,-1,2371,2414,2415,-1,2371,2415,2372,-1,2372,2415,2416,-1,2372,2416,2373,-1,2373,2416,2417,-1,2373,2417,2374,-1,2374,2417,2379,-1,2374,2379,2376,-1,2376,2379,2378,-1,2380,2382,2385,-1,2385,2382,2404,-1,2385,2404,2383,-1,2383,2404,2399,-1,2383,2399,2391,-1,2391,2399,2389,-1,2391,2389,2388,-1,2048,2047,2418,-1,2048,2418,2413,-1,2413,2418,2419,-1,2413,2419,2408,-1,2408,2419,2420,-1,2408,2420,2400,-1,2400,2420,2421,-1,2400,2421,2396,-1,2396,2421,2422,-1,2396,2422,2387,-1,2387,2422,2423,-1,2387,2423,2388,-1,2424,2425,2426,-1,2427,2428,2429,-1,2430,2431,2432,-1,2433,2434,2435,-1,2436,2437,2438,-1,2439,2438,2423,-1,2440,2441,2423,-1,2440,2423,2442,-1,2422,2442,2423,-1,2437,2443,2438,-1,2438,2443,2423,-1,2441,2439,2423,-1,2434,2436,2435,-1,2435,2436,2438,-1,2435,2438,2444,-1,2444,2438,2439,-1,2444,2439,2445,-1,2445,2439,2441,-1,2445,2441,2446,-1,2446,2441,2440,-1,2446,2440,2447,-1,2447,2440,2442,-1,2447,2442,2421,-1,2421,2442,2422,-1,2431,2433,2432,-1,2432,2433,2435,-1,2432,2435,2448,-1,2448,2435,2444,-1,2448,2444,2449,-1,2449,2444,2445,-1,2449,2445,2450,-1,2450,2445,2446,-1,2450,2446,2451,-1,2451,2446,2447,-1,2451,2447,2420,-1,2420,2447,2421,-1,2428,2430,2429,-1,2429,2430,2432,-1,2429,2432,2452,-1,2452,2432,2448,-1,2452,2448,2453,-1,2453,2448,2449,-1,2453,2449,2454,-1,2454,2449,2450,-1,2454,2450,2455,-1,2455,2450,2451,-1,2455,2451,2419,-1,2419,2451,2420,-1,2425,2427,2426,-1,2426,2427,2429,-1,2426,2429,2456,-1,2456,2429,2452,-1,2456,2452,2457,-1,2457,2452,2453,-1,2457,2453,2458,-1,2458,2453,2454,-1,2458,2454,2459,-1,2459,2454,2455,-1,2459,2455,2418,-1,2418,2455,2419,-1,2460,2424,2461,-1,2461,2424,2426,-1,2461,2426,2462,-1,2462,2426,2456,-1,2462,2456,2463,-1,2463,2456,2457,-1,2463,2457,2464,-1,2464,2457,2458,-1,2464,2458,2465,-1,2465,2458,2459,-1,2465,2459,2047,-1,2047,2459,2418,-1,2047,2049,2466,-1,2047,2466,2465,-1,2465,2466,2467,-1,2465,2467,2464,-1,2464,2467,2468,-1,2464,2468,2463,-1,2463,2468,2469,-1,2463,2469,2462,-1,2462,2469,2470,-1,2462,2470,2461,-1,2461,2470,2471,-1,2461,2471,2460,-1,2466,2049,2317,-1,2469,2468,2472,-1,2470,2469,2473,-1,2471,2470,2474,-1,2474,2470,2475,-1,2474,2475,2476,-1,2476,2475,2477,-1,2477,2475,2478,-1,2477,2478,2479,-1,2479,2478,2480,-1,2480,2478,2481,-1,2480,2481,2482,-1,2482,2481,2483,-1,2483,2481,2484,-1,2483,2484,2485,-1,2327,2486,2487,-1,2487,2486,2488,-1,2487,2488,2489,-1,2489,2488,2490,-1,2489,2490,2491,-1,2491,2490,2492,-1,2491,2492,2493,-1,2493,2492,2494,-1,2493,2494,2495,-1,2495,2494,2467,-1,2495,2467,2466,-1,2327,2496,2486,-1,2486,2496,2497,-1,2486,2497,2488,-1,2488,2497,2498,-1,2488,2498,2490,-1,2490,2498,2499,-1,2490,2499,2492,-1,2492,2499,2472,-1,2492,2472,2494,-1,2494,2472,2468,-1,2494,2468,2467,-1,2466,2317,2495,-1,2495,2317,2319,-1,2495,2319,2493,-1,2493,2319,2321,-1,2493,2321,2491,-1,2491,2321,2323,-1,2491,2323,2489,-1,2489,2323,2325,-1,2489,2325,2487,-1,2487,2325,2327,-1,2327,2500,2501,-1,2501,2500,2502,-1,2501,2502,2484,-1,2484,2502,2503,-1,2484,2503,2485,-1,2470,2473,2475,-1,2475,2473,2504,-1,2475,2504,2478,-1,2478,2504,2505,-1,2478,2505,2481,-1,2481,2505,2506,-1,2481,2506,2484,-1,2484,2506,2507,-1,2484,2507,2501,-1,2501,2507,2327,-1,2469,2472,2473,-1,2473,2472,2499,-1,2473,2499,2504,-1,2504,2499,2498,-1,2504,2498,2505,-1,2505,2498,2497,-1,2505,2497,2506,-1,2506,2497,2496,-1,2506,2496,2507,-1,2507,2496,2327,-1,2093,2072,2108,-1,2108,2072,2071,-1,2508,2509,2510,-1,2508,2510,2511,-1,2511,2510,2313,-1,2511,2313,2312,-1,2512,2513,2079,-1,2078,2075,2079,-1,2079,2075,2076,-1,2079,2076,2512,-1,2514,2512,2074,-1,2074,2512,2076,-1,2073,2077,2074,-1,2074,2077,2080,-1,2074,2080,2514,-1,2514,2080,2515,-1,2513,2515,2079,-1,2079,2515,2080,-1,1621,1616,1620,-1,1620,1616,1617,-1,2086,2094,2101,-1,2101,2094,2104,-1,1237,2516,2517,-1,2518,2519,1235,-1,2518,1235,2520,-1,1237,2517,1235,-1,1235,2517,2521,-1,1235,2521,2520,-1,879,910,1225,-1,879,1225,2235,-1,2235,1225,1227,-1,2235,1227,2233,-1,2233,1227,1229,-1,2233,1229,2231,-1,2231,1229,1231,-1,2231,1231,2228,-1,2519,2522,1235,-1,1235,2522,2523,-1,1235,2523,1233,-1,1233,2523,2524,-1,1233,2524,2525,-1,2525,2526,1233,-1,1233,2526,2527,-1,1233,2527,2528,-1,2528,2529,1233,-1,1233,2529,2530,-1,1233,2530,1231,-1,1231,2530,2229,-1,1231,2229,2228,-1,2123,2121,2125,-1,2125,2121,2122,-1,2125,2122,2531,-1,2531,2122,2532,-1,2533,2532,2120,-1,2120,2532,2122,-1,2534,2533,2120,-1,2119,2124,2120,-1,2120,2124,2126,-1,2120,2126,2534,-1,2531,2534,2125,-1,2125,2534,2126,-1,1729,1710,1728,-1,1728,1710,1711,-1,2535,2536,1267,-1,1267,2536,2537,-1,1267,2537,2538,-1,2538,2539,1267,-1,1267,2539,2540,-1,1267,2540,2541,-1,2542,1265,1263,-1,2542,2543,1265,-1,1265,2543,2544,-1,1265,2544,2545,-1,2545,2546,1265,-1,1265,2546,2547,-1,1265,2547,1267,-1,1267,2547,2548,-1,1267,2548,2535,-1,2246,2247,1263,-1,1263,2247,2549,-1,1263,2549,2542,-1,1263,1261,2246,-1,2246,1261,1259,-1,2246,1259,2244,-1,2244,1259,1257,-1,2244,1257,2242,-1,2242,1257,1255,-1,2242,1255,2239,-1,2239,1255,814,-1,2239,814,774,-1,2157,2150,2185,-1,2185,2150,2149,-1,2550,2551,2552,-1,2552,2551,2553,-1,2554,2555,2556,-1,2556,2555,2557,-1,2556,2557,2553,-1,2553,2557,2552,-1,2554,2558,2555,-1,2555,2558,2559,-1,2152,2151,2560,-1,2152,2560,2561,-1,2561,2560,2562,-1,2561,2562,2563,-1,2563,2562,2564,-1,2563,2564,2565,-1,2565,2564,2566,-1,2565,2566,2567,-1,2567,2566,2568,-1,2567,2568,2569,-1,2569,2568,2570,-1,2569,2570,2571,-1,2572,2573,2574,-1,2574,2573,2575,-1,2576,2577,2578,-1,2573,2579,2575,-1,2575,2579,2580,-1,2575,2580,2581,-1,2580,2582,2581,-1,2581,2582,2583,-1,2581,2583,2584,-1,2583,2585,2584,-1,2584,2585,2586,-1,2584,2586,2587,-1,2588,2589,2590,-1,2590,2589,2587,-1,2590,2587,2591,-1,2591,2587,2586,-1,2570,2592,2589,-1,2589,2592,2593,-1,2589,2593,2587,-1,2587,2593,2594,-1,2587,2594,2584,-1,2584,2594,2595,-1,2584,2595,2581,-1,2581,2595,2578,-1,2581,2578,2575,-1,2575,2578,2577,-1,2575,2577,2574,-1,2570,2596,2597,-1,2597,2596,2598,-1,2597,2598,2599,-1,2599,2598,2600,-1,2599,2600,2601,-1,2601,2600,2602,-1,2601,2602,2603,-1,2603,2602,2604,-1,2603,2604,2605,-1,2605,2604,2606,-1,2605,2606,2576,-1,2570,2607,2596,-1,2596,2607,2608,-1,2596,2608,2598,-1,2598,2608,2609,-1,2598,2609,2600,-1,2600,2609,2610,-1,2600,2610,2602,-1,2602,2610,2611,-1,2602,2611,2604,-1,2604,2611,2612,-1,2604,2612,2606,-1,2570,2568,2607,-1,2607,2568,2566,-1,2607,2566,2608,-1,2608,2566,2564,-1,2608,2564,2609,-1,2609,2564,2562,-1,2609,2562,2610,-1,2610,2562,2560,-1,2610,2560,2611,-1,2611,2560,2151,-1,2611,2151,2612,-1,2576,2578,2605,-1,2605,2578,2595,-1,2605,2595,2603,-1,2603,2595,2594,-1,2603,2594,2601,-1,2601,2594,2593,-1,2601,2593,2599,-1,2599,2593,2592,-1,2599,2592,2597,-1,2597,2592,2570,-1,2588,2613,2589,-1,2589,2613,2570,-1,2151,2153,2614,-1,2151,2614,2612,-1,2612,2614,2615,-1,2612,2615,2606,-1,2606,2615,2616,-1,2606,2616,2576,-1,2576,2616,2617,-1,2576,2617,2577,-1,2577,2617,2618,-1,2577,2618,2574,-1,2574,2618,2619,-1,2574,2619,2572,-1,2620,2619,2618,-1,2621,2622,2623,-1,2624,2625,2626,-1,2627,2628,2629,-1,2630,2631,2632,-1,2630,2632,2633,-1,2634,2635,2632,-1,2634,2632,2636,-1,2637,2636,2632,-1,2638,2639,2628,-1,2637,2638,2636,-1,2636,2638,2628,-1,2636,2628,2634,-1,2634,2628,2627,-1,2634,2627,2635,-1,2640,2631,2641,-1,2641,2631,2630,-1,2641,2630,2642,-1,2642,2630,2633,-1,2642,2633,2643,-1,2644,2640,2645,-1,2645,2640,2641,-1,2645,2641,2646,-1,2646,2641,2642,-1,2646,2642,2647,-1,2647,2642,2643,-1,2647,2643,2648,-1,2639,2649,2628,-1,2628,2649,2650,-1,2628,2650,2629,-1,2629,2650,2651,-1,2629,2651,2624,-1,2652,2644,2653,-1,2653,2644,2645,-1,2653,2645,2654,-1,2654,2645,2646,-1,2654,2646,2655,-1,2655,2646,2647,-1,2655,2647,2656,-1,2656,2647,2648,-1,2656,2648,2626,-1,2657,2652,2658,-1,2658,2652,2653,-1,2658,2653,2659,-1,2659,2653,2654,-1,2659,2654,2660,-1,2660,2654,2655,-1,2660,2655,2661,-1,2661,2655,2656,-1,2661,2656,2623,-1,2623,2656,2626,-1,2623,2626,2621,-1,2621,2626,2625,-1,2153,2657,2614,-1,2614,2657,2658,-1,2614,2658,2615,-1,2615,2658,2659,-1,2615,2659,2616,-1,2616,2659,2660,-1,2616,2660,2617,-1,2617,2660,2661,-1,2617,2661,2618,-1,2618,2661,2623,-1,2618,2623,2620,-1,2620,2623,2622,-1,2624,2626,2629,-1,2629,2626,2648,-1,2629,2648,2627,-1,2627,2648,2643,-1,2627,2643,2635,-1,2635,2643,2633,-1,2635,2633,2632,-1,2153,2154,2662,-1,2153,2662,2657,-1,2657,2662,2663,-1,2657,2663,2652,-1,2652,2663,2664,-1,2652,2664,2644,-1,2644,2664,2665,-1,2644,2665,2640,-1,2640,2665,2666,-1,2640,2666,2631,-1,2631,2666,2667,-1,2631,2667,2632,-1,2668,2669,2670,-1,2667,2671,2672,-1,2672,2671,2673,-1,2673,2671,2674,-1,2674,2671,2675,-1,2674,2675,2676,-1,2676,2675,2677,-1,2677,2675,2678,-1,2677,2678,2679,-1,2679,2678,2680,-1,2680,2678,2681,-1,2680,2681,2682,-1,2667,2683,2684,-1,2684,2683,2685,-1,2684,2685,2686,-1,2686,2685,2687,-1,2686,2687,2688,-1,2688,2687,2689,-1,2688,2689,2690,-1,2690,2689,2691,-1,2690,2691,2692,-1,2667,2693,2694,-1,2694,2693,2695,-1,2694,2695,2696,-1,2696,2695,2697,-1,2696,2697,2698,-1,2698,2697,2699,-1,2698,2699,2700,-1,2700,2699,2701,-1,2700,2701,2702,-1,2667,2703,2671,-1,2671,2703,2704,-1,2671,2704,2675,-1,2675,2704,2705,-1,2675,2705,2678,-1,2678,2705,2706,-1,2678,2706,2681,-1,2681,2706,2707,-1,2681,2707,2670,-1,2670,2669,2681,-1,2681,2669,2708,-1,2681,2708,2682,-1,2667,2666,2683,-1,2683,2666,2665,-1,2683,2665,2685,-1,2685,2665,2664,-1,2685,2664,2687,-1,2687,2664,2663,-1,2687,2663,2689,-1,2689,2663,2662,-1,2689,2662,2691,-1,2691,2662,2154,-1,2154,2709,2691,-1,2691,2709,2710,-1,2691,2710,2692,-1,2692,2710,2711,-1,2692,2711,2712,-1,2712,2701,2692,-1,2692,2701,2699,-1,2692,2699,2690,-1,2690,2699,2697,-1,2690,2697,2688,-1,2688,2697,2695,-1,2688,2695,2686,-1,2686,2695,2693,-1,2686,2693,2684,-1,2684,2693,2667,-1,2712,2713,2701,-1,2701,2713,2714,-1,2701,2714,2702,-1,2702,2714,2715,-1,2702,2715,2716,-1,2716,2707,2702,-1,2702,2707,2706,-1,2702,2706,2700,-1,2700,2706,2705,-1,2700,2705,2698,-1,2698,2705,2704,-1,2698,2704,2696,-1,2696,2704,2703,-1,2696,2703,2694,-1,2694,2703,2667,-1,2717,2668,2718,-1,2718,2668,2670,-1,2718,2670,2719,-1,2719,2670,2707,-1,2719,2707,2720,-1,2720,2707,2716,-1,2154,2152,2709,-1,2709,2152,2721,-1,2709,2721,2710,-1,2710,2721,2711,-1,2711,2721,2722,-1,2711,2722,2712,-1,2712,2722,2713,-1,2713,2722,2723,-1,2713,2723,2714,-1,2714,2723,2715,-1,2715,2723,2724,-1,2715,2724,2716,-1,2716,2724,2720,-1,2720,2724,2725,-1,2720,2725,2719,-1,2719,2725,2718,-1,2718,2725,2726,-1,2718,2726,2717,-1,2721,2152,2561,-1,2724,2723,2727,-1,2725,2724,2728,-1,2726,2725,2729,-1,2729,2725,2730,-1,2729,2730,2731,-1,2731,2730,2732,-1,2732,2730,2733,-1,2732,2733,2734,-1,2734,2733,2735,-1,2735,2733,2736,-1,2735,2736,2737,-1,2737,2736,2738,-1,2738,2736,2739,-1,2738,2739,2740,-1,2571,2741,2742,-1,2742,2741,2743,-1,2742,2743,2744,-1,2744,2743,2745,-1,2744,2745,2746,-1,2746,2745,2747,-1,2746,2747,2748,-1,2748,2747,2749,-1,2748,2749,2750,-1,2750,2749,2722,-1,2750,2722,2721,-1,2571,2751,2741,-1,2741,2751,2752,-1,2741,2752,2743,-1,2743,2752,2753,-1,2743,2753,2745,-1,2745,2753,2754,-1,2745,2754,2747,-1,2747,2754,2727,-1,2747,2727,2749,-1,2749,2727,2723,-1,2749,2723,2722,-1,2721,2561,2750,-1,2750,2561,2563,-1,2750,2563,2748,-1,2748,2563,2565,-1,2748,2565,2746,-1,2746,2565,2567,-1,2746,2567,2744,-1,2744,2567,2569,-1,2744,2569,2742,-1,2742,2569,2571,-1,2571,2755,2756,-1,2756,2755,2757,-1,2756,2757,2739,-1,2739,2757,2758,-1,2739,2758,2740,-1,2725,2728,2730,-1,2730,2728,2759,-1,2730,2759,2733,-1,2733,2759,2760,-1,2733,2760,2736,-1,2736,2760,2761,-1,2736,2761,2739,-1,2739,2761,2762,-1,2739,2762,2756,-1,2756,2762,2571,-1,2724,2727,2728,-1,2728,2727,2754,-1,2728,2754,2759,-1,2759,2754,2753,-1,2759,2753,2760,-1,2760,2753,2752,-1,2760,2752,2761,-1,2761,2752,2751,-1,2761,2751,2762,-1,2762,2751,2571,-1,2163,2164,2183,-1,2183,2164,2184,-1,2763,2764,2765,-1,2766,2767,2768,-1,2769,2770,2771,-1,2764,2772,2765,-1,2765,2772,2773,-1,2765,2773,2774,-1,2763,2765,2768,-1,2768,2765,2775,-1,2768,2775,2766,-1,2776,2777,2778,-1,2767,2779,2768,-1,2768,2779,2771,-1,2768,2771,2780,-1,2780,2771,2770,-1,2771,2781,2776,-1,2782,2783,2771,-1,2771,2783,2784,-1,2771,2784,2769,-1,2776,2778,2771,-1,2771,2778,2785,-1,2771,2785,2786,-1,2786,2787,2771,-1,2771,2787,2788,-1,2771,2788,2789,-1,2790,2782,2791,-1,2791,2782,2771,-1,2791,2771,2792,-1,2792,2771,2789,-1,2275,2271,2789,-1,2789,2271,2792,-1,2793,2794,2795,-1,2793,2795,2796,-1,2797,2798,2799,-1,2798,2800,2799,-1,2799,2800,2801,-1,2799,2801,2802,-1,2803,2804,2805,-1,2796,2795,2799,-1,2799,2795,2806,-1,2799,2806,2797,-1,2807,2801,2808,-1,2808,2801,2805,-1,2807,2809,2801,-1,2801,2809,2810,-1,2801,2810,2802,-1,2801,2811,2805,-1,2805,2811,2812,-1,2805,2812,2813,-1,2813,2814,2805,-1,2805,2814,2815,-1,2805,2815,2816,-1,2817,2805,2818,-1,2818,2805,2816,-1,2818,2816,2819,-1,2820,2803,2821,-1,2821,2803,2805,-1,2821,2805,2822,-1,2822,2805,2817,-1,2300,2296,2817,-1,2817,2296,2822,-1,7,6,1251,-1,1251,6,492,-1,1251,492,452,-1,607,608,2823,-1,2823,608,609,-1,2823,609,610,-1,610,611,2823,-1,2823,611,612,-1,2823,612,613,-1,2824,1239,1241,-1,2824,1241,2825,-1,2825,1241,1243,-1,2825,1243,2826,-1,2826,1243,1245,-1,2826,1245,2827,-1,2827,1245,1247,-1,2827,1247,2828,-1,2828,1247,1249,-1,2828,1249,2829,-1,2829,1249,1251,-1,2829,1251,2823,-1,2823,1251,452,-1,2823,452,607,-1,660,659,2830,-1,2830,659,176,-1,2830,176,178,-1,178,180,2830,-1,2830,180,661,-1,2830,661,662,-1,663,679,1281,-1,1281,679,710,-1,1281,710,763,-1,2831,2832,1269,-1,1269,2832,1271,-1,662,663,2830,-1,2830,663,1281,-1,2830,1281,2833,-1,2833,1281,1279,-1,2833,1279,2834,-1,2834,1279,2835,-1,1277,1275,2836,-1,2836,2837,1277,-1,1277,2837,2838,-1,1277,2838,1279,-1,1279,2838,2839,-1,1279,2839,2835,-1,2832,2840,1271,-1,1271,2840,2841,-1,1271,2841,1273,-1,1273,2841,2842,-1,1273,2842,1275,-1,1275,2842,2843,-1,1275,2843,2836,-1,2844,2845,2846,-1,2847,726,725,-1,2847,725,2845,-1,2845,725,2848,-1,2845,2848,2846,-1,2844,2846,2849,-1,2849,2846,2850,-1,2849,2850,2851,-1,2851,2850,2852,-1,2851,2852,2853,-1,2305,2304,2854,-1,2854,2304,2853,-1,2854,2853,2855,-1,2855,2853,2852,-1,2856,408,407,-1,407,478,2857,-1,2856,407,2858,-1,407,2857,2858,-1,2858,2857,2859,-1,2858,2859,2860,-1,2860,2859,2861,-1,2861,2859,2862,-1,2861,2862,2863,-1,2863,2862,2864,-1,2863,2864,2865,-1,2307,2306,2866,-1,2866,2306,2865,-1,2866,2865,2867,-1,2867,2865,2864,-1,2868,2308,2869,-1,2869,2308,2310,-1,2315,2869,2311,-1,2311,2869,2310,-1,2510,2509,2870,-1,2871,2315,2870,-1,2870,2315,2313,-1,2870,2313,2510,-1,2872,2873,2870,-1,2870,2873,2871,-1,2314,2873,2312,-1,2312,2873,2872,-1,2312,2872,2511,-1,2511,2872,2508,-1,2308,2868,2309,-1,2309,2868,2314,-1,2874,2875,2326,-1,2326,2875,2327,-1,2874,2326,2369,-1,2329,2328,2876,-1,2876,2328,2877,-1,2338,2878,2339,-1,2339,2878,2879,-1,2339,2879,2341,-1,2341,2879,2880,-1,2341,2880,2342,-1,2342,2880,2881,-1,2342,2881,2347,-1,2347,2881,2882,-1,2347,2882,2346,-1,2346,2882,2883,-1,2346,2883,2344,-1,2344,2883,2884,-1,2344,2884,2369,-1,2369,2884,2885,-1,2369,2885,2874,-1,2329,2876,2335,-1,2335,2876,2886,-1,2335,2886,2336,-1,2336,2886,2887,-1,2336,2887,2338,-1,2338,2887,2888,-1,2338,2888,2878,-1,2889,2877,2375,-1,2375,2877,2328,-1,2890,2891,2406,-1,2889,2375,2376,-1,2406,2891,2407,-1,2407,2891,2892,-1,2407,2892,2380,-1,2380,2892,2893,-1,2380,2893,2381,-1,2381,2893,2894,-1,2381,2894,2377,-1,2377,2894,2895,-1,2377,2895,2378,-1,2378,2895,2896,-1,2378,2896,2376,-1,2376,2896,2897,-1,2376,2897,2889,-1,2890,2406,2898,-1,2898,2406,2405,-1,2898,2405,2899,-1,2405,2395,2899,-1,2899,2395,2394,-1,2899,2394,2900,-1,2900,2394,2393,-1,2900,2393,2901,-1,2901,2393,2388,-1,2901,2388,2902,-1,2903,2902,2423,-1,2423,2902,2388,-1,2903,2423,2443,-1,2460,2904,2905,-1,2460,2905,2424,-1,2424,2905,2906,-1,2424,2906,2425,-1,2425,2906,2907,-1,2425,2907,2427,-1,2427,2907,2908,-1,2427,2908,2428,-1,2428,2908,2909,-1,2428,2909,2430,-1,2430,2909,2910,-1,2430,2910,2431,-1,2431,2910,2911,-1,2431,2911,2433,-1,2433,2911,2912,-1,2433,2912,2434,-1,2434,2912,2913,-1,2434,2913,2436,-1,2436,2913,2914,-1,2436,2914,2437,-1,2437,2914,2915,-1,2437,2915,2443,-1,2443,2915,2916,-1,2443,2916,2903,-1,2917,2904,2471,-1,2471,2904,2460,-1,2917,2471,2474,-1,2918,2919,2485,-1,2485,2919,2920,-1,2485,2920,2483,-1,2483,2920,2921,-1,2483,2921,2482,-1,2482,2921,2922,-1,2482,2922,2480,-1,2480,2922,2923,-1,2480,2923,2479,-1,2479,2923,2924,-1,2479,2924,2477,-1,2477,2924,2925,-1,2477,2925,2476,-1,2476,2925,2926,-1,2476,2926,2474,-1,2474,2926,2927,-1,2474,2927,2917,-1,2485,2503,2918,-1,2918,2503,2502,-1,2918,2502,2928,-1,2928,2502,2500,-1,2928,2500,2929,-1,2929,2500,2327,-1,2929,2327,2875,-1,2930,2931,2932,-1,2932,2931,2933,-1,2934,2935,2930,-1,2930,2935,2931,-1,2936,2937,2938,-1,2938,2937,2939,-1,2936,2940,2937,-1,2937,2940,2941,-1,2937,2941,2942,-1,2942,2941,2943,-1,2942,2943,2944,-1,2944,2943,2945,-1,2944,2945,2946,-1,2946,2945,2947,-1,2946,2947,2948,-1,2948,2947,2949,-1,2948,2949,2950,-1,2950,2949,2951,-1,2950,2951,2952,-1,2952,2951,2953,-1,2952,2953,2954,-1,2954,2953,2955,-1,2954,2955,2956,-1,2956,2955,2957,-1,2956,2957,2958,-1,2958,2957,2959,-1,2958,2959,2960,-1,2960,2959,2961,-1,2960,2961,2962,-1,2962,2961,1608,-1,2962,1608,1607,-1,2939,2963,2938,-1,2938,2963,2964,-1,2938,2964,2965,-1,2965,2964,2966,-1,2965,2966,2967,-1,2967,2966,2968,-1,2967,2968,2969,-1,2969,2968,2970,-1,2969,2970,2971,-1,2971,2970,2972,-1,2971,2972,2973,-1,2973,2972,2974,-1,2973,2974,2975,-1,2975,2974,2976,-1,2975,2976,2977,-1,2977,2976,2978,-1,2977,2978,2979,-1,2979,2978,2980,-1,2979,2980,2981,-1,2981,2980,2982,-1,2981,2982,2983,-1,2983,2982,2984,-1,2983,2984,2985,-1,2985,2984,2935,-1,2985,2935,2934,-1,2986,2987,2988,-1,2988,2987,2989,-1,2986,2990,2987,-1,2987,2990,2991,-1,2987,2991,2992,-1,2992,2991,2993,-1,2992,2993,2994,-1,2994,2993,2995,-1,2994,2995,2996,-1,2996,2995,2997,-1,2996,2997,2998,-1,2998,2997,2999,-1,2998,2999,3000,-1,3000,2999,3001,-1,3000,3001,3002,-1,3002,3001,3003,-1,3002,3003,3004,-1,3004,3003,3005,-1,3004,3005,3006,-1,3006,3005,3007,-1,3006,3007,3008,-1,3008,3007,3009,-1,3008,3009,3010,-1,3010,3009,3011,-1,3010,3011,3012,-1,3012,3011,3013,-1,3012,3013,3014,-1,2989,3015,2988,-1,2988,3015,3016,-1,2988,3016,3017,-1,3017,3016,3018,-1,3017,3018,3019,-1,3019,3018,3020,-1,3019,3020,3021,-1,3021,3020,3022,-1,3021,3022,3023,-1,3023,3022,3024,-1,3023,3024,3025,-1,3025,3024,3026,-1,3025,3026,3027,-1,3027,3026,3028,-1,3027,3028,3029,-1,3029,3028,3030,-1,3029,3030,3031,-1,3031,3030,3032,-1,3031,3032,3033,-1,3033,3032,3034,-1,3033,3034,3035,-1,3035,3034,3036,-1,3035,3036,3037,-1,3037,3036,1619,-1,3037,1619,1618,-1,2932,2933,3013,-1,3013,2933,3014,-1,1236,3038,1238,-1,1238,3038,3039,-1,1238,3039,3040,-1,3040,3041,1238,-1,1238,3041,3042,-1,1238,3042,3043,-1,3044,3045,1236,-1,1236,3045,3046,-1,1236,3046,3038,-1,3047,3048,1234,-1,1234,3048,3049,-1,1234,3049,1236,-1,1236,3049,3050,-1,1236,3050,3044,-1,3047,1234,3051,-1,3051,1234,1232,-1,3051,1232,3052,-1,2230,3053,1230,-1,1230,3053,3054,-1,1230,3054,1232,-1,1232,3054,3055,-1,1232,3055,3052,-1,2230,1230,2232,-1,2232,1230,1228,-1,2232,1228,2237,-1,2237,1228,1226,-1,2237,1226,2236,-1,1226,1204,1159,-1,2236,1226,2234,-1,2234,1226,1159,-1,2234,1159,1122,-1,3056,3057,3058,-1,3047,3051,2527,-1,3043,3042,2517,-1,2517,3042,2521,-1,2521,3042,3041,-1,2521,3041,2520,-1,3041,3040,2520,-1,2520,3040,3039,-1,2520,3039,2518,-1,2518,3039,3038,-1,2518,3038,2519,-1,2519,3038,2522,-1,3038,3046,2522,-1,2522,3046,3045,-1,2522,3045,2523,-1,2523,3045,2524,-1,2524,3045,3044,-1,2524,3044,2525,-1,2525,3044,3050,-1,2525,3050,2526,-1,2526,3050,3049,-1,2526,3049,2527,-1,2527,3049,3048,-1,2527,3048,3047,-1,3052,3055,2529,-1,2529,3055,3054,-1,2529,3054,2530,-1,3052,2529,3051,-1,3051,2529,2528,-1,3051,2528,2527,-1,2530,3054,2229,-1,2229,3054,3053,-1,2229,3053,2230,-1,2517,2516,3043,-1,3043,2516,3059,-1,3043,3059,3060,-1,3060,3059,3061,-1,3060,3061,3062,-1,3062,3061,3063,-1,3062,3063,3064,-1,3064,3063,3065,-1,3064,3065,3066,-1,3066,3065,3067,-1,3066,3067,3068,-1,3068,3067,3069,-1,3068,3069,3070,-1,3070,3069,3071,-1,3070,3071,3072,-1,3072,3071,3073,-1,3072,3073,3074,-1,3074,3073,3075,-1,3074,3075,3076,-1,3076,3075,3077,-1,3076,3077,3078,-1,3078,3077,3079,-1,3078,3079,3080,-1,3080,3079,3056,-1,3080,3056,3081,-1,3081,3056,3058,-1,2099,3058,2094,-1,2094,3058,3057,-1,2095,2093,2108,-1,2108,2107,2095,-1,2095,2107,2106,-1,2095,2106,2096,-1,2096,2106,2105,-1,2096,2105,2097,-1,2097,2105,2103,-1,2097,2103,2098,-1,2098,2103,2102,-1,2098,2102,2099,-1,3082,2102,3083,-1,3083,2102,2104,-1,3083,2104,2094,-1,2824,2514,2515,-1,3083,2870,3084,-1,3084,2870,2509,-1,3084,2509,2824,-1,2824,2509,2508,-1,2515,2513,2932,-1,1239,2986,2959,-1,3083,2094,2870,-1,2870,2094,3057,-1,2870,3057,3056,-1,2824,2515,1239,-1,1239,2515,2932,-1,1239,2932,3013,-1,3013,3011,1239,-1,1239,3011,3009,-1,1239,3009,3007,-1,2995,2993,1239,-1,3056,3079,2870,-1,2870,3079,3077,-1,2870,3077,2872,-1,2872,3077,3075,-1,2872,3075,3073,-1,2986,2988,2959,-1,2959,2988,3017,-1,2959,3017,3019,-1,3019,3021,2959,-1,2959,3021,3023,-1,2959,3023,3025,-1,3025,3027,2959,-1,2959,3027,3029,-1,2959,3029,3031,-1,3031,3033,2959,-1,2959,3033,3035,-1,2959,3035,3037,-1,2975,2977,1237,-1,3073,3071,2872,-1,2872,3071,3069,-1,2872,3069,3067,-1,2514,2824,2512,-1,2512,2824,2508,-1,2512,2508,2513,-1,2513,2508,2872,-1,2513,2872,2932,-1,2932,2872,3067,-1,2932,3067,2930,-1,2993,2991,1239,-1,1239,2991,2990,-1,1239,2990,2986,-1,3007,3005,1239,-1,1239,3005,3003,-1,1239,3003,3001,-1,3001,2999,1239,-1,1239,2999,2997,-1,1239,2997,2995,-1,1620,1617,1618,-1,1618,1617,1608,-1,1618,1608,3037,-1,3037,1608,2961,-1,3037,2961,2959,-1,2959,2957,1239,-1,1239,2957,2955,-1,1239,2955,2953,-1,2953,2951,1239,-1,1239,2951,2949,-1,1239,2949,2947,-1,2940,2936,1237,-1,1237,2936,2938,-1,2938,2965,1237,-1,1237,2965,2967,-1,1237,2967,2969,-1,2969,2971,1237,-1,1237,2971,2973,-1,1237,2973,2975,-1,3067,3065,2930,-1,2930,3065,3063,-1,2930,3063,3061,-1,2977,2979,1237,-1,1237,2979,2981,-1,1237,2981,2983,-1,2947,2945,1239,-1,1239,2945,2943,-1,1239,2943,1237,-1,1237,2943,2941,-1,1237,2941,2940,-1,2983,2985,1237,-1,1237,2985,2934,-1,1237,2934,2516,-1,2516,2934,2930,-1,2516,2930,3059,-1,3059,2930,3061,-1,2531,3085,3086,-1,2534,2831,2533,-1,2533,2831,1269,-1,2534,2531,2831,-1,2831,2531,3086,-1,2831,3086,3087,-1,3087,3086,3088,-1,3087,3088,3089,-1,3089,3088,3090,-1,3089,3090,3091,-1,3091,3090,3085,-1,3091,3085,2532,-1,2532,3085,2531,-1,3092,3093,3091,-1,3091,3093,3094,-1,3095,3096,3089,-1,3089,3096,3097,-1,3089,3097,3098,-1,3099,1267,3100,-1,3100,1267,2541,-1,3100,2541,3091,-1,3091,2541,3101,-1,3091,3101,3092,-1,3094,3102,3091,-1,3091,3102,3103,-1,3091,3103,3089,-1,3089,3103,3104,-1,3089,3104,3095,-1,2157,2185,3105,-1,3105,2185,3089,-1,3105,3089,3106,-1,3106,3089,3098,-1,3099,3107,1267,-1,1267,3107,3108,-1,1267,3108,3109,-1,3110,3111,1267,-1,3112,3113,3114,-1,3114,3113,3115,-1,3114,3115,3116,-1,3116,3117,3114,-1,3114,3117,3118,-1,3114,3118,3119,-1,3119,3120,3114,-1,3114,3120,3121,-1,3114,3121,3122,-1,3122,3123,3114,-1,3114,3123,3124,-1,3114,3124,3125,-1,3111,3126,1267,-1,1267,3126,3127,-1,1267,3127,3112,-1,3128,3129,1269,-1,1269,3129,3130,-1,3130,3131,1269,-1,1269,3131,3132,-1,1269,3132,3133,-1,1710,1729,1708,-1,1708,1729,1727,-1,1708,1727,3125,-1,3125,1727,3134,-1,3125,3134,3114,-1,3109,3135,1267,-1,1267,3135,3136,-1,1267,3136,3137,-1,3137,3138,1267,-1,1267,3138,3139,-1,1267,3139,3110,-1,1267,3140,3141,-1,3141,3142,1267,-1,1267,3142,3143,-1,1267,3143,3144,-1,3145,3146,1269,-1,1269,3146,3147,-1,3147,3148,1269,-1,1269,3148,3149,-1,1269,3149,3150,-1,3150,3151,1269,-1,1269,3151,3152,-1,1269,3152,3128,-1,2532,2533,3091,-1,3091,2533,1269,-1,3091,1269,3153,-1,3153,1269,3133,-1,3112,3114,1267,-1,1267,3114,3154,-1,1267,3154,3140,-1,3144,3155,1267,-1,1267,3155,3156,-1,1267,3156,1269,-1,1269,3156,3157,-1,1269,3157,3145,-1,2558,3158,2559,-1,2559,3158,3159,-1,2554,2556,2558,-1,2558,2556,3158,-1,2553,2551,3086,-1,2553,3086,2556,-1,2556,3086,3085,-1,2556,3085,3160,-1,3090,3161,3085,-1,3085,3161,3160,-1,3161,3090,2557,-1,2557,3090,3088,-1,2557,3088,2552,-1,2552,3088,2550,-1,3159,2557,2559,-1,2559,2557,2555,-1,3162,3163,2570,-1,2570,3163,2571,-1,2572,3164,3165,-1,3162,2570,2613,-1,2572,3165,2573,-1,2573,3165,3166,-1,2573,3166,2579,-1,2579,3166,3167,-1,2579,3167,2580,-1,2580,3167,3168,-1,2580,3168,2582,-1,2582,3168,3169,-1,2582,3169,2583,-1,2583,3169,3170,-1,2583,3170,2585,-1,2585,3170,3171,-1,2585,3171,2586,-1,2586,3171,3172,-1,2586,3172,2591,-1,2591,3172,3173,-1,2591,3173,2590,-1,2590,3173,3174,-1,2590,3174,2588,-1,2588,3174,3175,-1,2588,3175,2613,-1,2613,3175,3176,-1,2613,3176,3162,-1,3177,3164,2619,-1,2619,3164,2572,-1,3177,2619,2620,-1,2649,2639,3178,-1,3178,2639,2638,-1,3178,2638,3179,-1,3179,2638,2637,-1,3179,2637,3180,-1,3180,2637,2632,-1,3180,2632,3181,-1,3178,3182,2649,-1,2649,3182,3183,-1,2649,3183,2650,-1,2650,3183,3184,-1,2650,3184,2651,-1,2651,3184,3185,-1,2651,3185,2624,-1,2624,3185,3186,-1,2624,3186,2625,-1,2625,3186,3187,-1,2625,3187,2621,-1,2621,3187,3188,-1,2621,3188,2622,-1,2622,3188,3189,-1,2622,3189,2620,-1,2620,3189,3190,-1,2620,3190,3177,-1,3191,3181,2667,-1,2667,3181,2632,-1,3191,2667,2672,-1,3192,3193,2717,-1,2717,3193,2668,-1,2668,3193,2669,-1,2669,3193,3194,-1,2669,3194,2708,-1,2708,3194,3195,-1,2708,3195,2682,-1,2682,3195,3196,-1,2682,3196,2680,-1,3196,3197,2680,-1,2680,3197,3198,-1,2680,3198,2679,-1,2679,3198,3199,-1,2679,3199,2677,-1,2677,3199,3200,-1,2677,3200,2676,-1,2676,3200,3201,-1,2676,3201,2674,-1,2674,3201,3202,-1,2674,3202,2673,-1,2673,3202,3203,-1,2673,3203,2672,-1,2672,3203,3204,-1,2672,3204,3191,-1,3205,3192,2726,-1,2726,3192,2717,-1,2571,3163,3206,-1,3205,2726,2729,-1,2571,3206,2755,-1,2755,3206,3207,-1,2755,3207,2757,-1,2757,3207,3208,-1,2757,3208,2758,-1,2758,3208,3209,-1,2758,3209,2740,-1,2740,3209,3210,-1,2740,3210,2738,-1,2738,3210,3211,-1,2738,3211,2737,-1,2737,3211,3212,-1,2737,3212,2735,-1,2735,3212,3213,-1,2735,3213,2734,-1,2734,3213,3214,-1,2734,3214,2732,-1,2732,3214,3215,-1,2732,3215,2731,-1,2731,3215,3216,-1,2731,3216,2729,-1,2729,3216,3217,-1,2729,3217,3205,-1,3091,3218,3100,-1,3100,3218,3219,-1,3153,3220,3091,-1,3091,3220,3218,-1,3221,3147,3222,-1,3222,3147,3146,-1,3221,3223,3147,-1,3147,3223,3224,-1,3147,3224,3148,-1,3148,3224,3225,-1,3148,3225,3149,-1,3149,3225,3226,-1,3149,3226,3150,-1,3150,3226,3227,-1,3150,3227,3151,-1,3151,3227,3228,-1,3151,3228,3152,-1,3152,3228,3229,-1,3152,3229,3128,-1,3128,3229,3230,-1,3128,3230,3129,-1,3129,3230,3231,-1,3129,3231,3130,-1,3130,3231,3232,-1,3130,3232,3131,-1,3131,3232,3233,-1,3131,3233,3132,-1,3132,3233,3234,-1,3132,3234,3133,-1,3133,3234,3220,-1,3133,3220,3153,-1,3146,3145,3222,-1,3222,3145,3157,-1,3222,3157,3235,-1,3235,3157,3156,-1,3235,3156,3236,-1,3236,3156,3155,-1,3236,3155,3237,-1,3237,3155,3144,-1,3237,3144,3238,-1,3238,3144,3143,-1,3238,3143,3239,-1,3239,3143,3142,-1,3239,3142,3240,-1,3240,3142,3141,-1,3240,3141,3241,-1,3241,3141,3140,-1,3241,3140,3242,-1,3242,3140,3154,-1,3242,3154,3243,-1,3243,3154,3114,-1,3243,3114,3244,-1,3244,3114,3134,-1,3244,3134,3245,-1,3245,3134,1727,-1,3245,1727,1726,-1,3246,3113,3247,-1,3247,3113,3112,-1,3246,3248,3113,-1,3113,3248,3249,-1,3113,3249,3115,-1,3115,3249,3250,-1,3115,3250,3116,-1,3116,3250,3251,-1,3116,3251,3117,-1,3117,3251,3252,-1,3117,3252,3118,-1,3118,3252,3253,-1,3118,3253,3119,-1,3119,3253,3254,-1,3119,3254,3120,-1,3120,3254,3255,-1,3120,3255,3121,-1,3121,3255,3256,-1,3121,3256,3122,-1,3122,3256,3257,-1,3122,3257,3123,-1,3123,3257,3258,-1,3123,3258,3124,-1,3124,3258,3259,-1,3124,3259,3125,-1,3125,3259,1709,-1,3125,1709,1708,-1,3112,3127,3247,-1,3247,3127,3126,-1,3247,3126,3260,-1,3260,3126,3111,-1,3260,3111,3261,-1,3261,3111,3110,-1,3261,3110,3262,-1,3262,3110,3139,-1,3262,3139,3263,-1,3263,3139,3138,-1,3263,3138,3264,-1,3264,3138,3137,-1,3264,3137,3265,-1,3265,3137,3136,-1,3265,3136,3266,-1,3266,3136,3135,-1,3266,3135,3267,-1,3267,3135,3109,-1,3267,3109,3268,-1,3268,3109,3108,-1,3268,3108,3269,-1,3269,3108,3107,-1,3269,3107,3270,-1,3270,3107,3099,-1,3270,3099,3271,-1,3100,3219,3099,-1,3099,3219,3271,-1,2190,3272,2185,-1,2185,3272,3089,-1,2186,2184,2164,-1,2164,2165,2186,-1,2186,2165,2159,-1,2186,2159,2187,-1,2187,2159,2158,-1,2187,2158,2188,-1,2188,2158,2156,-1,2188,2156,2189,-1,2189,2156,2155,-1,2189,2155,2190,-1,3273,2155,3105,-1,3105,2155,2157,-1,3274,3273,3105,-1,3275,3276,2535,-1,2535,3276,3277,-1,2535,3277,2536,-1,2536,3277,3278,-1,2536,3278,2537,-1,2537,3278,3279,-1,2537,3279,2538,-1,2538,3279,3280,-1,2538,3280,2539,-1,2539,3280,3281,-1,2539,3281,2540,-1,2540,3281,3282,-1,2540,3282,2541,-1,2541,3282,3283,-1,2541,3283,3101,-1,3101,3283,3284,-1,3101,3284,3092,-1,3092,3284,3285,-1,3092,3285,3093,-1,3093,3285,3286,-1,3093,3286,3094,-1,3094,3286,3287,-1,3094,3287,3102,-1,3102,3287,3288,-1,3102,3288,3103,-1,3103,3288,3289,-1,3103,3289,3104,-1,3104,3289,3290,-1,3104,3290,3095,-1,3095,3290,3291,-1,3095,3291,3096,-1,3096,3291,3292,-1,3096,3292,3097,-1,3097,3292,3293,-1,3097,3293,3098,-1,3098,3293,3274,-1,3098,3274,3106,-1,3106,3274,3105,-1,2535,2548,3275,-1,3275,2548,2547,-1,3275,2547,3294,-1,3294,2547,2546,-1,3294,2546,3295,-1,3295,2546,2545,-1,3295,2545,3296,-1,3296,2545,2544,-1,3296,2544,3297,-1,2542,3298,2543,-1,2543,3298,3299,-1,2543,3299,2544,-1,2544,3299,3300,-1,2544,3300,3297,-1,2247,2245,3301,-1,2247,3301,2549,-1,2549,3301,3302,-1,2549,3302,2542,-1,2542,3302,3303,-1,2542,3303,3298,-1,1100,1211,1254,-1,1068,1100,2238,-1,2238,1100,1254,-1,2238,1254,2240,-1,2240,1254,1256,-1,2245,2243,1256,-1,1256,2243,2241,-1,1256,2241,2240,-1,2245,1256,3301,-1,3301,1256,1258,-1,3301,1258,3302,-1,3300,3299,1260,-1,1260,3299,3298,-1,1260,3298,1258,-1,1258,3298,3303,-1,1258,3303,3302,-1,3294,3295,1262,-1,1262,3295,3296,-1,1262,3296,1260,-1,1260,3296,3297,-1,1260,3297,3300,-1,3282,3281,1266,-1,1266,3281,3280,-1,1266,3280,3279,-1,3279,3278,1266,-1,1266,3278,3277,-1,1266,3277,1264,-1,1264,3277,3276,-1,1264,3276,1262,-1,1262,3276,3275,-1,1262,3275,3294,-1,2775,2267,2766,-1,2766,2267,2266,-1,2766,2266,2767,-1,2767,2266,2252,-1,2767,2252,2779,-1,2779,2252,2251,-1,2779,2251,2771,-1,2771,2251,2265,-1,2771,2265,2781,-1,2781,2265,2264,-1,2781,2264,2776,-1,2776,2264,2263,-1,2776,2263,2777,-1,2777,2263,2272,-1,2777,2272,2778,-1,2778,2272,2250,-1,2778,2250,2785,-1,2785,2250,2249,-1,2785,2249,2786,-1,2249,2248,2786,-1,2786,2248,2273,-1,2786,2273,2787,-1,2787,2273,2274,-1,2787,2274,2788,-1,2788,2274,2275,-1,2788,2275,2789,-1,3304,2765,2774,-1,3305,3306,3307,-1,2774,3308,3304,-1,3304,3308,3309,-1,3304,3309,3307,-1,3307,3309,3310,-1,3307,3310,3305,-1,3306,3305,3311,-1,3311,3305,3312,-1,3311,3312,3313,-1,3313,3312,3314,-1,3313,3314,3315,-1,3315,3314,3316,-1,3315,3316,3317,-1,3317,3316,3318,-1,3317,3318,3319,-1,3319,3318,3320,-1,3319,3320,3321,-1,3320,3322,3321,-1,3321,3322,3323,-1,3321,3323,3324,-1,3324,3323,3325,-1,3324,3325,3326,-1,2258,2254,2773,-1,2773,2772,2258,-1,2258,2772,2764,-1,2258,2764,2259,-1,2259,2764,2763,-1,2259,2763,2260,-1,2260,2763,2768,-1,2260,2768,2261,-1,2261,2768,2780,-1,2261,2780,2262,-1,2262,2780,2770,-1,2262,2770,2255,-1,2255,2770,2769,-1,2255,2769,2256,-1,2256,2769,2784,-1,2256,2784,2257,-1,2257,2784,2783,-1,2257,2783,2253,-1,2253,2783,2782,-1,2253,2782,2268,-1,2268,2782,2790,-1,2268,2790,2269,-1,2269,2790,2791,-1,2269,2791,2270,-1,2270,2791,2792,-1,2270,2792,2271,-1,2806,2276,2797,-1,2797,2276,2277,-1,2797,2277,2798,-1,2798,2277,2295,-1,2798,2295,2800,-1,2800,2295,2294,-1,2800,2294,2801,-1,2801,2294,2293,-1,2801,2293,2811,-1,2811,2293,2292,-1,2811,2292,2812,-1,2812,2292,2291,-1,2812,2291,2813,-1,2813,2291,2290,-1,2813,2290,2814,-1,2814,2290,2289,-1,2814,2289,2815,-1,2815,2289,2288,-1,2815,2288,2816,-1,2288,2281,2816,-1,2816,2281,2280,-1,2816,2280,2819,-1,2819,2280,2279,-1,2819,2279,2818,-1,2818,2279,2300,-1,2818,2300,2817,-1,3327,2795,2794,-1,3328,3329,3330,-1,2794,3331,3327,-1,3327,3331,3332,-1,3327,3332,3330,-1,3330,3332,3333,-1,3330,3333,3328,-1,3329,3328,3334,-1,3334,3328,3335,-1,3334,3335,3336,-1,3336,3335,3337,-1,3336,3337,3338,-1,3338,3337,3339,-1,3338,3339,3340,-1,3340,3339,3341,-1,3340,3341,3342,-1,3342,3341,3343,-1,3342,3343,3344,-1,3343,3345,3344,-1,3344,3345,3346,-1,3344,3346,3347,-1,3347,3346,3348,-1,3347,3348,3349,-1,2282,2278,2793,-1,2793,2796,2282,-1,2282,2796,2799,-1,2282,2799,2283,-1,2283,2799,2802,-1,2283,2802,2284,-1,2284,2802,2810,-1,2284,2810,2299,-1,2299,2810,2809,-1,2299,2809,2297,-1,2297,2809,2807,-1,2297,2807,2301,-1,2301,2807,2808,-1,2301,2808,2302,-1,2302,2808,2805,-1,2302,2805,2303,-1,2303,2805,2804,-1,2303,2804,2285,-1,2285,2804,2803,-1,2285,2803,2286,-1,2286,2803,2820,-1,2286,2820,2287,-1,2287,2820,2821,-1,2287,2821,2298,-1,2298,2821,2822,-1,2298,2822,2296,-1,3350,2829,2823,-1,3351,2826,2827,-1,3350,3352,2829,-1,2829,3352,3353,-1,2829,3353,2828,-1,3353,3354,2828,-1,2828,3354,3355,-1,2828,3355,2827,-1,2827,3355,3356,-1,2827,3356,3351,-1,3087,3357,2831,-1,2831,3357,3358,-1,2831,3358,2832,-1,2832,3358,3359,-1,2832,3359,2840,-1,3360,3084,3361,-1,3361,3084,2824,-1,3361,2824,3362,-1,3362,2824,2825,-1,3362,2825,3363,-1,3363,2825,2826,-1,3363,2826,3364,-1,3364,2826,3351,-1,2840,3359,2841,-1,2841,3359,3365,-1,2841,3365,2842,-1,2842,3365,3366,-1,2842,3366,2843,-1,2843,3366,3367,-1,2843,3367,2836,-1,2836,3367,3368,-1,2836,3368,2837,-1,3368,3369,2837,-1,2837,3369,3370,-1,2837,3370,2838,-1,2838,3370,3371,-1,2838,3371,2839,-1,2839,3371,2835,-1,2835,3371,3372,-1,2835,3372,2834,-1,2834,3372,3373,-1,2834,3373,2833,-1,2833,3373,3374,-1,2833,3374,2830,-1,2830,3374,3375,-1,2830,3375,660,-1,660,3375,3376,-1,660,3376,656,-1,39,3377,613,-1,613,3377,3378,-1,613,3378,2823,-1,2823,3378,3379,-1,2823,3379,3350,-1,39,40,3377,-1,3377,40,622,-1,3377,622,3376,-1,3376,622,529,-1,3376,529,530,-1,530,651,3376,-1,3376,651,652,-1,3376,652,653,-1,653,654,3376,-1,3376,654,655,-1,3376,655,656,-1,3082,2871,2933,-1,2933,2871,2873,-1,3062,3064,2933,-1,2933,3064,3066,-1,3074,3076,3082,-1,3082,3076,3078,-1,3082,3078,3080,-1,3066,3068,2933,-1,2933,3068,3070,-1,2933,3070,3082,-1,3082,3070,3072,-1,3082,3072,3074,-1,2099,2102,3058,-1,3058,2102,3082,-1,3058,3082,3081,-1,3081,3082,3080,-1,2935,1238,2931,-1,2931,1238,3043,-1,2931,3043,2933,-1,2933,3043,3060,-1,2933,3060,3062,-1,2893,2933,2894,-1,2894,2933,2873,-1,2894,2873,2895,-1,2893,2892,2933,-1,2933,2892,2891,-1,2933,2891,2890,-1,2914,2913,2933,-1,2874,2885,3361,-1,3361,2885,2884,-1,3361,2884,2883,-1,2935,2984,1238,-1,1238,2984,2982,-1,1238,2982,2980,-1,2968,2966,1238,-1,2890,2898,2933,-1,2933,2898,2899,-1,2933,2899,2900,-1,2883,2882,3361,-1,3361,2882,2868,-1,3361,2868,3360,-1,3360,2868,2869,-1,3360,2869,3082,-1,3082,2869,2315,-1,3082,2315,2871,-1,2882,2881,2868,-1,2868,2881,2880,-1,2868,2880,2879,-1,2879,2878,2868,-1,2868,2878,2888,-1,2868,2888,2887,-1,2939,2937,3034,-1,3034,2937,2942,-1,3034,2942,2944,-1,2944,2946,3034,-1,3034,2946,2948,-1,3034,2948,2950,-1,2950,2952,3034,-1,3034,2952,2954,-1,3034,2954,2956,-1,2956,2958,3034,-1,3034,2958,2960,-1,3034,2960,2962,-1,3002,3004,1240,-1,2903,2916,2933,-1,2933,2916,2915,-1,2933,2915,2914,-1,2913,2912,2933,-1,2933,2912,2911,-1,2933,2911,2910,-1,2910,2909,2933,-1,2933,2909,2908,-1,2933,2908,2907,-1,2925,2924,3361,-1,3361,2924,2923,-1,2923,2922,3361,-1,3361,2922,2921,-1,3361,2921,2920,-1,2920,2919,3361,-1,3361,2919,2918,-1,3361,2918,2928,-1,2928,2929,3361,-1,3361,2929,2875,-1,3361,2875,2874,-1,2889,2897,2873,-1,2873,2897,2896,-1,2873,2896,2895,-1,2966,2964,1238,-1,1238,2964,2963,-1,1238,2963,2939,-1,3004,3006,1240,-1,1240,3006,3008,-1,1240,3008,3010,-1,2900,2901,2933,-1,2933,2901,2902,-1,2933,2902,2903,-1,2917,2927,3361,-1,3361,2927,2926,-1,3361,2926,2925,-1,2887,2886,2868,-1,2868,2886,2876,-1,2868,2876,2877,-1,1449,1451,1607,-1,1607,1451,1619,-1,1607,1619,2962,-1,2962,1619,3036,-1,2962,3036,3034,-1,2980,2978,1238,-1,1238,2978,2976,-1,1238,2976,2974,-1,2974,2972,1238,-1,1238,2972,2970,-1,1238,2970,2968,-1,1238,3030,3028,-1,3028,3026,1238,-1,1238,3026,3024,-1,1238,3024,3022,-1,3015,2989,1240,-1,1240,2989,2987,-1,2987,2992,1240,-1,1240,2992,2994,-1,1240,2994,2996,-1,2996,2998,1240,-1,1240,2998,3000,-1,1240,3000,3002,-1,2906,2905,3361,-1,3361,2905,2904,-1,3361,2904,2917,-1,2889,2873,2877,-1,2877,2873,2314,-1,2877,2314,2868,-1,2939,3034,1238,-1,1238,3034,3032,-1,1238,3032,3030,-1,2907,2906,2933,-1,2933,2906,3361,-1,2933,3361,3014,-1,3014,3361,1240,-1,3014,1240,3012,-1,3012,1240,3010,-1,3022,3020,1238,-1,1238,3020,3018,-1,1238,3018,1240,-1,1240,3018,3016,-1,1240,3016,3015,-1,3360,3082,3084,-1,3084,3082,3083,-1,3357,3087,3272,-1,3272,3087,3089,-1,3287,3219,3218,-1,1268,3221,3258,-1,2190,2155,3272,-1,3272,2155,3273,-1,3273,3274,3272,-1,3272,3274,3293,-1,3272,3293,3292,-1,3158,3358,3159,-1,3159,3358,3357,-1,3159,3357,2557,-1,2557,3357,3272,-1,2557,3272,3161,-1,3161,3272,3218,-1,3161,3218,3160,-1,3287,3218,3288,-1,3226,3225,1268,-1,3221,3222,3258,-1,3258,3222,3235,-1,3258,3235,3236,-1,3236,3237,3258,-1,3258,3237,3238,-1,3258,3238,3239,-1,3239,3240,3258,-1,3258,3240,3241,-1,3258,3241,3242,-1,3242,3243,3258,-1,3258,3243,3244,-1,3258,3244,3245,-1,3265,3266,1266,-1,3292,3291,3272,-1,3272,3291,3290,-1,3272,3290,3218,-1,3218,3290,3289,-1,3218,3289,3288,-1,3225,3224,1268,-1,1268,3224,3223,-1,1268,3223,3221,-1,1544,1543,1726,-1,1726,1543,1709,-1,1726,1709,3245,-1,3245,1709,3259,-1,3245,3259,3258,-1,3258,3257,1268,-1,1268,3257,3256,-1,1268,3256,3255,-1,3255,3254,1268,-1,1268,3254,3253,-1,1268,3253,3252,-1,3248,3246,1266,-1,1266,3246,3247,-1,3247,3260,1266,-1,1266,3260,3261,-1,1266,3261,3262,-1,3262,3263,1266,-1,1266,3263,3264,-1,1266,3264,3265,-1,3287,3286,3219,-1,3219,3286,3285,-1,3219,3285,3284,-1,3266,3267,1266,-1,1266,3267,3268,-1,1266,3268,3269,-1,3214,3158,3215,-1,3215,3158,3216,-1,3187,1268,3188,-1,3188,1268,3189,-1,3232,3231,1268,-1,1268,3231,3230,-1,1268,3230,3229,-1,3229,3228,1268,-1,1268,3228,3227,-1,1268,3227,3226,-1,3191,3204,3218,-1,3218,3204,3203,-1,3218,3203,3202,-1,3195,3194,3160,-1,3214,3213,3158,-1,3158,3213,3212,-1,3158,3212,3211,-1,3211,3210,3158,-1,3158,3210,3209,-1,3158,3209,3358,-1,3358,3209,3208,-1,3358,3208,3207,-1,3174,3173,3358,-1,3358,3173,3172,-1,3358,3172,3171,-1,3171,3170,3358,-1,3358,3170,3169,-1,3358,3169,3168,-1,3187,3186,1268,-1,1268,3186,3185,-1,1268,3185,3184,-1,1268,3218,3220,-1,3252,3251,1268,-1,1268,3251,3250,-1,1268,3250,1266,-1,1266,3250,3249,-1,1266,3249,3248,-1,3269,3270,1266,-1,1266,3270,3271,-1,1266,3271,3282,-1,3282,3271,3219,-1,3282,3219,3283,-1,3283,3219,3284,-1,3202,3201,3218,-1,3218,3201,3200,-1,3218,3200,3199,-1,3162,3176,3358,-1,3358,3176,3175,-1,3358,3175,3174,-1,3179,3180,3218,-1,3218,3180,3181,-1,3218,3181,3191,-1,3220,3234,1268,-1,1268,3234,3233,-1,1268,3233,3232,-1,3199,3198,3218,-1,3218,3198,3197,-1,3218,3197,3160,-1,3160,3197,3196,-1,3160,3196,3195,-1,3207,3206,3358,-1,3358,3206,3163,-1,3358,3163,3162,-1,3168,3167,3358,-1,3358,3167,3166,-1,3358,3166,3165,-1,3165,3164,3358,-1,3358,3164,3177,-1,3358,3177,1268,-1,1268,3177,3190,-1,1268,3190,3189,-1,3184,3183,1268,-1,1268,3183,3182,-1,1268,3182,3218,-1,3218,3182,3178,-1,3218,3178,3179,-1,3194,3193,3160,-1,3160,3193,3192,-1,3160,3192,2556,-1,2556,3192,3205,-1,2556,3205,3158,-1,3158,3205,3217,-1,3158,3217,3216,-1,722,693,3380,-1,3380,693,3381,-1,3380,3381,3382,-1,3382,3381,3383,-1,722,3380,723,-1,723,3380,3384,-1,723,3384,724,-1,724,3384,3385,-1,724,3385,672,-1,672,3385,3386,-1,672,3386,673,-1,673,3386,3387,-1,673,3387,674,-1,674,3387,3388,-1,674,3388,675,-1,675,3388,3389,-1,675,3389,685,-1,685,3389,3390,-1,685,3390,686,-1,686,3390,3391,-1,686,3391,687,-1,687,3391,3392,-1,687,3392,696,-1,696,3392,3393,-1,696,3393,697,-1,697,3393,3394,-1,697,3394,678,-1,728,3395,3396,-1,3381,693,692,-1,728,3396,729,-1,729,3396,3397,-1,729,3397,665,-1,665,3397,3398,-1,665,3398,666,-1,666,3398,3399,-1,666,3399,703,-1,703,3399,3400,-1,703,3400,704,-1,704,3400,3401,-1,704,3401,705,-1,705,3401,3402,-1,705,3402,706,-1,706,3402,3403,-1,706,3403,707,-1,707,3403,3404,-1,707,3404,667,-1,667,3404,3405,-1,667,3405,668,-1,668,3405,3406,-1,668,3406,691,-1,691,3406,3407,-1,691,3407,692,-1,692,3407,3383,-1,692,3383,3381,-1,3408,3395,728,-1,728,726,3408,-1,3408,726,2847,-1,3408,2847,2845,-1,2267,2775,2017,-1,2017,2775,2765,-1,2017,2765,2018,-1,2018,2765,3304,-1,2018,3304,2019,-1,2019,3304,3307,-1,2019,3307,2021,-1,2021,3307,2022,-1,2845,2844,3408,-1,3408,2844,2849,-1,3408,2849,2851,-1,2851,2853,3408,-1,3408,2853,2304,-1,3408,2304,3326,-1,3326,2304,1999,-1,3326,1999,3324,-1,3324,1999,2002,-1,3324,2002,3321,-1,3321,2002,2004,-1,3321,2004,3319,-1,3319,2004,2006,-1,3319,2006,3317,-1,3317,2006,2008,-1,3317,2008,3315,-1,3315,2008,2010,-1,3315,2010,3313,-1,3313,2010,2013,-1,3313,2013,3311,-1,3311,2013,2022,-1,3311,2022,3306,-1,3306,2022,3307,-1,3408,3326,3409,-1,3409,3326,3325,-1,727,3410,725,-1,725,3410,3409,-1,725,3409,2848,-1,2848,3409,2846,-1,2854,2855,3409,-1,2773,2254,2774,-1,2774,2254,2016,-1,2774,2016,3308,-1,3308,2016,3309,-1,3309,2016,2015,-1,3309,2015,3310,-1,2855,2852,3409,-1,3409,2852,2850,-1,3409,2850,2846,-1,2015,2020,3310,-1,3310,2020,2014,-1,3310,2014,3305,-1,3305,2014,2012,-1,3305,2012,3312,-1,3312,2012,3314,-1,3314,2012,2011,-1,3314,2011,3316,-1,3316,2011,2009,-1,3316,2009,3318,-1,3318,2009,2007,-1,3318,2007,3320,-1,3320,2007,2005,-1,3320,2005,3322,-1,3322,2005,2003,-1,3322,2003,3323,-1,3323,2003,2001,-1,3323,2001,3325,-1,3325,2001,2000,-1,3325,2000,3409,-1,3409,2000,2305,-1,3409,2305,2854,-1,3411,3412,3413,-1,738,737,3411,-1,3411,3413,738,-1,738,3413,3414,-1,738,3414,664,-1,664,3414,3415,-1,664,3415,688,-1,688,3415,3416,-1,688,3416,689,-1,689,3416,3417,-1,689,3417,690,-1,690,3417,3418,-1,690,3418,698,-1,698,3418,3419,-1,698,3419,699,-1,699,3419,3420,-1,699,3420,700,-1,700,3420,3421,-1,700,3421,701,-1,701,3421,3422,-1,701,3422,702,-1,702,3422,3423,-1,702,3423,676,-1,676,3423,3424,-1,676,3424,677,-1,677,3424,3410,-1,677,3410,727,-1,3425,3412,3411,-1,747,3426,748,-1,748,3426,3427,-1,748,3427,749,-1,3427,3428,749,-1,749,3428,3429,-1,749,3429,694,-1,694,3429,3430,-1,694,3430,695,-1,695,3430,3431,-1,695,3431,720,-1,720,3431,3432,-1,720,3432,721,-1,721,3432,3433,-1,721,3433,669,-1,669,3433,3434,-1,669,3434,670,-1,670,3434,3435,-1,670,3435,682,-1,682,3435,3436,-1,682,3436,683,-1,683,3436,3437,-1,683,3437,684,-1,684,3437,3425,-1,684,3425,736,-1,736,3425,3411,-1,736,3411,737,-1,3426,747,3438,-1,3438,747,746,-1,752,3439,3440,-1,752,3440,713,-1,713,3440,3441,-1,713,3441,714,-1,714,3441,3442,-1,714,3442,715,-1,715,3442,3443,-1,715,3443,716,-1,716,3443,3444,-1,716,3444,717,-1,717,3444,3445,-1,717,3445,718,-1,718,3445,3446,-1,718,3446,719,-1,719,3446,3447,-1,719,3447,733,-1,733,3447,3448,-1,733,3448,734,-1,734,3448,3449,-1,734,3449,735,-1,735,3449,3450,-1,735,3450,744,-1,744,3450,3451,-1,744,3451,745,-1,745,3451,3438,-1,745,3438,746,-1,3439,752,3452,-1,3452,752,751,-1,3452,751,750,-1,3452,750,3453,-1,3453,750,743,-1,3453,743,3454,-1,3454,743,742,-1,3454,742,3455,-1,3455,742,741,-1,3455,741,3456,-1,3456,741,712,-1,3456,712,3457,-1,3457,712,711,-1,3457,711,3458,-1,3458,711,709,-1,3458,709,3459,-1,3459,709,708,-1,3459,708,3460,-1,3460,708,732,-1,3460,732,3461,-1,3461,732,731,-1,3461,731,3462,-1,3462,731,730,-1,3462,730,3463,-1,3463,730,681,-1,3463,681,3464,-1,3464,681,680,-1,3464,680,3465,-1,3465,680,3394,-1,3394,680,678,-1,3466,446,3467,-1,3467,446,445,-1,3467,445,3468,-1,3468,445,444,-1,3468,444,3469,-1,3469,444,433,-1,3469,433,3470,-1,3470,433,432,-1,3470,432,3471,-1,3471,432,431,-1,3471,431,3472,-1,431,418,3472,-1,3472,418,417,-1,3472,417,3473,-1,3473,417,416,-1,3473,416,3474,-1,3474,416,412,-1,3474,412,3475,-1,3475,412,414,-1,3475,414,3476,-1,3476,414,415,-1,3476,415,3477,-1,3477,415,430,-1,3477,430,3478,-1,3478,430,429,-1,3478,429,3479,-1,3479,429,428,-1,3479,428,3480,-1,3480,428,427,-1,3480,427,3481,-1,3481,427,426,-1,3481,426,3482,-1,3482,426,425,-1,3482,425,3483,-1,3483,425,424,-1,3483,424,3484,-1,3484,424,423,-1,3484,423,3485,-1,3485,423,422,-1,3485,422,3486,-1,3486,422,421,-1,3486,421,3487,-1,3487,421,420,-1,3487,420,3488,-1,3488,420,419,-1,3488,419,3489,-1,3489,419,411,-1,3489,411,3490,-1,3490,411,410,-1,3490,410,3491,-1,3491,410,409,-1,3491,409,3492,-1,3493,3492,409,-1,409,408,3493,-1,3493,408,2856,-1,3493,2856,2858,-1,2276,2806,2041,-1,2041,2806,2795,-1,2041,2795,2042,-1,2042,2795,3327,-1,2042,3327,2043,-1,2043,3327,3330,-1,2043,3330,2045,-1,2045,3330,2046,-1,2858,2860,3493,-1,3493,2860,2861,-1,3493,2861,2863,-1,2863,2865,3493,-1,3493,2865,2306,-1,3493,2306,3349,-1,3349,2306,2023,-1,3349,2023,3347,-1,3347,2023,2026,-1,3347,2026,3344,-1,3344,2026,2028,-1,3344,2028,3342,-1,3342,2028,2030,-1,3342,2030,3340,-1,3340,2030,2032,-1,3340,2032,3338,-1,3338,2032,2034,-1,3338,2034,3336,-1,3336,2034,2037,-1,3336,2037,3334,-1,3334,2037,2046,-1,3334,2046,3329,-1,3329,2046,3330,-1,3493,3349,3494,-1,3494,3349,3348,-1,479,3495,478,-1,478,3495,3494,-1,478,3494,2857,-1,2857,3494,2859,-1,2866,2867,3494,-1,2793,2278,2794,-1,2794,2278,2040,-1,2794,2040,3331,-1,2867,2864,3494,-1,3494,2864,2862,-1,3494,2862,2859,-1,3331,2040,3332,-1,3332,2040,2039,-1,3332,2039,3333,-1,3333,2039,2044,-1,3333,2044,3328,-1,3328,2044,2038,-1,3328,2038,3335,-1,3335,2038,2036,-1,3335,2036,3337,-1,3337,2036,2035,-1,3337,2035,3339,-1,3339,2035,2033,-1,3339,2033,3341,-1,3341,2033,2031,-1,3341,2031,3343,-1,3343,2031,2029,-1,3343,2029,3345,-1,3345,2029,2027,-1,3345,2027,3346,-1,3346,2027,2025,-1,3346,2025,3348,-1,3348,2025,2024,-1,3348,2024,3494,-1,3494,2024,2307,-1,3494,2307,2866,-1,467,497,3496,-1,3496,3497,467,-1,467,3497,3498,-1,467,3498,468,-1,468,3498,3499,-1,468,3499,469,-1,469,3499,3500,-1,469,3500,470,-1,470,3500,3501,-1,470,3501,471,-1,471,3501,3502,-1,471,3502,472,-1,472,3502,3503,-1,472,3503,450,-1,450,3503,3504,-1,450,3504,451,-1,451,3504,3505,-1,451,3505,484,-1,484,3505,3506,-1,484,3506,485,-1,485,3506,3507,-1,485,3507,486,-1,486,3507,3508,-1,486,3508,487,-1,487,3508,3509,-1,487,3509,488,-1,488,3509,3510,-1,488,3510,489,-1,489,3510,3511,-1,489,3511,453,-1,453,3511,3512,-1,453,3512,454,-1,454,3512,3513,-1,454,3513,473,-1,473,3513,3514,-1,473,3514,474,-1,474,3514,3515,-1,474,3515,475,-1,475,3515,3516,-1,475,3516,476,-1,476,3516,3517,-1,476,3517,477,-1,477,3517,3518,-1,477,3518,460,-1,460,3518,3519,-1,460,3519,461,-1,461,3519,3520,-1,461,3520,462,-1,462,3520,3521,-1,462,3521,480,-1,480,3521,3495,-1,480,3495,479,-1,3496,497,3522,-1,3522,497,496,-1,459,3523,3524,-1,459,3524,481,-1,481,3524,3525,-1,481,3525,482,-1,482,3525,3526,-1,482,3526,483,-1,483,3526,3527,-1,483,3527,463,-1,463,3527,3528,-1,463,3528,464,-1,464,3528,3529,-1,464,3529,465,-1,465,3529,3530,-1,465,3530,466,-1,466,3530,3531,-1,466,3531,490,-1,490,3531,3532,-1,490,3532,491,-1,491,3532,3533,-1,491,3533,493,-1,493,3533,3534,-1,493,3534,494,-1,494,3534,3535,-1,494,3535,495,-1,495,3535,3522,-1,495,3522,496,-1,456,3536,458,-1,458,3536,3523,-1,458,3523,459,-1,437,3537,3538,-1,437,3538,436,-1,436,3538,3539,-1,436,3539,434,-1,434,3539,3540,-1,434,3540,438,-1,438,3540,3541,-1,438,3541,439,-1,439,3541,3542,-1,439,3542,440,-1,440,3542,3543,-1,440,3543,441,-1,441,3543,3544,-1,441,3544,442,-1,442,3544,3545,-1,442,3545,443,-1,443,3545,3546,-1,443,3546,447,-1,447,3546,3547,-1,447,3547,448,-1,448,3547,3548,-1,448,3548,449,-1,449,3548,3549,-1,449,3549,455,-1,455,3549,3536,-1,455,3536,456,-1,3537,437,3466,-1,3466,437,446,-1,3361,3362,1240,-1,1240,3362,1242,-1,3362,3363,1242,-1,1242,3363,3364,-1,1242,3364,1244,-1,3364,3351,1244,-1,1244,3351,3356,-1,1244,3356,1246,-1,3356,3355,1246,-1,1246,3355,3354,-1,1246,3354,1248,-1,3354,3353,1248,-1,1248,3353,3352,-1,1248,3352,1250,-1,3377,1253,3378,-1,3378,1253,1252,-1,3378,1252,3379,-1,3379,1252,1250,-1,3379,1250,3350,-1,3350,1250,3352,-1,3376,3375,1282,-1,1282,3375,1280,-1,3358,1268,3359,-1,3359,1268,1270,-1,3359,1270,3365,-1,3365,1270,1272,-1,1274,3367,1272,-1,1272,3367,3366,-1,1272,3366,3365,-1,1276,3369,1274,-1,1274,3369,3368,-1,1274,3368,3367,-1,1278,3371,1276,-1,1276,3371,3370,-1,1276,3370,3369,-1,3375,3374,1280,-1,1280,3374,3373,-1,1280,3373,1278,-1,1278,3373,3372,-1,1278,3372,3371,-1,3390,3376,3391,-1,3391,3376,3392,-1,3390,3389,3376,-1,3376,3389,3388,-1,3376,3388,3387,-1,3387,3386,3376,-1,3376,3386,3385,-1,3376,3385,3384,-1,3488,3489,3520,-1,3535,3534,1253,-1,1253,3534,3533,-1,1253,3533,3532,-1,3547,3546,3448,-1,3406,3376,3407,-1,3407,3376,3383,-1,3416,3415,3376,-1,3482,3520,3481,-1,3481,3520,3519,-1,3481,3519,3518,-1,3457,3458,1282,-1,3384,3380,3376,-1,3376,3380,3382,-1,3376,3382,3383,-1,3399,3398,3423,-1,3433,3377,3434,-1,3434,3377,3435,-1,3430,3468,3431,-1,3431,3468,3469,-1,3433,3432,3377,-1,3377,3432,3431,-1,3377,3431,3475,-1,3475,3476,3377,-1,3377,3476,3477,-1,3377,3477,3478,-1,3501,3500,3377,-1,3377,3500,3499,-1,3377,3499,3498,-1,3498,3497,3377,-1,3377,3497,3496,-1,3377,3496,1253,-1,1253,3496,3522,-1,1253,3522,3535,-1,3466,3467,3426,-1,1253,3448,3447,-1,3453,3454,1282,-1,3425,3437,3377,-1,3377,3437,3436,-1,3377,3436,3435,-1,3469,3470,3431,-1,3431,3470,3471,-1,3431,3471,3472,-1,3472,3473,3431,-1,3431,3473,3474,-1,3431,3474,3475,-1,3478,3479,3377,-1,3377,3479,3480,-1,3377,3480,3481,-1,3482,3483,3520,-1,3520,3483,3484,-1,3520,3484,3485,-1,3485,3486,3520,-1,3520,3486,3487,-1,3520,3487,3488,-1,3489,3490,3520,-1,3520,3490,3491,-1,3520,3491,3521,-1,3521,3491,3495,-1,3506,3505,3377,-1,3377,3505,3504,-1,3546,3545,3448,-1,3448,3545,3544,-1,3448,3544,3449,-1,3449,3544,3450,-1,3454,3455,1282,-1,1282,3455,3456,-1,1282,3456,3457,-1,3420,3419,3376,-1,3415,3414,3376,-1,3376,3414,3413,-1,3376,3413,3377,-1,3377,3413,3412,-1,3377,3412,3425,-1,3430,3429,3468,-1,3468,3429,3428,-1,3468,3428,3467,-1,3467,3428,3427,-1,3467,3427,3426,-1,3495,3491,3494,-1,3494,3491,3492,-1,3494,3492,3493,-1,3512,3377,3513,-1,3513,3377,3514,-1,3509,3508,3377,-1,3377,3508,3507,-1,3377,3507,3506,-1,3504,3503,3377,-1,3377,3503,3502,-1,3377,3502,3501,-1,3532,3531,1253,-1,1253,3531,3530,-1,1253,3530,3529,-1,3447,3446,1253,-1,1253,3446,3445,-1,1253,3445,3444,-1,3458,3459,1282,-1,1282,3459,3460,-1,1282,3460,3461,-1,3405,3404,3423,-1,3423,3404,3403,-1,3423,3403,3402,-1,3402,3401,3423,-1,3423,3401,3400,-1,3423,3400,3399,-1,3398,3397,3423,-1,3423,3397,3396,-1,3423,3396,3424,-1,3424,3396,3410,-1,3405,3423,3406,-1,3406,3423,3422,-1,3406,3422,3376,-1,3376,3422,3421,-1,3376,3421,3420,-1,3419,3418,3376,-1,3376,3418,3417,-1,3376,3417,3416,-1,3512,3511,3377,-1,3377,3511,3510,-1,3377,3510,3509,-1,3529,3528,1253,-1,1253,3528,3527,-1,1253,3527,3526,-1,3544,3543,3450,-1,3450,3543,3542,-1,3450,3542,3541,-1,3461,3462,1282,-1,1282,3462,3463,-1,1282,3463,3464,-1,3410,3396,3409,-1,3409,3396,3395,-1,3409,3395,3408,-1,3518,3517,3481,-1,3481,3517,3516,-1,3481,3516,3377,-1,3377,3516,3515,-1,3377,3515,3514,-1,3541,3540,3450,-1,3450,3540,3539,-1,3450,3539,3538,-1,3444,3443,1253,-1,1253,3443,3442,-1,1253,3442,3441,-1,3526,3525,1253,-1,1253,3525,3524,-1,1253,3524,3523,-1,3464,3465,1282,-1,1282,3465,3394,-1,1282,3394,3376,-1,3376,3394,3393,-1,3376,3393,3392,-1,3523,3536,1253,-1,1253,3536,3549,-1,1253,3549,3448,-1,3448,3549,3548,-1,3448,3548,3547,-1,3441,3440,1253,-1,1253,3440,3439,-1,1253,3439,1282,-1,1282,3439,3452,-1,1282,3452,3453,-1,3466,3426,3537,-1,3537,3426,3438,-1,3537,3438,3538,-1,3538,3438,3451,-1,3538,3451,3450,-1,
        ]
    }
}
Shape{
    appearance Appearance {
        material  Material 	{
            diffuseColor 0.792156862745098 0.8196078431372549 0.9333333333333333
            specularColor 0.396078431372549 0.4117647058823529 0.4666666666666667
            ambientIntensity 0.2
            transparency 0
            shininess 0.5
        }
    }
    geometry IndexedFaceSet {
        ccw TRUE
        solid FALSE
        coord DEF co Coordinate {
            point [
                2.572 -0.8268 -2.0472, 2.5787 -0.8268 -2.0472, 2.572 -0.8268 -1.7717, 2.5787 -0.8268 -1.7717, 2.5787 -0.8268 -1.7717
            ]
        }
        coordIndex [
            0,1,2,-1,2,1,3,-1,
        ]
    }
}
Shape{
    appearance Appearance {
        material  Material 	{
            diffuseColor 0.0 0.0 0.0
            specularColor 0.0 0.0 0.0
            ambientIntensity 0.2
            transparency 0
            shininess 0.5
        }
    }
    geometry IndexedFaceSet {
        ccw TRUE
        solid FALSE
        coord DEF co Coordinate {
            point [
                -0.0973 -0.8868 0.0004, -0.0973 -0.905 0.0004, -0.0973 -0.8868 -0.0, -0.0973 -0.905 0.0, -0.161 -0.8868 0.0004, -0.161 -0.8868 -0.0, -0.161 -0.7449 0.0004, -0.161 -0.7449 -0.0, -0.1817 -0.7449 0.0004, -0.1817 -0.7449 -0.0, -0.1817 -0.905 0.0004, -0.1817 -0.905 -0.0, 0.0093 -0.9054 0.0004, -0.0151 -0.9077 0.0004, -0.001 -0.9064 -0.0, -0.0151 -0.9077 0.0, 0.0093 -0.9054 -0.0, 0.0265 -0.8997 -0.0, 0.0265 -0.8997 0.0004, 0.0292 -0.8984 -0.0, 0.0292 -0.8984 0.0004, 0.0292 -0.8786 0.0004, 0.0292 -0.8786 -0.0, 0.0134 -0.8857 -0.0, 0.0134 -0.8857 0.0004, -0.0047 -0.889 -0.0, -0.0047 -0.889 0.0004, -0.0122 -0.8893 -0.0, -0.0122 -0.8893 0.0004, -0.0259 -0.8879 -0.0, -0.0259 -0.8879 0.0004, -0.0378 -0.8839 -0.0, -0.0378 -0.8839 0.0004, -0.0486 -0.8769 -0.0, -0.0486 -0.8769 0.0004, -0.0533 -0.8724 -0.0, -0.0533 -0.8724 0.0004, -0.0605 -0.8626 -0.0, -0.0605 -0.8626 0.0004, -0.0659 -0.8499 -0.0, -0.0659 -0.8499 0.0004, -0.0687 -0.8343 -0.0, -0.0687 -0.8343 0.0004, -0.069 -0.8267 -0.0, -0.069 -0.8267 0.0004, -0.0664 -0.8047 -0.0, -0.0664 -0.8047 0.0004, -0.061 -0.7909 -0.0, -0.061 -0.7909 0.0004, -0.0533 -0.7798 -0.0, -0.0533 -0.7798 0.0004, -0.0522 -0.7786 -0.0, -0.0522 -0.7786 0.0004, -0.0425 -0.7704 -0.0, -0.0425 -0.7704 0.0004, -0.0301 -0.7642 -0.0, -0.0301 -0.7642 0.0004, -0.0164 -0.7612 -0.0, -0.0164 -0.7612 0.0004, -0.0086 -0.7608 -0.0, -0.0086 -0.7608 0.0004, 0.0112 -0.7632 -0.0, 0.0112 -0.7632 0.0004, 0.0274 -0.7694 -0.0, 0.0274 -0.7694 0.0004, 0.0292 -0.7703 -0.0, 0.0292 -0.7703 0.0004, 0.0292 -0.7487 0.0004, 0.0292 -0.7487 -0.0, -0.0088 -0.7422 -0.0, -0.0088 -0.7422 0.0004, 0.0084 -0.7435 -0.0, 0.0122 -0.7438 0.0004, 0.0122 -0.7438 -0.0, -0.0199 -0.7435 -0.0, -0.0319 -0.745 0.0004, -0.0319 -0.745 -0.0, -0.0486 -0.7515 -0.0, -0.0486 -0.7515 0.0004, -0.0636 -0.762 -0.0, -0.0636 -0.762 0.0004, -0.0676 -0.7658 -0.0, -0.0676 -0.7658 0.0004, -0.0792 -0.7809 -0.0, -0.0792 -0.7809 0.0004, -0.0835 -0.7911 -0.0, -0.0868 -0.7987 0.0004, -0.0868 -0.7987 -0.0, -0.0904 -0.8196 -0.0, -0.0904 -0.8196 0.0004, -0.0907 -0.828 -0.0, -0.0907 -0.828 0.0004, -0.0876 -0.854 -0.0, -0.0876 -0.854 0.0004, -0.0835 -0.8643 -0.0, -0.081 -0.8708 0.0004, -0.081 -0.8708 -0.0, -0.0715 -0.8844 -0.0, -0.0715 -0.8844 0.0004, -0.0702 -0.8859 -0.0, -0.0702 -0.8859 0.0004, -0.0248 -0.9073 0.0004, -0.0573 -0.8966 -0.0, -0.0573 -0.8966 0.0004, -0.0422 -0.9037 -0.0, -0.0422 -0.9037 0.0004, -0.0292 -0.9064 -0.0, -0.0248 -0.9073 -0.0, 0.1474 -0.8868 0.0004, 0.1474 -0.905 0.0004, 0.1474 -0.8868 -0.0, 0.1474 -0.905 0.0, 0.0819 -0.8868 -0.0, 0.0819 -0.8868 0.0004, 0.1252 -0.8868 -0.0, 0.0819 -0.8329 0.0004, 0.0819 -0.8329 -0.0, 0.1392 -0.8329 -0.0, 0.1392 -0.8329 0.0004, 0.1252 -0.8329 -0.0, 0.1392 -0.8145 0.0004, 0.1392 -0.8145 -0.0, 0.0819 -0.8145 -0.0, 0.0819 -0.8145 0.0004, 0.1252 -0.8145 -0.0, 0.0819 -0.7633 0.0004, 0.0819 -0.7633 -0.0, 0.1437 -0.7633 -0.0, 0.1437 -0.7633 0.0004, 0.1252 -0.7633 -0.0, 0.1437 -0.7449 0.0004, 0.1437 -0.7449 -0.0, 0.0612 -0.7449 -0.0, 0.0612 -0.7449 0.0004, 0.1252 -0.7449 -0.0, 0.0612 -0.905 0.0004, 0.0612 -0.905 -0.0, 0.1252 -0.905 -0.0, 0.2838 -0.8826 0.0004, 0.2673 -0.8718 0.0004, 0.2671 -0.8946 0.0004, 0.257 -0.879 0.0004, 0.2489 -0.9017 0.0004, 0.2437 -0.8841 0.0004, 0.2217 -0.905 0.0004, 0.2215 -0.8868 0.0004, 0.1776 -0.905 0.0004, 0.1983 -0.8868 0.0004, 0.1776 -0.7449 0.0004, 0.1983 -0.7633 0.0004, 0.2233 -0.7449 0.0004, 0.2225 -0.7633 0.0004, 0.2244 -0.7633 0.0004, 0.2478 -0.7476 0.0004, 0.2448 -0.766 0.0004, 0.2671 -0.7546 0.0004, 0.2584 -0.7713 0.0004, 0.2838 -0.7661 0.0004, 0.2687 -0.7784 0.0004, 0.2895 -0.7716 0.0004, 0.2732 -0.7828 0.0004, 0.2994 -0.7856 0.0004, 0.2794 -0.7917 0.0004, 0.3053 -0.8008 0.0004, 0.2839 -0.8034 0.0004, 0.308 -0.8229 0.0004, 0.2863 -0.8235 0.0004, 0.3075 -0.8331 0.0004, 0.2856 -0.8347 0.0004, 0.3036 -0.8519 0.0004, 0.2823 -0.8491 0.0004, 0.2958 -0.8684 0.0004, 0.2767 -0.8609 0.0004, 0.2692 -0.8701 0.0004, 0.2217 -0.905 -0.0, 0.1776 -0.905 0.0, 0.2838 -0.8826 -0.0, 0.2489 -0.9017 -0.0, 0.251 -0.9009 -0.0, 0.2671 -0.8946 -0.0, 0.2958 -0.8684 -0.0, 0.3036 -0.8519 -0.0, 0.3075 -0.8331 -0.0, 0.308 -0.8229 -0.0, 0.3053 -0.8008 -0.0, 0.2994 -0.7856 -0.0, 0.2895 -0.7716 -0.0, 0.2838 -0.7661 -0.0, 0.2233 -0.7449 -0.0, 0.2671 -0.7546 -0.0, 0.251 -0.7488 -0.0, 0.2478 -0.7476 -0.0, 0.1776 -0.7449 -0.0, 0.2225 -0.7633 -0.0, 0.1983 -0.7633 0.0, 0.1983 -0.8868 0.0, 0.2215 -0.8868 0.0, 0.2692 -0.8701 0.0, 0.2673 -0.8718 0.0, 0.257 -0.879 0.0, 0.2437 -0.8841 0.0, 0.2863 -0.8235 0.0, 0.2856 -0.8347 0.0, 0.2823 -0.8491 0.0, 0.2767 -0.8609 0.0, 0.2687 -0.7784 0.0, 0.2732 -0.7828 0.0, 0.2794 -0.7917 0.0, 0.2839 -0.8034 0.0, 0.2244 -0.7633 0.0, 0.2448 -0.766 0.0, 0.2584 -0.7713 0.0, 0.2584 -0.7713 0.0
            ]
        }
        coordIndex [
            0,1,2,-1,2,1,3,-1,4,0,5,-1,5,0,2,-1,6,4,7,-1,7,4,5,-1,8,6,9,-1,9,6,7,-1,10,8,11,-1,11,8,9,-1,1,10,3,-1,3,10,11,-1,6,8,4,-1,4,8,10,-1,4,10,0,-1,0,10,1,-1,12,13,14,-1,14,13,15,-1,14,16,12,-1,12,16,17,-1,12,17,18,-1,18,17,19,-1,18,19,20,-1,21,20,22,-1,22,20,19,-1,21,22,23,-1,21,23,24,-1,24,23,25,-1,24,25,26,-1,26,25,27,-1,26,27,28,-1,28,27,29,-1,28,29,30,-1,30,29,31,-1,30,31,32,-1,32,31,33,-1,32,33,34,-1,34,33,35,-1,34,35,36,-1,36,35,37,-1,36,37,38,-1,38,37,39,-1,38,39,40,-1,40,39,41,-1,40,41,42,-1,42,41,43,-1,42,43,44,-1,44,43,45,-1,44,45,46,-1,46,45,47,-1,46,47,48,-1,48,47,49,-1,48,49,50,-1,50,49,51,-1,50,51,52,-1,52,51,53,-1,52,53,54,-1,54,53,55,-1,54,55,56,-1,56,55,57,-1,56,57,58,-1,58,57,59,-1,58,59,60,-1,60,59,61,-1,60,61,62,-1,62,61,63,-1,62,63,64,-1,64,63,65,-1,64,65,66,-1,67,66,68,-1,68,66,65,-1,69,70,71,-1,71,70,72,-1,71,72,73,-1,73,72,67,-1,73,67,68,-1,70,69,74,-1,70,74,75,-1,74,76,75,-1,75,76,77,-1,75,77,78,-1,78,77,79,-1,78,79,80,-1,80,79,81,-1,80,81,82,-1,82,81,83,-1,82,83,84,-1,84,83,85,-1,84,85,86,-1,85,87,86,-1,86,87,88,-1,86,88,89,-1,89,88,90,-1,89,90,91,-1,91,90,92,-1,91,92,93,-1,93,92,94,-1,93,94,95,-1,94,96,95,-1,95,96,97,-1,95,97,98,-1,98,97,99,-1,98,99,100,-1,15,13,101,-1,100,99,102,-1,100,102,103,-1,103,102,104,-1,103,104,105,-1,105,104,106,-1,105,106,101,-1,101,106,107,-1,101,107,15,-1,54,56,75,-1,46,48,84,-1,84,48,82,-1,75,56,70,-1,91,44,89,-1,89,44,46,-1,89,46,86,-1,86,46,84,-1,56,58,70,-1,70,58,60,-1,70,60,72,-1,72,60,62,-1,72,62,67,-1,67,62,64,-1,67,64,66,-1,20,21,18,-1,18,21,24,-1,18,24,12,-1,12,24,26,-1,12,26,13,-1,13,26,28,-1,13,28,101,-1,101,28,30,-1,101,30,105,-1,105,30,32,-1,105,32,103,-1,103,32,34,-1,103,34,100,-1,100,34,36,-1,100,36,98,-1,98,36,38,-1,98,38,95,-1,95,38,93,-1,93,38,40,-1,93,40,91,-1,91,40,42,-1,91,42,44,-1,48,50,82,-1,82,50,52,-1,82,52,80,-1,80,52,54,-1,80,54,78,-1,78,54,75,-1,108,109,110,-1,110,109,111,-1,112,113,114,-1,114,113,108,-1,114,108,110,-1,115,113,116,-1,116,113,112,-1,117,118,119,-1,119,118,115,-1,119,115,116,-1,120,118,121,-1,121,118,117,-1,122,123,124,-1,124,123,120,-1,124,120,121,-1,125,123,126,-1,126,123,122,-1,127,128,129,-1,129,128,125,-1,129,125,126,-1,130,128,131,-1,131,128,127,-1,132,133,134,-1,134,133,130,-1,134,130,131,-1,135,133,136,-1,136,133,132,-1,111,109,137,-1,137,109,135,-1,137,135,136,-1,135,109,108,-1,108,113,135,-1,135,113,115,-1,135,115,133,-1,128,130,125,-1,125,130,133,-1,125,133,123,-1,123,133,115,-1,123,115,120,-1,120,115,118,-1,138,139,140,-1,140,139,141,-1,140,141,142,-1,142,141,143,-1,142,143,144,-1,144,143,145,-1,144,145,146,-1,146,145,147,-1,146,147,148,-1,148,147,149,-1,148,149,150,-1,149,151,150,-1,150,151,152,-1,150,152,153,-1,153,152,154,-1,153,154,155,-1,155,154,156,-1,155,156,157,-1,157,156,158,-1,157,158,159,-1,159,158,160,-1,159,160,161,-1,161,160,162,-1,161,162,163,-1,163,162,164,-1,163,164,165,-1,165,164,166,-1,165,166,167,-1,167,166,168,-1,167,168,169,-1,169,168,170,-1,169,170,171,-1,171,170,172,-1,171,172,138,-1,138,172,173,-1,138,173,139,-1,144,146,174,-1,174,146,175,-1,176,138,140,-1,144,174,177,-1,144,177,142,-1,142,177,178,-1,142,178,140,-1,140,178,179,-1,140,179,176,-1,138,176,180,-1,138,180,171,-1,171,180,181,-1,171,181,169,-1,169,181,182,-1,169,182,167,-1,167,182,183,-1,167,183,165,-1,165,183,184,-1,165,184,163,-1,163,184,185,-1,163,185,161,-1,161,185,186,-1,161,186,159,-1,159,186,187,-1,159,187,157,-1,188,150,153,-1,157,187,189,-1,157,189,155,-1,155,189,190,-1,155,190,153,-1,153,190,191,-1,153,191,188,-1,148,150,192,-1,192,150,188,-1,146,148,175,-1,175,148,192,-1,151,149,193,-1,193,149,194,-1,149,147,194,-1,194,147,195,-1,147,145,195,-1,195,145,196,-1,173,197,198,-1,173,198,139,-1,139,198,199,-1,139,199,141,-1,141,199,200,-1,141,200,143,-1,143,200,196,-1,143,196,145,-1,166,201,202,-1,166,202,168,-1,168,202,203,-1,168,203,170,-1,170,203,204,-1,170,204,172,-1,172,204,197,-1,172,197,173,-1,158,205,206,-1,158,206,160,-1,160,206,207,-1,160,207,162,-1,162,207,208,-1,162,208,164,-1,164,208,201,-1,164,201,166,-1,151,193,209,-1,151,209,152,-1,152,209,210,-1,152,210,154,-1,154,210,211,-1,154,211,156,-1,156,211,205,-1,156,205,158,-1,
        ]
    }
}
Shape{
    appearance Appearance {
        material  Material 	{
            diffuseColor 0.7529411764705882 0.7529411764705882 0.7529411764705882
            specularColor 0.6627450980392157 0.6627450980392157 0.6627450980392157
            ambientIntensity 0.2
            transparency 0
            shininess 0.5
        }
    }
    geometry IndexedFaceSet {
        ccw TRUE
        solid FALSE
        coord DEF co Coordinate {
            point [
                0.257 -0.879 0.0, 0.2673 -0.8718 0.0, 0.2244 -0.7633 0.0, 0.1983 -0.7633 0.0, 0.1983 -0.8868 0.0, 0.2225 -0.7633 -0.0, 0.2215 -0.8868 0.0, 0.2437 -0.8841 0.0, 0.2692 -0.8701 0.0, 0.2767 -0.8609 0.0, 0.2823 -0.8491 0.0, 0.2863 -0.8235 0.0, 0.2687 -0.7784 0.0, 0.2584 -0.7713 0.0, 0.2839 -0.8034 0.0, 0.2794 -0.7917 0.0, 0.2732 -0.7828 0.0, 0.2856 -0.8347 0.0, 0.2448 -0.766 0.0, 0.2448 -0.766 0.0
            ]
        }
        coordIndex [
            0,1,2,-1,3,4,5,-1,5,4,6,-1,5,6,2,-1,2,6,7,-1,2,7,0,-1,1,8,2,-1,2,8,9,-1,2,9,10,-1,11,12,13,-1,14,15,11,-1,11,15,16,-1,11,16,12,-1,10,17,2,-1,2,17,11,-1,2,11,18,-1,18,11,13,-1,
        ]
    }
}
Shape{
    appearance Appearance {
        material  Material 	{
            diffuseColor 0.0 0.0 0.0
            specularColor 0.0 0.0 0.0
            ambientIntensity 0.2
            transparency 0
            shininess 0.5
        }
    }
    geometry IndexedFaceSet {
        ccw TRUE
        solid FALSE
        coord DEF co Coordinate {
            point [
                0.3617 -0.8431 0.0004, 0.3551 -0.8612 0.0004, 0.4154 -0.8431 0.0004, 0.4218 -0.8612 0.0004, 0.3856 -0.7766 0.0004, 0.3779 -0.7449 0.0004, 0.3169 -0.905 0.0004, 0.3397 -0.905 0.0004, 0.387 -0.7718 0.0004, 0.3882 -0.7653 0.0004, 0.4 -0.7449 0.0004, 0.3887 -0.7653 0.0004, 0.39 -0.7721 0.0004, 0.3912 -0.7766 0.0004, 0.461 -0.905 0.0004, 0.4381 -0.905 0.0004, 0.4 -0.7449 -0.0, 0.461 -0.905 0.0, 0.3779 -0.7449 -0.0, 0.3169 -0.905 -0.0, 0.363 -0.7838 -0.0, 0.3397 -0.905 -0.0, 0.3551 -0.8612 -0.0, 0.4218 -0.8612 -0.0, 0.363 -0.8612 -0.0, 0.4381 -0.905 -0.0, 0.3617 -0.8431 -0.0, 0.4154 -0.8431 0.0, 0.3912 -0.7766 0.0, 0.3887 -0.7653 0.0, 0.39 -0.7721 0.0, 0.3882 -0.7653 0.0, 0.3856 -0.7766 0.0, 0.387 -0.7718 0.0, 0.387 -0.7718 0.0
            ]
        }
        coordIndex [
            0,1,2,-1,2,1,3,-1,4,5,0,-1,0,5,6,-1,0,6,1,-1,1,6,7,-1,4,8,5,-1,5,8,9,-1,5,9,10,-1,10,9,11,-1,10,11,12,-1,12,13,10,-1,10,13,2,-1,10,2,14,-1,14,2,3,-1,14,3,15,-1,10,14,16,-1,16,14,17,-1,5,10,18,-1,18,10,16,-1,19,6,20,-1,20,6,5,-1,20,5,18,-1,7,6,21,-1,21,6,19,-1,1,7,22,-1,22,7,21,-1,23,3,24,-1,24,3,1,-1,24,1,22,-1,15,3,25,-1,25,3,23,-1,14,15,17,-1,17,15,25,-1,0,2,26,-1,26,2,27,-1,2,13,27,-1,27,13,28,-1,11,29,30,-1,11,30,12,-1,12,30,28,-1,12,28,13,-1,11,9,29,-1,29,9,31,-1,4,32,33,-1,4,33,8,-1,8,33,31,-1,8,31,9,-1,4,0,32,-1,32,0,26,-1,
        ]
    }
}
Shape{
    appearance Appearance {
        material  Material 	{
            diffuseColor 0.7529411764705882 0.7529411764705882 0.7529411764705882
            specularColor 0.6627450980392157 0.6627450980392157 0.6627450980392157
            ambientIntensity 0.2
            transparency 0
            shininess 0.5
        }
    }
    geometry IndexedFaceSet {
        ccw TRUE
        solid FALSE
        coord DEF co Coordinate {
            point [
                0.3887 -0.7653 0.0, 0.3882 -0.7653 0.0, 0.39 -0.7721 0.0, 0.387 -0.7718 0.0, 0.3912 -0.7766 0.0, 0.3856 -0.7766 0.0, 0.4154 -0.8431 0.0, 0.3617 -0.8431 -0.0, 0.3617 -0.8431 -0.0
            ]
        }
        coordIndex [
            0,1,2,-1,2,1,3,-1,2,3,4,-1,4,3,5,-1,4,5,6,-1,6,5,7,-1,
        ]
    }
}
Shape{
    appearance Appearance {
        material  Material 	{
            diffuseColor 0.0 0.0 0.0
            specularColor 0.0 0.0 0.0
            ambientIntensity 0.2
            transparency 0
            shininess 0.5
        }
    }
    geometry IndexedFaceSet {
        ccw TRUE
        solid FALSE
        coord DEF co Coordinate {
            point [
                -0.0956 -1.1408 0.0004, -0.0956 -1.1591 0.0004, -0.0956 -1.1408 -0.0, -0.0956 -1.1591 0.0, -0.161 -1.1408 0.0004, -0.161 -1.1408 -0.0, -0.161 -1.0869 0.0004, -0.161 -1.0869 -0.0, -0.1038 -1.0869 0.0004, -0.1038 -1.0869 -0.0, -0.1038 -1.0686 0.0004, -0.1038 -1.0686 -0.0, -0.161 -1.0686 0.0004, -0.161 -1.0686 -0.0, -0.161 -1.0173 -0.0, -0.161 -1.0173 0.0004, -0.161 -1.0205 -0.0, -0.0992 -1.0173 0.0004, -0.0992 -1.0173 -0.0, -0.0992 -0.9989 0.0004, -0.0992 -0.9989 -0.0, -0.1817 -0.9989 0.0004, -0.1817 -0.9989 -0.0, -0.1817 -1.1591 -0.0, -0.1817 -1.1591 0.0004, -0.1817 -1.0205 -0.0, -0.0045 -1.1591 0.0004, 0.0155 -1.1591 0.0004, -0.0045 -1.1414 0.0004, 0.0155 -1.0855 0.0004, -0.0313 -1.1053 0.0004, -0.0045 -1.1017 0.0004, -0.0045 -1.1126 0.0004, -0.0051 -1.1414 0.0004, -0.0157 -1.1384 0.0004, -0.01 -1.1484 0.0004, -0.0213 -1.1423 0.0004, -0.0046 -1.114 0.0004, -0.0059 -1.1229 0.0004, -0.0088 -1.1301 0.0004, -0.0131 -1.136 0.0004, -0.0527 -1.0945 0.0004, -0.0616 -1.0988 0.0004, -0.0489 -1.1109 0.0004, -0.0507 -1.1123 0.0004, -0.0045 -1.0864 0.0004, -0.0052 -1.0775 0.0004, 0.0141 -1.0709 0.0004, -0.0073 -1.0703 0.0004, 0.011 -1.0616 0.0004, -0.0097 -1.0662 0.0004, 0.007 -1.055 0.0004, -0.0127 -1.063 0.0004, 0.0017 -1.0498 0.0004, -0.0163 -1.0607 0.0004, -0.0049 -1.0459 0.0004, -0.0209 -1.0591 0.0004, -0.0132 -1.0433 0.0004, -0.0277 -1.0584 0.0004, -0.0258 -1.0421 0.0004, -0.0411 -1.0599 0.0004, -0.0461 -1.0445 0.0004, -0.0536 -1.0646 0.0004, -0.0611 -1.0503 0.0004, -0.0652 -1.0722 0.0004, -0.0652 -1.0527 0.0004, -0.0531 -1.1153 0.0004, -0.0679 -1.1041 0.0004, -0.0549 -1.119 0.0004, -0.072 -1.1098 0.0004, -0.0559 -1.1236 0.0004, -0.0519 -1.1384 0.0004, -0.0666 -1.1528 0.0004, -0.0502 -1.1401 0.0004, -0.0598 -1.1575 0.0004, -0.0462 -1.1429 0.0004, -0.0521 -1.1604 0.0004, -0.0417 -1.1445 0.0004, -0.0401 -1.1618 0.0004, -0.0349 -1.1453 0.0004, -0.0289 -1.1604 0.0004, -0.0274 -1.1445 0.0004, -0.0209 -1.1573 0.0004, -0.0165 -1.1545 0.0004, -0.0447 -1.1086 0.0004, -0.0384 -1.0911 0.0004, -0.0749 -1.1168 0.0004, -0.0763 -1.1253 0.0004, -0.056 -1.1268 0.0004, -0.0764 -1.1284 0.0004, -0.0555 -1.1314 0.0004, -0.0754 -1.1376 0.0004, -0.0542 -1.1351 0.0004, -0.0729 -1.1444 0.0004, -0.0688 -1.1505 0.0004, -0.0258 -1.0421 0.0, -0.0461 -1.0445 -0.0, -0.0611 -1.0503 -0.0, -0.0652 -1.0527 -0.0, -0.0652 -1.0722 -0.0, -0.0536 -1.0646 -0.0, -0.0411 -1.0599 -0.0, -0.0277 -1.0584 -0.0, -0.0209 -1.0591 -0.0, -0.0163 -1.0607 -0.0, -0.0127 -1.063 -0.0, -0.0097 -1.0662 -0.0, -0.0073 -1.0703 -0.0, -0.0052 -1.0775 -0.0, -0.0045 -1.0864 -0.0, -0.0384 -1.0911 -0.0, -0.0527 -1.0945 -0.0, -0.0616 -1.0988 -0.0, -0.0679 -1.1041 -0.0, -0.072 -1.1098 -0.0, -0.0749 -1.1168 -0.0, -0.0763 -1.1253 -0.0, -0.0764 -1.1284 -0.0, -0.0754 -1.1376 -0.0, -0.0729 -1.1444 -0.0, -0.0688 -1.1505 -0.0, -0.0666 -1.1528 -0.0, -0.0401 -1.1618 -0.0, -0.0517 -1.1604 -0.0, -0.0521 -1.1604 -0.0, -0.0598 -1.1575 -0.0, -0.029 -1.1604 -0.0, -0.0289 -1.1604 -0.0, -0.0209 -1.1573 -0.0, -0.0165 -1.1545 -0.0, -0.01 -1.1484 -0.0, -0.0051 -1.1414 -0.0, -0.0045 -1.1414 -0.0, -0.0045 -1.1591 -0.0, 0.0155 -1.1591 -0.0, 0.0155 -1.0855 -0.0, 0.0141 -1.0709 -0.0, 0.011 -1.0616 -0.0, 0.007 -1.055 -0.0, 0.0017 -1.0498 -0.0, -0.0049 -1.0459 -0.0, -0.0132 -1.0433 -0.0, -0.0507 -1.1123 0.0, -0.0489 -1.1109 0.0, -0.0447 -1.1086 0.0, -0.0313 -1.1053 -0.0, -0.056 -1.1268 0.0, -0.0559 -1.1236 0.0, -0.0549 -1.119 0.0, -0.0531 -1.1153 0.0, -0.0502 -1.1401 0.0, -0.0519 -1.1384 0.0, -0.0542 -1.1351 0.0, -0.0555 -1.1314 0.0, -0.0349 -1.1453 0.0, -0.0417 -1.1445 0.0, -0.0462 -1.1429 0.0, -0.0131 -1.136 0.0, -0.0157 -1.1384 0.0, -0.0213 -1.1423 0.0, -0.0274 -1.1445 0.0, -0.0045 -1.1126 0.0, -0.0046 -1.114 0.0, -0.0059 -1.1229 0.0, -0.0088 -1.1301 0.0, -0.0045 -1.1017 0.0, -0.0045 -1.1017 0.0
            ]
        }
        coordIndex [
            0,1,2,-1,2,1,3,-1,4,0,5,-1,5,0,2,-1,6,4,7,-1,7,4,5,-1,8,6,9,-1,9,6,7,-1,10,8,11,-1,11,8,9,-1,12,10,13,-1,13,10,11,-1,14,15,16,-1,16,15,12,-1,16,12,13,-1,17,15,18,-1,18,15,14,-1,19,17,20,-1,20,17,18,-1,21,19,22,-1,22,19,20,-1,23,24,25,-1,25,24,21,-1,25,21,22,-1,1,24,3,-1,3,24,23,-1,24,1,0,-1,0,4,24,-1,24,4,6,-1,24,6,21,-1,17,19,15,-1,15,19,21,-1,15,21,12,-1,12,21,6,-1,12,6,10,-1,10,6,8,-1,26,27,28,-1,28,27,29,-1,30,31,29,-1,29,31,32,-1,33,34,35,-1,35,34,36,-1,32,37,29,-1,29,37,38,-1,29,38,28,-1,28,38,39,-1,28,39,33,-1,33,39,40,-1,33,40,34,-1,41,42,43,-1,43,42,44,-1,45,29,46,-1,46,29,47,-1,46,47,48,-1,48,47,49,-1,48,49,50,-1,50,49,51,-1,50,51,52,-1,52,51,53,-1,52,53,54,-1,54,53,55,-1,54,55,56,-1,56,55,57,-1,56,57,58,-1,58,57,59,-1,58,59,60,-1,60,59,61,-1,60,61,62,-1,62,61,63,-1,62,63,64,-1,64,63,65,-1,44,42,66,-1,66,42,67,-1,66,67,68,-1,68,67,69,-1,68,69,70,-1,71,72,73,-1,73,72,74,-1,73,74,75,-1,75,74,76,-1,75,76,77,-1,77,76,78,-1,77,78,79,-1,79,78,80,-1,79,80,81,-1,81,80,82,-1,81,82,36,-1,36,82,83,-1,36,83,35,-1,30,29,84,-1,84,29,45,-1,84,45,43,-1,43,45,85,-1,43,85,41,-1,69,86,70,-1,70,86,87,-1,70,87,88,-1,88,87,89,-1,88,89,90,-1,90,89,91,-1,90,91,92,-1,92,91,93,-1,92,93,71,-1,71,93,94,-1,71,94,72,-1,59,95,96,-1,59,96,61,-1,61,96,97,-1,61,97,63,-1,63,97,98,-1,63,98,65,-1,64,65,99,-1,99,65,98,-1,64,99,100,-1,64,100,62,-1,62,100,101,-1,62,101,60,-1,60,101,102,-1,60,102,58,-1,58,102,103,-1,58,103,56,-1,56,103,104,-1,56,104,54,-1,54,104,105,-1,54,105,52,-1,52,105,106,-1,52,106,50,-1,50,106,107,-1,50,107,48,-1,48,107,108,-1,48,108,46,-1,46,108,109,-1,46,109,45,-1,85,45,110,-1,110,45,109,-1,85,110,111,-1,85,111,41,-1,41,111,112,-1,41,112,42,-1,42,112,113,-1,42,113,67,-1,67,113,114,-1,67,114,69,-1,69,114,115,-1,69,115,86,-1,86,115,116,-1,86,116,87,-1,87,116,117,-1,87,117,89,-1,89,117,118,-1,89,118,91,-1,91,118,119,-1,91,119,93,-1,93,119,120,-1,93,120,94,-1,94,120,121,-1,94,121,72,-1,122,78,123,-1,123,78,76,-1,123,76,124,-1,124,76,74,-1,124,74,125,-1,125,74,72,-1,125,72,121,-1,122,126,78,-1,78,126,80,-1,126,127,80,-1,80,127,128,-1,80,128,82,-1,82,128,129,-1,82,129,83,-1,83,129,130,-1,83,130,35,-1,35,130,131,-1,35,131,33,-1,28,33,132,-1,132,33,131,-1,26,28,133,-1,133,28,132,-1,27,26,134,-1,134,26,133,-1,29,27,135,-1,135,27,134,-1,29,135,136,-1,29,136,47,-1,47,136,137,-1,47,137,49,-1,49,137,138,-1,49,138,51,-1,51,138,139,-1,51,139,53,-1,53,139,140,-1,53,140,55,-1,55,140,141,-1,55,141,57,-1,57,141,95,-1,57,95,59,-1,44,142,143,-1,44,143,43,-1,43,143,144,-1,43,144,84,-1,84,144,145,-1,84,145,30,-1,88,146,147,-1,88,147,70,-1,70,147,148,-1,70,148,68,-1,68,148,149,-1,68,149,66,-1,66,149,142,-1,66,142,44,-1,73,150,151,-1,73,151,71,-1,71,151,152,-1,71,152,92,-1,92,152,153,-1,92,153,90,-1,90,153,146,-1,90,146,88,-1,79,154,155,-1,79,155,77,-1,77,155,156,-1,77,156,75,-1,75,156,150,-1,75,150,73,-1,40,157,158,-1,40,158,34,-1,34,158,159,-1,34,159,36,-1,36,159,160,-1,36,160,81,-1,81,160,154,-1,81,154,79,-1,32,161,162,-1,32,162,37,-1,37,162,163,-1,37,163,38,-1,38,163,164,-1,38,164,39,-1,39,164,157,-1,39,157,40,-1,32,31,161,-1,161,31,165,-1,31,30,165,-1,165,30,145,-1,
        ]
    }
}
Shape{
    appearance Appearance {
        material  Material 	{
            diffuseColor 0.7529411764705882 0.7529411764705882 0.7529411764705882
            specularColor 0.6627450980392157 0.6627450980392157 0.6627450980392157
            ambientIntensity 0.2
            transparency 0
            shininess 0.5
        }
    }
    geometry IndexedFaceSet {
        ccw TRUE
        solid FALSE
        coord DEF co Coordinate {
            point [
                -0.0046 -1.114 0.0, -0.0045 -1.1126 0.0, -0.0507 -1.1123 0.0, -0.0045 -1.1017 0.0, -0.0313 -1.1053 -0.0, -0.0447 -1.1086 0.0, -0.0489 -1.1109 0.0, -0.0059 -1.1229 0.0, -0.0531 -1.1153 0.0, -0.0088 -1.1301 0.0, -0.0519 -1.1384 0.0, -0.0502 -1.1401 0.0, -0.0157 -1.1384 0.0, -0.0542 -1.1351 0.0, -0.0213 -1.1423 0.0, -0.0274 -1.1445 0.0, -0.0349 -1.1453 0.0, -0.0549 -1.119 0.0, -0.0559 -1.1236 0.0, -0.0131 -1.136 0.0, -0.056 -1.1268 0.0, -0.0555 -1.1314 0.0, -0.0462 -1.1429 0.0, -0.0417 -1.1445 0.0, -0.0417 -1.1445 0.0
            ]
        }
        coordIndex [
            0,1,2,-1,1,3,4,-1,4,5,1,-1,1,5,6,-1,1,6,2,-1,0,2,7,-1,7,2,8,-1,7,8,9,-1,10,11,12,-1,10,12,13,-1,14,12,15,-1,15,12,16,-1,8,17,9,-1,9,17,18,-1,9,18,19,-1,19,18,20,-1,19,20,12,-1,12,20,21,-1,12,21,13,-1,11,22,12,-1,12,22,23,-1,12,23,16,-1,
        ]
    }
}
Shape{
    appearance Appearance {
        material  Material 	{
            diffuseColor 0.0 0.0 0.0
            specularColor 0.0 0.0 0.0
            ambientIntensity 0.2
            transparency 0
            shininess 0.5
        }
    }
    geometry IndexedFaceSet {
        ccw TRUE
        solid FALSE
        coord DEF co Coordinate {
            point [
                0.0757 -1.1454 0.0004, 0.0757 -1.1454 0.0, 0.0635 -1.144 -0.0, 0.052 -1.1398 -0.0, 0.0509 -1.1394 0.0004, 0.0635 -1.144 0.0004, 0.0509 -1.1394 -0.0, 0.0427 -1.1343 -0.0, 0.0427 -1.1343 0.0004, 0.0427 -1.155 0.0004, 0.0427 -1.155 -0.0, 0.0547 -1.1595 0.0004, 0.052 -1.1585 -0.0, 0.0737 -1.1618 -0.0, 0.0737 -1.1618 0.0004, 0.0624 -1.1604 -0.0, 0.0547 -1.1595 -0.0, 0.0917 -1.1596 0.0004, 0.0852 -1.1604 -0.0, 0.0917 -1.1596 -0.0, 0.1023 -1.1556 -0.0, 0.1023 -1.1556 0.0004, 0.107 -1.1527 -0.0, 0.107 -1.1527 0.0004, 0.1128 -1.1477 -0.0, 0.1128 -1.1477 0.0004, 0.1165 -1.1424 -0.0, 0.1165 -1.1424 0.0004, 0.119 -1.136 -0.0, 0.119 -1.136 0.0004, 0.1199 -1.128 -0.0, 0.1199 -1.128 0.0004, 0.1191 -1.1205 -0.0, 0.1191 -1.1205 0.0004, 0.117 -1.1146 -0.0, 0.117 -1.1146 0.0004, 0.1132 -1.109 -0.0, 0.1132 -1.109 0.0004, 0.1084 -1.1048 -0.0, 0.1084 -1.1048 0.0004, 0.0951 -1.0974 -0.0, 0.0951 -1.0974 0.0004, 0.0874 -1.0942 -0.0, 0.0874 -1.0942 0.0004, 0.0749 -1.0888 -0.0, 0.0749 -1.0888 0.0004, 0.0679 -1.0844 -0.0, 0.0679 -1.0844 0.0004, 0.0659 -1.0822 -0.0, 0.0659 -1.0822 0.0004, 0.0645 -1.0795 -0.0, 0.0645 -1.0795 0.0004, 0.0637 -1.0764 -0.0, 0.0637 -1.0764 0.0004, 0.0635 -1.0738 -0.0, 0.0635 -1.0738 0.0004, 0.0639 -1.0706 -0.0, 0.0639 -1.0706 0.0004, 0.0648 -1.0678 -0.0, 0.0648 -1.0678 0.0004, 0.0666 -1.0653 -0.0, 0.0666 -1.0653 0.0004, 0.0696 -1.0626 -0.0, 0.0696 -1.0626 0.0004, 0.0741 -1.0602 -0.0, 0.0741 -1.0602 0.0004, 0.0795 -1.0588 -0.0, 0.0795 -1.0588 0.0004, 0.0854 -1.0584 -0.0, 0.0854 -1.0584 0.0004, 0.098 -1.0597 -0.0, 0.098 -1.0597 0.0004, 0.1094 -1.0638 -0.0, 0.1094 -1.0638 0.0004, 0.1145 -1.0666 -0.0, 0.1145 -1.0666 0.0004, 0.1145 -1.0471 0.0004, 0.1145 -1.0471 -0.0, 0.1014 -1.0433 -0.0, 0.1014 -1.0433 0.0004, 0.0874 -1.0421 -0.0, 0.0874 -1.0421 0.0004, 0.0736 -1.0435 -0.0, 0.0736 -1.0435 0.0004, 0.0624 -1.0472 -0.0, 0.0624 -1.0472 0.0004, 0.0557 -1.0512 -0.0, 0.0557 -1.0512 0.0004, 0.0497 -1.0565 0.0004, 0.052 -1.0545 -0.0, 0.0497 -1.0565 -0.0, 0.046 -1.0619 -0.0, 0.046 -1.0619 0.0004, 0.0436 -1.0684 -0.0, 0.0436 -1.0684 0.0004, 0.0428 -1.0756 -0.0, 0.0428 -1.0756 0.0004, 0.0437 -1.0833 -0.0, 0.0437 -1.0833 0.0004, 0.0459 -1.0895 -0.0, 0.0459 -1.0895 0.0004, 0.0485 -1.0936 -0.0, 0.0485 -1.0936 0.0004, 0.0732 -1.1088 -0.0, 0.0732 -1.1088 0.0004, 0.0612 -1.1033 0.0004, 0.0518 -1.0971 -0.0, 0.0518 -1.0971 0.0004, 0.052 -1.0972 -0.0, 0.0612 -1.1033 -0.0, 0.0864 -1.1143 -0.0, 0.0864 -1.1143 0.0004, 0.0942 -1.119 -0.0, 0.0942 -1.119 0.0004, 0.0967 -1.1216 -0.0, 0.0967 -1.1216 0.0004, 0.0982 -1.1243 -0.0, 0.0982 -1.1243 0.0004, 0.0992 -1.1274 -0.0, 0.0992 -1.1274 0.0004, 0.0994 -1.1299 -0.0, 0.0994 -1.1299 0.0004, 0.0989 -1.1337 -0.0, 0.0989 -1.1337 0.0004, 0.0979 -1.1366 -0.0, 0.0979 -1.1366 0.0004, 0.0962 -1.1392 -0.0, 0.0962 -1.1392 0.0004, 0.0939 -1.1412 -0.0, 0.0939 -1.1412 0.0004, 0.092 -1.1423 -0.0, 0.092 -1.1423 0.0004, 0.0869 -1.1442 -0.0, 0.0869 -1.1442 0.0004, 0.0766 -1.1454 -0.0, 0.0766 -1.1454 0.0004, 0.2194 -1.0447 0.0004, 0.2402 -1.0447 0.0004, 0.2194 -1.0447 -0.0, 0.2402 -1.0447 0.0, 0.1881 -1.1308 0.0004, 0.1881 -1.1308 -0.0, 0.1866 -1.1361 -0.0, 0.1866 -1.1361 0.0004, 0.1857 -1.1401 -0.0, 0.1857 -1.1401 0.0004, 0.1852 -1.1401 0.0004, 0.1852 -1.1401 -0.0, 0.1827 -1.1307 0.0004, 0.1827 -1.1307 -0.0, 0.1528 -1.0447 -0.0, 0.1528 -1.0447 0.0004, 0.1625 -1.0725 -0.0, 0.1304 -1.0447 0.0004, 0.1304 -1.0447 -0.0, 0.1752 -1.1588 -0.0, 0.1752 -1.1588 0.0004, 0.1625 -1.1264 -0.0, 0.1664 -1.1796 -0.0, 0.1664 -1.1796 0.0004, 0.1746 -1.1604 -0.0, 0.1625 -1.1868 -0.0, 0.1624 -1.1869 0.0004, 0.1624 -1.1869 -0.0, 0.1587 -1.1911 -0.0, 0.1587 -1.1911 0.0004, 0.1554 -1.1934 -0.0, 0.1554 -1.1934 0.0004, 0.151 -1.1951 -0.0, 0.151 -1.1951 0.0004, 0.1459 -1.1957 -0.0, 0.1459 -1.1957 0.0004, 0.1386 -1.1948 -0.0, 0.1386 -1.1948 0.0004, 0.1345 -1.1934 -0.0, 0.1345 -1.1934 0.0004, 0.1345 -1.2113 0.0004, 0.1345 -1.2113 -0.0, 0.143 -1.2128 -0.0, 0.143 -1.2128 0.0004, 0.1475 -1.2129 -0.0, 0.1475 -1.2129 0.0004, 0.1556 -1.212 -0.0, 0.1625 -1.2094 -0.0, 0.1635 -1.209 0.0004, 0.1556 -1.212 0.0004, 0.1635 -1.209 -0.0, 0.1705 -1.2041 -0.0, 0.1705 -1.2041 0.0004, 0.1718 -1.2028 -0.0, 0.1718 -1.2028 0.0004, 0.1792 -1.194 -0.0, 0.1792 -1.194 0.0004, 0.1883 -1.1763 -0.0, 0.1883 -1.1763 0.0004, 0.1945 -1.1604 -0.0, 0.3479 -1.1408 0.0004, 0.3479 -1.1591 0.0004, 0.3479 -1.1408 -0.0, 0.3479 -1.1591 0.0, 0.2825 -1.1408 -0.0, 0.2825 -1.1408 0.0004, 0.3124 -1.1408 -0.0, 0.2825 -1.0869 0.0004, 0.2825 -1.0869 -0.0, 0.3397 -1.0869 -0.0, 0.3397 -1.0869 0.0004, 0.3124 -1.0869 -0.0, 0.3397 -1.0686 0.0004, 0.3397 -1.0686 -0.0, 0.2825 -1.0686 -0.0, 0.2825 -1.0686 0.0004, 0.3124 -1.0686 -0.0, 0.2825 -1.0173 -0.0, 0.2825 -1.0173 0.0004, 0.2825 -1.0205 -0.0, 0.3443 -1.0173 -0.0, 0.3443 -1.0173 0.0004, 0.3124 -1.0173 -0.0, 0.3443 -0.9989 0.0004, 0.3443 -0.9989 -0.0, 0.2618 -0.9989 -0.0, 0.2618 -0.9989 0.0004, 0.3124 -0.9989 -0.0, 0.2618 -1.1591 -0.0, 0.2618 -1.1591 0.0004, 0.2618 -1.0205 -0.0, 0.3124 -1.1591 -0.0, 0.4844 -1.1366 0.0004, 0.4678 -1.1258 0.0004, 0.4677 -1.1486 0.0004, 0.4575 -1.133 0.0004, 0.4494 -1.1558 0.0004, 0.4443 -1.1382 0.0004, 0.4222 -1.1591 0.0004, 0.4221 -1.1408 0.0004, 0.3782 -1.1591 0.0004, 0.3988 -1.1408 0.0004, 0.3782 -0.9989 0.0004, 0.3988 -1.0173 0.0004, 0.4238 -0.9989 0.0004, 0.423 -1.0173 0.0004, 0.425 -1.0174 0.0004, 0.4483 -1.0016 0.0004, 0.4454 -1.0201 0.0004, 0.4676 -1.0087 0.0004, 0.4589 -1.0254 0.0004, 0.4844 -1.0201 0.0004, 0.4692 -1.0324 0.0004, 0.49 -1.0257 0.0004, 0.4737 -1.0368 0.0004, 0.5 -1.0396 0.0004, 0.4799 -1.0458 0.0004, 0.5059 -1.0549 0.0004, 0.4844 -1.0575 0.0004, 0.5085 -1.0769 0.0004, 0.4868 -1.0775 0.0004, 0.5081 -1.0872 0.0004, 0.4861 -1.0888 0.0004, 0.5042 -1.1059 0.0004, 0.4829 -1.1032 0.0004, 0.4963 -1.1225 0.0004, 0.4772 -1.1149 0.0004, 0.4697 -1.1241 0.0004, 0.4222 -1.1591 -0.0, 0.3782 -1.1591 0.0, 0.4494 -1.1558 -0.0, 0.4665 -1.1491 -0.0, 0.4677 -1.1486 -0.0, 0.4844 -1.1366 -0.0, 0.4963 -1.1225 -0.0, 0.5042 -1.1059 -0.0, 0.5081 -1.0872 -0.0, 0.5085 -1.0769 -0.0, 0.5059 -1.0549 -0.0, 0.5 -1.0396 -0.0, 0.49 -1.0257 -0.0, 0.4848 -1.0205 -0.0, 0.4844 -1.0201 -0.0, 0.4238 -0.9989 -0.0, 0.4676 -1.0087 -0.0, 0.4665 -1.0083 -0.0, 0.4483 -1.0016 -0.0, 0.3782 -0.9989 -0.0, 0.3782 -1.0205 -0.0, 0.423 -1.0173 -0.0, 0.3988 -1.0173 0.0, 0.3988 -1.1408 0.0, 0.4221 -1.1408 0.0, 0.4697 -1.1241 0.0, 0.4678 -1.1258 0.0, 0.4575 -1.133 0.0, 0.4443 -1.1382 0.0, 0.4868 -1.0775 0.0, 0.4861 -1.0888 0.0, 0.4829 -1.1032 0.0, 0.4772 -1.1149 0.0, 0.4692 -1.0324 0.0, 0.4737 -1.0368 0.0, 0.4799 -1.0458 0.0, 0.4844 -1.0575 0.0, 0.425 -1.0174 0.0, 0.4454 -1.0201 0.0, 0.4589 -1.0254 0.0, 0.4589 -1.0254 0.0
            ]
        }
        coordIndex [
            0,1,2,-1,3,4,2,-1,2,4,5,-1,2,5,0,-1,3,6,4,-1,4,6,7,-1,4,7,8,-1,9,8,10,-1,10,8,7,-1,11,9,12,-1,12,9,10,-1,13,14,15,-1,15,14,11,-1,15,11,16,-1,16,11,12,-1,17,14,18,-1,18,14,13,-1,18,19,17,-1,17,19,20,-1,17,20,21,-1,21,20,22,-1,21,22,23,-1,23,22,24,-1,23,24,25,-1,25,24,26,-1,25,26,27,-1,27,26,28,-1,27,28,29,-1,29,28,30,-1,29,30,31,-1,31,30,32,-1,31,32,33,-1,33,32,34,-1,33,34,35,-1,35,34,36,-1,35,36,37,-1,37,36,38,-1,37,38,39,-1,39,38,40,-1,39,40,41,-1,41,40,42,-1,41,42,43,-1,43,42,44,-1,43,44,45,-1,45,44,46,-1,45,46,47,-1,47,46,48,-1,47,48,49,-1,49,48,50,-1,49,50,51,-1,51,50,52,-1,51,52,53,-1,53,52,54,-1,53,54,55,-1,55,54,56,-1,55,56,57,-1,57,56,58,-1,57,58,59,-1,59,58,60,-1,59,60,61,-1,61,60,62,-1,61,62,63,-1,63,62,64,-1,63,64,65,-1,65,64,66,-1,65,66,67,-1,67,66,68,-1,67,68,69,-1,69,68,70,-1,69,70,71,-1,71,70,72,-1,71,72,73,-1,73,72,74,-1,73,74,75,-1,76,75,77,-1,77,75,74,-1,76,77,78,-1,76,78,79,-1,79,78,80,-1,79,80,81,-1,81,80,82,-1,81,82,83,-1,83,82,84,-1,83,84,85,-1,85,84,86,-1,85,86,87,-1,88,87,89,-1,89,87,86,-1,89,90,88,-1,88,90,91,-1,88,91,92,-1,92,91,93,-1,92,93,94,-1,94,93,95,-1,94,95,96,-1,96,95,97,-1,96,97,98,-1,98,97,99,-1,98,99,100,-1,100,99,101,-1,100,101,102,-1,103,104,105,-1,102,101,106,-1,102,106,107,-1,107,106,108,-1,107,108,105,-1,105,108,109,-1,105,109,103,-1,104,103,110,-1,104,110,111,-1,111,110,112,-1,111,112,113,-1,113,112,114,-1,113,114,115,-1,115,114,116,-1,115,116,117,-1,117,116,118,-1,117,118,119,-1,119,118,120,-1,119,120,121,-1,121,120,122,-1,121,122,123,-1,123,122,124,-1,123,124,125,-1,125,124,126,-1,125,126,127,-1,127,126,128,-1,127,128,129,-1,129,128,130,-1,129,130,131,-1,131,130,132,-1,131,132,133,-1,133,132,134,-1,133,134,135,-1,135,134,1,-1,135,1,0,-1,61,63,85,-1,85,63,83,-1,111,43,104,-1,104,43,45,-1,21,23,127,-1,127,23,25,-1,127,25,125,-1,125,25,27,-1,125,27,123,-1,123,27,29,-1,123,29,121,-1,121,29,31,-1,121,31,119,-1,119,31,33,-1,119,33,117,-1,117,33,35,-1,117,35,115,-1,115,35,37,-1,115,37,113,-1,113,37,39,-1,113,39,111,-1,111,39,41,-1,111,41,43,-1,14,0,11,-1,11,0,5,-1,11,5,9,-1,9,5,4,-1,9,4,8,-1,63,65,83,-1,83,65,67,-1,83,67,81,-1,81,67,69,-1,81,69,79,-1,79,69,71,-1,79,71,76,-1,76,71,73,-1,76,73,75,-1,127,129,21,-1,21,129,131,-1,21,131,17,-1,17,131,133,-1,17,133,14,-1,14,133,135,-1,14,135,0,-1,85,87,61,-1,61,87,88,-1,61,88,59,-1,59,88,92,-1,59,92,57,-1,57,92,94,-1,57,94,55,-1,55,94,96,-1,55,96,53,-1,53,96,98,-1,53,98,51,-1,51,98,100,-1,51,100,49,-1,49,100,102,-1,49,102,47,-1,47,102,107,-1,47,107,45,-1,45,107,105,-1,45,105,104,-1,136,137,138,-1,138,137,139,-1,140,136,141,-1,141,136,138,-1,140,141,142,-1,140,142,143,-1,143,142,144,-1,143,144,145,-1,146,145,147,-1,147,145,144,-1,148,146,149,-1,149,146,147,-1,150,151,152,-1,152,151,148,-1,152,148,149,-1,153,151,154,-1,154,151,150,-1,155,156,157,-1,157,156,153,-1,157,153,154,-1,158,159,160,-1,160,159,156,-1,160,156,155,-1,158,161,159,-1,159,161,162,-1,161,163,162,-1,162,163,164,-1,162,164,165,-1,165,164,166,-1,165,166,167,-1,167,166,168,-1,167,168,169,-1,169,168,170,-1,169,170,171,-1,171,170,172,-1,171,172,173,-1,173,172,174,-1,173,174,175,-1,176,175,177,-1,177,175,174,-1,176,177,178,-1,176,178,179,-1,179,178,180,-1,179,180,181,-1,181,180,182,-1,183,184,182,-1,182,184,185,-1,182,185,181,-1,183,186,184,-1,184,186,187,-1,184,187,188,-1,188,187,189,-1,188,189,190,-1,190,189,191,-1,190,191,192,-1,192,191,193,-1,192,193,194,-1,139,137,195,-1,195,137,194,-1,195,194,193,-1,143,145,194,-1,137,136,194,-1,194,136,140,-1,194,140,143,-1,151,153,148,-1,148,153,156,-1,148,156,146,-1,175,176,173,-1,173,176,179,-1,173,179,171,-1,171,179,181,-1,171,181,169,-1,169,181,185,-1,169,185,167,-1,167,185,184,-1,167,184,165,-1,145,146,194,-1,194,146,156,-1,194,156,192,-1,156,159,192,-1,192,159,162,-1,192,162,190,-1,190,162,165,-1,190,165,188,-1,188,165,184,-1,196,197,198,-1,198,197,199,-1,200,201,202,-1,202,201,196,-1,202,196,198,-1,203,201,204,-1,204,201,200,-1,205,206,207,-1,207,206,203,-1,207,203,204,-1,208,206,209,-1,209,206,205,-1,210,211,212,-1,212,211,208,-1,212,208,209,-1,213,214,215,-1,215,214,211,-1,215,211,210,-1,216,217,218,-1,218,217,214,-1,218,214,213,-1,219,217,220,-1,220,217,216,-1,221,222,223,-1,223,222,219,-1,223,219,220,-1,224,225,226,-1,226,225,222,-1,226,222,221,-1,199,197,227,-1,227,197,225,-1,227,225,224,-1,225,197,196,-1,196,201,225,-1,225,201,203,-1,225,203,222,-1,217,219,214,-1,214,219,222,-1,214,222,211,-1,211,222,203,-1,211,203,208,-1,208,203,206,-1,228,229,230,-1,230,229,231,-1,230,231,232,-1,232,231,233,-1,232,233,234,-1,234,233,235,-1,234,235,236,-1,236,235,237,-1,236,237,238,-1,238,237,239,-1,238,239,240,-1,239,241,240,-1,240,241,242,-1,240,242,243,-1,243,242,244,-1,243,244,245,-1,245,244,246,-1,245,246,247,-1,247,246,248,-1,247,248,249,-1,249,248,250,-1,249,250,251,-1,251,250,252,-1,251,252,253,-1,253,252,254,-1,253,254,255,-1,255,254,256,-1,255,256,257,-1,257,256,258,-1,257,258,259,-1,259,258,260,-1,259,260,261,-1,261,260,262,-1,261,262,228,-1,228,262,263,-1,228,263,229,-1,234,236,264,-1,264,236,265,-1,234,264,266,-1,267,230,266,-1,266,230,232,-1,266,232,234,-1,267,268,230,-1,230,268,269,-1,230,269,228,-1,228,269,270,-1,228,270,261,-1,261,270,271,-1,261,271,259,-1,259,271,272,-1,259,272,257,-1,257,272,273,-1,257,273,255,-1,255,273,274,-1,255,274,253,-1,253,274,275,-1,253,275,251,-1,251,275,276,-1,251,276,249,-1,249,276,247,-1,247,276,277,-1,247,277,278,-1,279,240,243,-1,247,278,280,-1,247,280,245,-1,245,280,281,-1,245,281,243,-1,243,281,282,-1,243,282,279,-1,238,240,283,-1,283,240,279,-1,265,236,284,-1,284,236,238,-1,284,238,283,-1,241,239,285,-1,285,239,286,-1,239,237,286,-1,286,237,287,-1,237,235,287,-1,287,235,288,-1,263,289,290,-1,263,290,229,-1,229,290,291,-1,229,291,231,-1,231,291,292,-1,231,292,233,-1,233,292,288,-1,233,288,235,-1,256,293,294,-1,256,294,258,-1,258,294,295,-1,258,295,260,-1,260,295,296,-1,260,296,262,-1,262,296,289,-1,262,289,263,-1,248,297,298,-1,248,298,250,-1,250,298,299,-1,250,299,252,-1,252,299,300,-1,252,300,254,-1,254,300,293,-1,254,293,256,-1,241,285,301,-1,241,301,242,-1,242,301,302,-1,242,302,244,-1,244,302,303,-1,244,303,246,-1,246,303,297,-1,246,297,248,-1,
        ]
    }
}
Shape{
    appearance Appearance {
        material  Material 	{
            diffuseColor 0.7529411764705882 0.7529411764705882 0.7529411764705882
            specularColor 0.6627450980392157 0.6627450980392157 0.6627450980392157
            ambientIntensity 0.2
            transparency 0
            shininess 0.5
        }
    }
    geometry IndexedFaceSet {
        ccw TRUE
        solid FALSE
        coord DEF co Coordinate {
            point [
                0.4575 -1.133 0.0, 0.4678 -1.1258 0.0, 0.425 -1.0174 0.0, 0.3988 -1.0173 0.0, 0.3988 -1.1408 0.0, 0.423 -1.0173 -0.0, 0.4221 -1.1408 0.0, 0.4443 -1.1382 0.0, 0.4697 -1.1241 0.0, 0.4772 -1.1149 0.0, 0.4829 -1.1032 0.0, 0.4868 -1.0775 0.0, 0.4692 -1.0324 0.0, 0.4589 -1.0254 0.0, 0.4844 -1.0575 0.0, 0.4799 -1.0458 0.0, 0.4737 -1.0368 0.0, 0.4861 -1.0888 0.0, 0.4454 -1.0201 0.0, 0.4454 -1.0201 0.0
            ]
        }
        coordIndex [
            0,1,2,-1,3,4,5,-1,5,4,6,-1,5,6,2,-1,2,6,7,-1,2,7,0,-1,1,8,2,-1,2,8,9,-1,2,9,10,-1,11,12,13,-1,14,15,11,-1,11,15,16,-1,11,16,12,-1,10,17,2,-1,2,17,11,-1,2,11,18,-1,18,11,13,-1,
        ]
    }
}
Shape{
    appearance Appearance {
        material  Material 	{
            diffuseColor 0.0 0.0 0.0
            specularColor 0.0 0.0 0.0
            ambientIntensity 0.2
            transparency 0
            shininess 0.5
        }
    }
    geometry IndexedFaceSet {
        ccw TRUE
        solid FALSE
        coord DEF co Coordinate {
            point [
                0.5622 -1.0972 0.0004, 0.5557 -1.1153 0.0004, 0.616 -1.0972 0.0004, 0.6223 -1.1153 0.0004, 0.5862 -1.0306 0.0004, 0.5784 -0.9989 0.0004, 0.5174 -1.1591 0.0004, 0.5403 -1.1591 0.0004, 0.5875 -1.0258 0.0004, 0.5888 -1.0194 0.0004, 0.6005 -0.9989 0.0004, 0.5893 -1.0194 0.0004, 0.5906 -1.0262 0.0004, 0.5918 -1.0306 0.0004, 0.6615 -1.1591 0.0004, 0.6387 -1.1591 0.0004, 0.6005 -0.9989 -0.0, 0.6087 -1.0205 -0.0, 0.6615 -1.1591 0.0, 0.5784 -0.9989 -0.0, 0.5174 -1.1591 -0.0, 0.5702 -1.0205 -0.0, 0.5403 -1.1591 -0.0, 0.5557 -1.1153 -0.0, 0.6223 -1.1153 -0.0, 0.6387 -1.1591 -0.0, 0.5622 -1.0972 -0.0, 0.616 -1.0972 0.0, 0.5918 -1.0306 0.0, 0.5893 -1.0194 0.0, 0.5906 -1.0262 0.0, 0.5888 -1.0194 0.0, 0.5862 -1.0306 0.0, 0.5875 -1.0258 0.0, 0.5875 -1.0258 0.0
            ]
        }
        coordIndex [
            0,1,2,-1,2,1,3,-1,4,5,0,-1,0,5,6,-1,0,6,1,-1,1,6,7,-1,4,8,5,-1,5,8,9,-1,5,9,10,-1,10,9,11,-1,10,11,12,-1,12,13,10,-1,10,13,2,-1,10,2,14,-1,14,2,3,-1,14,3,15,-1,16,10,17,-1,17,10,14,-1,17,14,18,-1,5,10,19,-1,19,10,16,-1,20,6,21,-1,21,6,5,-1,21,5,19,-1,7,6,22,-1,22,6,20,-1,1,7,23,-1,23,7,22,-1,3,1,24,-1,24,1,23,-1,15,3,25,-1,25,3,24,-1,14,15,18,-1,18,15,25,-1,0,2,26,-1,26,2,27,-1,2,13,27,-1,27,13,28,-1,11,29,30,-1,11,30,12,-1,12,30,28,-1,12,28,13,-1,11,9,29,-1,29,9,31,-1,4,32,33,-1,4,33,8,-1,8,33,31,-1,8,31,9,-1,4,0,32,-1,32,0,26,-1,
        ]
    }
}
Shape{
    appearance Appearance {
        material  Material 	{
            diffuseColor 0.7529411764705882 0.7529411764705882 0.7529411764705882
            specularColor 0.6627450980392157 0.6627450980392157 0.6627450980392157
            ambientIntensity 0.2
            transparency 0
            shininess 0.5
        }
    }
    geometry IndexedFaceSet {
        ccw TRUE
        solid FALSE
        coord DEF co Coordinate {
            point [
                0.5893 -1.0194 0.0, 0.5888 -1.0194 0.0, 0.5906 -1.0262 0.0, 0.5875 -1.0258 0.0, 0.5918 -1.0306 0.0, 0.5862 -1.0306 0.0, 0.616 -1.0972 0.0, 0.5622 -1.0972 -0.0, 0.5622 -1.0972 -0.0
            ]
        }
        coordIndex [
            0,1,2,-1,2,1,3,-1,2,3,4,-1,4,3,5,-1,4,5,6,-1,6,5,7,-1,
        ]
    }
}
Shape{
    appearance Appearance {
        material  Material 	{
            diffuseColor 0.0 0.0 0.0
            specularColor 0.0 0.0 0.0
            ambientIntensity 0.2
            transparency 0
            shininess 0.5
        }
    }
    geometry IndexedFaceSet {
        ccw TRUE
        solid FALSE
        coord DEF co Coordinate {
            point [
                -0.889 -1.1818 0.0004, -0.872 -1.2027 0.0004, -0.8992 -1.0811 0.0004, -0.919 -0.8832 0.0004, -0.8936 -0.8697 0.0004, -0.8997 -0.7997 0.0004, -0.8286 -0.7964 0.0004, -0.7933 -0.8795 0.0004, -0.776 -0.8435 0.0004, -0.6783 -1.1209 0.0004, -0.6783 -1.1095 0.0004, -0.7748 -1.0817 0.0004, -0.7855 -1.0783 0.0004, -0.924 -1.0658 0.0004, -0.9151 -1.1529 0.0004, -0.9004 -1.1573 0.0004, -0.8548 -0.7941 0.0004, -0.7577 -1.0955 0.0004, -0.7524 -1.1047 0.0004, -0.679 -1.1327 0.0004, -0.5189 -1.0253 0.0004, -0.5542 -0.9649 0.0004, -0.7068 -1.0446 0.0004, -0.7933 -1.0776 0.0004, -0.804 -1.0789 0.0004, -0.8194 -1.0093 0.0004, -0.814 -1.0827 0.0004, -0.8445 -1.0189 0.0004, -0.8229 -1.089 0.0004, -0.8678 -1.035 0.0004, -0.8288 -1.0953 0.0004, -0.8866 -1.0566 0.0004, -0.8344 -1.105 0.0004, -0.8373 -1.1158 0.0004, -0.7509 -1.0136 0.0004, -0.7783 -1.0067 0.0004, -0.7922 -1.0059 0.0004, -0.7653 -1.0876 0.0004, -0.8229 -1.1551 0.0004, -0.8138 -1.1614 0.0004, -0.8497 -1.2194 0.0004, -0.8033 -1.1653 0.0004, -0.4814 -0.9125 0.0004, -0.4723 -0.9125 0.0004, -0.4256 -0.8511 0.0004, -0.4506 -0.9152 0.0004, -0.42 -0.853 0.0004, -0.4307 -0.9229 0.0004, -0.3861 -0.8698 0.0004, -0.3552 -0.8959 0.0004, -0.8053 -0.7692 0.0004, -0.7504 -0.813 0.0004, -0.7785 -0.7463 0.0004, -0.7199 -0.7907 0.0004, -0.7454 -0.7263 0.0004, -0.8655 -0.8631 0.0004, -0.8537 -0.8624 0.0004, -0.8417 -0.7948 0.0004, -0.827 -0.8657 0.0004, -0.8015 -0.8751 0.0004, -0.7267 -1.0265 0.0004, -0.355 -1.1084 0.0004, -0.4081 -1.0632 0.0004, -0.386 -1.1346 0.0004, -0.4249 -1.077 0.0004, -0.4207 -1.1516 0.0004, -0.445 -1.0863 0.0004, -0.4586 -1.1596 0.0004, -0.4654 -1.0902 0.0004, -0.5258 -1.1596 0.0004, -0.5167 -1.0902 0.0004, -0.5322 -1.1586 0.0004, -0.8302 -1.1469 0.0004, -0.835 -1.1375 0.0004, -0.8375 -1.127 0.0004, -0.4131 -0.9352 0.0004, -0.3999 -0.9499 0.0004, -0.332 -0.9283 0.0004, -0.3893 -0.9695 0.0004, -0.3181 -0.9631 0.0004, -0.384 -0.9914 0.0004, -0.3129 -1.0002 0.0004, -0.3835 -1.0014 0.0004, -0.3181 -1.0409 0.0004, -0.3862 -1.0235 0.0004, -0.3324 -1.0769 0.0004, -0.394 -1.0438 0.0004, -0.4066 -1.0616 0.0004, -0.4871 -0.7611 0.0004, -0.5316 -0.8135 0.0004, -0.4472 -0.808 0.0004, -0.5059 -0.8442 0.0004, -0.4883 -0.8809 0.0004, -0.9641 -0.9488 0.0004, -1.0389 -0.9676 0.0004, -0.9675 -0.9763 0.0004, -1.0393 -0.9786 0.0004, -0.9662 -0.9938 0.0004, -1.0338 -1.0231 0.0004, -0.958 -1.0217 0.0004, -1.0175 -1.0655 0.0004, -0.9444 -1.0448 0.0004, -0.9915 -1.1027 0.0004, -0.9562 -1.1328 0.0004, -0.7495 -1.1151 0.0004, -0.7491 -1.1261 0.0004, -0.6856 -1.1608 0.0004, -0.7516 -1.1371 0.0004, -0.6991 -1.1862 0.0004, -0.7567 -1.147 0.0004, -0.7166 -1.2058 0.0004, -0.7639 -1.1553 0.0004, -0.7393 -1.2216 0.0004, -0.7727 -1.1614 0.0004, -0.7647 -1.2314 0.0004, -0.7826 -1.1651 0.0004, -0.7922 -1.2348 0.0004, -0.7933 -1.1664 0.0004, -0.7966 -1.2347 0.0004, -0.8235 -1.2305 0.0004, -0.6925 -0.7075 0.0004, -0.6827 -0.7756 0.0004, -0.6419 -0.7019 0.0004, -0.6408 -0.7702 0.0004, -0.5871 -0.7087 0.0004, -0.6022 -0.775 0.0004, -0.5307 -0.7307 0.0004, -0.5665 -0.7886 0.0004, -0.5345 -0.8108 0.0004, -0.9418 -0.816 0.0004, -0.9781 -0.8415 0.0004, -0.9386 -0.9007 0.0004, -0.9858 -0.8488 0.0004, -0.9544 -0.9234 0.0004, -1.0131 -0.8838 0.0004, -1.0313 -0.9248 0.0004, -0.5224 -1.0891 0.0004, -0.5498 -1.1477 0.0004, -0.5471 -1.1504 0.0004, -0.519 -1.0899 0.0004, -0.5397 -1.1556 0.0004, -0.5588 -1.1243 0.0004, -0.5577 -1.1328 0.0004, -0.5547 -1.1405 0.0004, -0.5323 -1.0902 0.0004, -0.5401 -1.0932 0.0004, -0.5585 -1.1198 0.0004, -0.5471 -1.0982 0.0004, -0.5518 -1.1034 0.0004, -0.5562 -1.1112 0.0004, -0.5235 -1.089 0.0004, -0.3129 -1.0002 0.0, -0.3181 -0.9631 -0.0, -0.332 -0.9283 -0.0, -0.3477 -0.9064 -0.0, -0.3552 -0.8959 -0.0, -0.3861 -0.8698 -0.0, -0.42 -0.853 -0.0, -0.4256 -0.8511 -0.0, -0.4472 -0.808 -0.0, -0.4871 -0.7611 -0.0, -0.5123 -0.7435 -0.0, -0.5307 -0.7307 -0.0, -0.5871 -0.7087 -0.0, -0.6419 -0.7019 -0.0, -0.7785 -0.7463 -0.0, -0.7739 -0.7435 -0.0, -0.7454 -0.7263 -0.0, -0.6925 -0.7075 -0.0, -0.8053 -0.7692 -0.0, -0.8286 -0.7964 -0.0, -0.8417 -0.7948 -0.0, -0.8548 -0.7941 -0.0, -0.8997 -0.7997 -0.0, -0.9418 -0.816 -0.0, -0.9781 -0.8415 -0.0, -0.9858 -0.8488 -0.0, -1.0131 -0.8838 -0.0, -1.0231 -0.9064 -0.0, -1.0313 -0.9248 -0.0, -1.0389 -0.9676 -0.0, -1.0393 -0.9786 -0.0, -1.0341 -1.0205 -0.0, -1.0338 -1.0231 -0.0, -1.0175 -1.0655 -0.0, -0.9915 -1.1027 -0.0, -0.9562 -1.1328 -0.0, -0.9151 -1.1529 -0.0, -0.9004 -1.1573 -0.0, -0.8989 -1.1604 -0.0, -0.889 -1.1818 -0.0, -0.872 -1.2027 -0.0, -0.8497 -1.2194 -0.0, -0.8393 -1.2238 -0.0, -0.8235 -1.2305 -0.0, -0.7966 -1.2347 -0.0, -0.7922 -1.2348 -0.0, -0.6783 -1.1209 -0.0, -0.7647 -1.2314 -0.0, -0.7451 -1.2238 -0.0, -0.7393 -1.2216 -0.0, -0.7166 -1.2058 -0.0, -0.6991 -1.1862 -0.0, -0.6856 -1.1608 -0.0, -0.6855 -1.1604 -0.0, -0.679 -1.1327 -0.0, -0.6783 -1.1095 -0.0, -0.5189 -1.0253 -0.0, -0.5542 -0.9649 -0.0, -0.5217 -1.0205 -0.0, -0.7068 -1.0446 -0.0, -0.6606 -1.0205 -0.0, -0.7267 -1.0265 -0.0, -0.7379 -1.0205 -0.0, -0.7509 -1.0136 -0.0, -0.7783 -1.0067 -0.0, -0.7922 -1.0059 -0.0, -0.8194 -1.0093 -0.0, -0.8445 -1.0189 -0.0, -0.8469 -1.0205 -0.0, -0.8678 -1.035 -0.0, -0.8866 -1.0566 -0.0, -0.8992 -1.0811 -0.0, -0.9675 -0.9763 -0.0, -0.924 -1.0658 -0.0, -0.9444 -1.0448 -0.0, -0.958 -1.0217 -0.0, -0.9584 -1.0205 -0.0, -0.9662 -0.9938 -0.0, -0.9641 -0.9488 -0.0, -0.9544 -0.9234 -0.0, -0.9426 -0.9064 -0.0, -0.9386 -0.9007 -0.0, -0.919 -0.8832 -0.0, -0.8936 -0.8697 -0.0, -0.8655 -0.8631 -0.0, -0.8537 -0.8624 -0.0, -0.827 -0.8657 -0.0, -0.8015 -0.8751 -0.0, -0.7933 -0.8795 -0.0, -0.776 -0.8435 -0.0, -0.7504 -0.813 -0.0, -0.7199 -0.7907 -0.0, -0.6827 -0.7756 -0.0, -0.6408 -0.7702 -0.0, -0.4814 -0.9125 -0.0, -0.4827 -0.9064 -0.0, -0.4883 -0.8809 -0.0, -0.5059 -0.8442 -0.0, -0.5316 -0.8135 -0.0, -0.5345 -0.8108 -0.0, -0.5665 -0.7886 -0.0, -0.6022 -0.775 -0.0, -0.4723 -0.9125 -0.0, -0.4506 -0.9152 -0.0, -0.4307 -0.9229 -0.0, -0.4131 -0.9352 -0.0, -0.3999 -0.9499 -0.0, -0.3893 -0.9695 -0.0, -0.384 -0.9914 -0.0, -0.3835 -1.0014 -0.0, -0.3858 -1.0205 -0.0, -0.3862 -1.0235 -0.0, -0.394 -1.0438 -0.0, -0.4066 -1.0616 -0.0, -0.4081 -1.0632 -0.0, -0.4249 -1.077 -0.0, -0.445 -1.0863 -0.0, -0.4654 -1.0902 -0.0, -0.5167 -1.0902 -0.0, -0.519 -1.0899 -0.0, -0.5224 -1.0891 -0.0, -0.5235 -1.089 -0.0, -0.5323 -1.0902 -0.0, -0.5401 -1.0932 -0.0, -0.5471 -1.0982 -0.0, -0.5518 -1.1034 -0.0, -0.5562 -1.1112 -0.0, -0.5585 -1.1198 -0.0, -0.5588 -1.1243 -0.0, -0.5577 -1.1328 -0.0, -0.5547 -1.1405 -0.0, -0.5498 -1.1477 -0.0, -0.5471 -1.1504 -0.0, -0.5397 -1.1556 -0.0, -0.5322 -1.1586 -0.0, -0.5258 -1.1596 -0.0, -0.4586 -1.1596 -0.0, -0.4207 -1.1516 -0.0, -0.386 -1.1346 -0.0, -0.355 -1.1084 -0.0, -0.3155 -1.0205 -0.0, -0.3181 -1.0409 -0.0, -0.3324 -1.0769 -0.0, -0.7933 -1.0776 0.0, -0.7855 -1.0783 0.0, -0.7748 -1.0817 0.0, -0.7653 -1.0876 0.0, -0.7577 -1.0955 0.0, -0.7524 -1.1047 0.0, -0.7495 -1.1151 0.0, -0.7491 -1.1261 0.0, -0.7516 -1.1371 0.0, -0.7567 -1.147 0.0, -0.7639 -1.1553 0.0, -0.7727 -1.1614 0.0, -0.7826 -1.1651 0.0, -0.7933 -1.1664 -0.0, -0.8033 -1.1653 0.0, -0.8138 -1.1614 0.0, -0.8229 -1.1551 0.0, -0.8302 -1.1469 0.0, -0.835 -1.1375 0.0, -0.8375 -1.127 0.0, -0.8373 -1.1158 0.0, -0.8344 -1.105 0.0, -0.8288 -1.0953 0.0, -0.8229 -1.089 0.0, -0.814 -1.0827 0.0, -0.804 -1.0789 0.0, -0.804 -1.0789 0.0
            ]
        }
        coordIndex [
            0,1,2,-1,3,4,5,-1,6,7,8,-1,9,10,11,-1,11,10,12,-1,13,14,2,-1,2,14,15,-1,2,15,0,-1,5,4,16,-1,17,18,19,-1,20,21,10,-1,10,21,22,-1,10,22,12,-1,12,22,23,-1,24,25,26,-1,26,25,27,-1,26,27,28,-1,28,27,29,-1,28,29,30,-1,30,29,31,-1,30,31,32,-1,32,31,2,-1,32,2,33,-1,34,35,24,-1,24,35,36,-1,24,36,25,-1,9,11,19,-1,19,11,37,-1,19,37,17,-1,38,1,39,-1,39,1,40,-1,39,40,41,-1,42,43,44,-1,44,43,45,-1,44,45,46,-1,46,45,47,-1,46,47,48,-1,48,47,49,-1,6,8,50,-1,50,8,51,-1,50,51,52,-1,52,51,53,-1,52,53,54,-1,4,55,16,-1,16,55,56,-1,16,56,57,-1,57,56,58,-1,57,58,6,-1,6,58,59,-1,6,59,7,-1,23,22,24,-1,24,22,60,-1,24,60,34,-1,61,62,63,-1,63,62,64,-1,63,64,65,-1,65,64,66,-1,65,66,67,-1,67,66,68,-1,67,68,69,-1,69,68,70,-1,69,70,71,-1,38,72,1,-1,1,72,73,-1,1,73,2,-1,2,73,74,-1,2,74,33,-1,47,75,49,-1,49,75,76,-1,49,76,77,-1,77,76,78,-1,77,78,79,-1,79,78,80,-1,79,80,81,-1,81,80,82,-1,81,82,83,-1,83,82,84,-1,83,84,85,-1,85,84,86,-1,85,86,61,-1,61,86,87,-1,61,87,62,-1,88,89,90,-1,90,89,91,-1,90,91,44,-1,44,91,92,-1,44,92,42,-1,93,94,95,-1,95,94,96,-1,95,96,97,-1,97,96,98,-1,97,98,99,-1,99,98,100,-1,99,100,101,-1,101,100,102,-1,101,102,13,-1,13,102,103,-1,13,103,14,-1,18,104,19,-1,19,104,105,-1,19,105,106,-1,106,105,107,-1,106,107,108,-1,108,107,109,-1,108,109,110,-1,110,109,111,-1,110,111,112,-1,112,111,113,-1,112,113,114,-1,114,113,115,-1,114,115,116,-1,116,115,117,-1,116,117,118,-1,118,117,41,-1,118,41,119,-1,119,41,40,-1,54,53,120,-1,120,53,121,-1,120,121,122,-1,122,121,123,-1,122,123,124,-1,124,123,125,-1,124,125,126,-1,126,125,127,-1,126,127,88,-1,88,127,128,-1,88,128,89,-1,5,129,3,-1,3,129,130,-1,3,130,131,-1,131,130,132,-1,131,132,133,-1,133,132,134,-1,133,134,93,-1,93,134,135,-1,93,135,94,-1,136,137,138,-1,70,139,71,-1,71,139,136,-1,71,136,140,-1,140,136,138,-1,141,142,136,-1,136,142,143,-1,136,143,137,-1,144,145,146,-1,145,147,146,-1,146,147,148,-1,146,148,149,-1,141,136,146,-1,146,136,150,-1,146,150,144,-1,81,151,152,-1,81,152,79,-1,79,152,153,-1,79,153,77,-1,77,153,154,-1,77,154,49,-1,154,155,49,-1,49,155,156,-1,49,156,48,-1,48,156,157,-1,48,157,46,-1,46,157,158,-1,46,158,44,-1,44,158,159,-1,44,159,90,-1,90,159,160,-1,90,160,88,-1,126,88,161,-1,161,88,160,-1,161,162,126,-1,126,162,163,-1,126,163,124,-1,124,163,164,-1,124,164,122,-1,165,52,166,-1,166,52,54,-1,166,54,167,-1,167,54,120,-1,167,120,168,-1,168,120,122,-1,168,122,164,-1,52,165,169,-1,52,169,50,-1,50,169,170,-1,50,170,6,-1,6,170,171,-1,6,171,57,-1,57,171,172,-1,57,172,16,-1,16,172,173,-1,16,173,5,-1,5,173,174,-1,5,174,129,-1,129,174,175,-1,129,175,130,-1,130,175,176,-1,130,176,132,-1,132,176,177,-1,132,177,134,-1,134,177,178,-1,134,178,135,-1,178,179,135,-1,135,179,180,-1,135,180,94,-1,94,180,181,-1,94,181,96,-1,98,96,182,-1,182,96,181,-1,182,183,98,-1,98,183,184,-1,98,184,100,-1,100,184,185,-1,100,185,102,-1,102,185,186,-1,102,186,103,-1,103,186,187,-1,103,187,14,-1,14,187,188,-1,14,188,15,-1,15,188,189,-1,15,189,0,-1,189,190,0,-1,0,190,191,-1,0,191,1,-1,1,191,192,-1,1,192,40,-1,40,192,193,-1,40,193,119,-1,193,194,119,-1,119,194,195,-1,119,195,118,-1,118,195,196,-1,118,196,116,-1,197,9,19,-1,116,196,198,-1,116,198,114,-1,114,198,199,-1,114,199,112,-1,199,200,112,-1,112,200,201,-1,112,201,110,-1,110,201,202,-1,110,202,108,-1,108,202,203,-1,108,203,106,-1,106,203,204,-1,106,204,19,-1,19,204,205,-1,19,205,197,-1,10,9,206,-1,206,9,197,-1,20,10,207,-1,207,10,206,-1,208,21,209,-1,209,21,20,-1,209,20,207,-1,210,22,211,-1,211,22,21,-1,211,21,208,-1,22,210,212,-1,22,212,60,-1,60,212,213,-1,60,213,34,-1,213,214,34,-1,34,214,215,-1,34,215,35,-1,35,215,216,-1,35,216,36,-1,36,216,217,-1,36,217,25,-1,25,217,218,-1,25,218,27,-1,27,218,219,-1,27,219,29,-1,219,220,29,-1,29,220,221,-1,29,221,31,-1,31,221,222,-1,31,222,2,-1,223,95,97,-1,2,222,224,-1,2,224,13,-1,13,224,225,-1,13,225,101,-1,101,225,226,-1,101,226,99,-1,99,226,227,-1,99,227,97,-1,97,227,228,-1,97,228,223,-1,95,223,229,-1,95,229,93,-1,93,229,230,-1,93,230,133,-1,133,230,231,-1,133,231,131,-1,231,232,131,-1,131,232,233,-1,131,233,3,-1,3,233,234,-1,3,234,4,-1,4,234,235,-1,4,235,55,-1,55,235,236,-1,55,236,56,-1,56,236,237,-1,56,237,58,-1,58,237,238,-1,58,238,59,-1,59,238,239,-1,59,239,7,-1,7,239,240,-1,7,240,8,-1,8,240,241,-1,8,241,51,-1,51,241,242,-1,51,242,53,-1,53,242,243,-1,53,243,121,-1,121,243,244,-1,121,244,123,-1,245,42,246,-1,246,42,92,-1,246,92,247,-1,247,92,91,-1,247,91,248,-1,248,91,89,-1,248,89,249,-1,249,89,128,-1,249,128,250,-1,250,128,127,-1,250,127,251,-1,251,127,125,-1,251,125,252,-1,252,125,123,-1,252,123,244,-1,43,42,253,-1,253,42,245,-1,43,253,254,-1,43,254,45,-1,45,254,255,-1,45,255,47,-1,47,255,256,-1,47,256,75,-1,75,256,257,-1,75,257,76,-1,76,257,258,-1,76,258,78,-1,78,258,259,-1,78,259,80,-1,80,259,260,-1,80,260,82,-1,84,82,261,-1,261,82,260,-1,261,262,84,-1,84,262,263,-1,84,263,86,-1,86,263,264,-1,86,264,87,-1,87,264,265,-1,87,265,62,-1,62,265,266,-1,62,266,64,-1,64,266,267,-1,64,267,66,-1,66,267,268,-1,66,268,68,-1,70,68,269,-1,269,68,268,-1,70,269,270,-1,70,270,139,-1,139,270,271,-1,139,271,136,-1,136,271,272,-1,136,272,150,-1,150,272,273,-1,150,273,144,-1,144,273,274,-1,144,274,145,-1,145,274,275,-1,145,275,147,-1,147,275,276,-1,147,276,148,-1,148,276,277,-1,148,277,149,-1,149,277,278,-1,149,278,146,-1,146,278,279,-1,146,279,141,-1,141,279,280,-1,141,280,142,-1,142,280,281,-1,142,281,143,-1,143,281,282,-1,143,282,137,-1,137,282,283,-1,137,283,138,-1,138,283,284,-1,138,284,140,-1,140,284,285,-1,140,285,71,-1,71,285,286,-1,71,286,69,-1,67,69,287,-1,287,69,286,-1,67,287,288,-1,67,288,65,-1,65,288,289,-1,65,289,63,-1,63,289,290,-1,63,290,61,-1,151,81,291,-1,291,81,83,-1,291,83,292,-1,292,83,85,-1,292,85,293,-1,293,85,61,-1,293,61,290,-1,23,294,295,-1,23,295,12,-1,12,295,296,-1,12,296,11,-1,11,296,297,-1,11,297,37,-1,37,297,298,-1,37,298,17,-1,17,298,299,-1,17,299,18,-1,18,299,300,-1,18,300,104,-1,104,300,301,-1,104,301,105,-1,105,301,302,-1,105,302,107,-1,107,302,303,-1,107,303,109,-1,109,303,304,-1,109,304,111,-1,111,304,305,-1,111,305,113,-1,113,305,306,-1,113,306,115,-1,115,306,307,-1,115,307,117,-1,117,307,308,-1,117,308,41,-1,41,308,309,-1,41,309,39,-1,39,309,310,-1,39,310,38,-1,38,310,311,-1,38,311,72,-1,72,311,312,-1,72,312,73,-1,73,312,313,-1,73,313,74,-1,74,313,314,-1,74,314,33,-1,33,314,315,-1,33,315,32,-1,32,315,316,-1,32,316,30,-1,30,316,317,-1,30,317,28,-1,28,317,318,-1,28,318,26,-1,26,318,319,-1,26,319,24,-1,24,319,294,-1,24,294,23,-1,
        ]
    }
}
Shape{
    appearance Appearance {
        material  Material 	{
            diffuseColor 0.7529411764705882 0.7529411764705882 0.7529411764705882
            specularColor 0.6627450980392157 0.6627450980392157 0.6627450980392157
            ambientIntensity 0.2
            transparency 0
            shininess 0.5
        }
    }
    geometry IndexedFaceSet {
        ccw TRUE
        solid FALSE
        coord DEF co Coordinate {
            point [
                -0.7933 -1.1664 -0.0, -0.8229 -1.089 0.0, -0.8288 -1.0953 0.0, -0.7933 -1.0776 0.0, -0.7855 -1.0783 0.0, -0.7826 -1.1651 0.0, -0.804 -1.0789 0.0, -0.814 -1.0827 0.0, -0.7639 -1.1553 0.0, -0.7577 -1.0955 0.0, -0.7653 -1.0876 0.0, -0.835 -1.1375 0.0, -0.8302 -1.1469 0.0, -0.8229 -1.1551 0.0, -0.7727 -1.1614 0.0, -0.7748 -1.0817 0.0, -0.8138 -1.1614 0.0, -0.8033 -1.1653 0.0, -0.8344 -1.105 0.0, -0.8373 -1.1158 0.0, -0.8375 -1.127 0.0, -0.7516 -1.1371 0.0, -0.7491 -1.1261 0.0, -0.7567 -1.147 0.0, -0.7495 -1.1151 0.0, -0.7524 -1.1047 0.0, -1.5559 -4.5721 -0.8506, -1.5559 -4.5721 -0.7718, -1.5559 -4.5434 -0.8532, -1.5559 -4.5328 -0.7752, -1.5559 -4.4833 -0.8675, -1.5559 -4.4577 -0.7931, -1.5559 -4.4272 -0.8932, -1.5559 -4.3875 -0.8252, -1.5559 -4.3771 -0.9294, -1.5559 -4.325 -0.8704, -1.5559 -4.1066 -1.1688, -1.5559 -4.0544 -1.1098, -1.5559 -4.0395 -1.2166, -1.5559 -3.9862 -1.1558, -1.5559 -3.9641 -1.2494, -1.5559 -3.9085 -1.1826, -1.5559 -1.811 -0.5906, -1.5559 -1.811 -0.6693, -1.5559 -1.9291 -0.5906, -1.5559 -1.9291 -0.6693, -1.5559 -2.0051 -0.5967, -1.5559 -1.9924 -0.6744, -1.5559 -2.079 -0.615, -1.5559 -2.0541 -0.6896, -1.5559 -3.7457 -1.1726, -1.5559 -3.7208 -1.2473, -1.5559 -3.8265 -1.1883, -1.5559 -3.8011 -1.2651, -1.5559 -3.8834 -1.2658, -1.4575 -4.8425 -0.8438, -1.4575 -4.8425 -0.7866, -1.5421 -4.6099 -0.7723, -1.4579 -4.8412 -0.8654, -1.5439 -4.6051 -0.8509, -1.3 -4.8425 -0.8438, -1.2995 -4.8412 -0.8654, -1.2136 -4.6051 -0.8509, -1.2153 -4.6099 -0.7723, -1.3 -4.8425 -0.7866, -1.2016 -4.3771 -0.9294, -1.2016 -4.4272 -0.8932, -1.2016 -4.4833 -0.8675, -1.2016 -4.5434 -0.8532, -1.2016 -4.5721 -0.8506, -1.2016 -4.1066 -1.1688, -1.2016 -3.7208 -1.2473, -1.2016 -3.8011 -1.2651, -1.2016 -3.8834 -1.2658, -1.2016 -3.9641 -1.2494, -1.2016 -4.0395 -1.2166, -1.2016 -2.0541 -0.6896, -1.2016 -2.079 -0.615, -1.2016 -3.7457 -1.1726, -1.2016 -4.0544 -1.1098, -1.2016 -3.9862 -1.1558, -1.2016 -3.9085 -1.1826, -1.2016 -3.8265 -1.1883, -1.2016 -4.325 -0.8704, -1.2016 -4.5721 -0.7718, -1.2016 -4.5328 -0.7752, -1.2016 -4.4577 -0.7931, -1.2016 -4.3875 -0.8252, -1.2016 -2.0051 -0.5967, -1.2016 -1.9291 -0.5906, -1.6543 -1.6405 -0.6693, -1.6543 -1.6405 -0.5906, -1.6724 -1.4339 -0.6693, -1.6724 -1.4339 -0.5906, -1.5953 -1.3893 -0.6693, -1.5953 -1.3893 -0.5906, -1.5953 -1.2514 -0.6693, -1.5953 -1.2514 -0.5906, -1.6747 -1.172 -0.6693, -1.6747 -1.172 -0.5906, -1.6884 -1.1547 -0.5906, -1.6884 -1.1547 -0.6693, -1.698 -1.1349 -0.5906, -1.698 -1.1349 -0.6693, -1.7029 -1.1134 -0.5906, -1.7029 -1.1134 -0.6693, -1.7029 -1.0913 -0.5906, -1.7029 -1.0913 -0.6693, -1.698 -1.0699 -0.5906, -1.698 -1.0699 -0.6693, -1.6884 -1.05 -0.5906, -1.6884 -1.05 -0.6693, -1.6747 -1.0328 -0.5906, -1.6747 -1.0328 -0.6693, -1.5953 -0.9533 -0.6693, -1.5953 -0.9533 -0.5906, -1.5953 -0.8154 -0.6693, -1.5953 -0.8154 -0.5906, -1.6543 -0.7813 -0.6693, -1.6543 -0.7813 -0.5906, -1.6676 -0.6299 -0.6693, -1.6676 -0.6299 -0.5906, -1.1031 -0.7813 -0.6693, -1.0899 -0.6299 -0.6693, -1.1031 -0.7813 -0.5906, -1.0899 -0.6299 -0.5906, -1.1622 -0.8154 -0.6693, -1.1622 -0.8154 -0.5906, -1.1622 -0.9533 -0.6693, -1.1622 -0.9533 -0.5906, -1.0827 -1.0328 -0.6693, -1.0827 -1.0328 -0.5906, -1.0671 -1.0531 -0.5906, -1.0671 -1.0531 -0.6693, -1.0573 -1.0769 -0.5906, -1.0573 -1.0769 -0.6693, -1.0539 -1.1024 -0.5906, -1.0539 -1.1024 -0.6693, -1.0573 -1.1278 -0.5906, -1.0573 -1.1278 -0.6693, -1.0671 -1.1516 -0.5906, -1.0671 -1.1516 -0.6693, -1.0827 -1.172 -0.5906, -1.0827 -1.172 -0.6693, -1.1622 -1.2514 -0.6693, -1.1622 -1.2514 -0.5906, -1.1622 -1.3893 -0.6693, -1.1622 -1.3893 -0.5906, -1.085 -1.4339 -0.6693, -1.085 -1.4339 -0.5906, -1.1031 -1.6405 -0.6693, -1.1031 -1.6405 -0.5906, -1.2016 -1.811 -0.6693, -1.2016 -1.811 -0.5906, -1.2016 -1.9291 -0.6693, -1.2016 -1.9924 -0.6744, -1.5067 -0.6299 -0.6693, -1.5067 -0.6299 -0.5906, -1.2508 -0.2756 -2.2395, -1.5854 -0.2756 -2.1063, -1.172 -0.2756 -2.1457, -1.5067 -0.2756 -2.0125, -1.172 -0.2756 -2.1063, -1.2508 -0.2756 -2.0125, -1.2508 -0.2756 -0.8661, -1.5067 -0.2756 -0.8661, -1.5854 -0.2756 -2.1457, -1.5067 -0.2756 -2.2395, -1.5067 -0.2756 -3.6799, -1.2508 -0.2756 -3.6799, -1.4378 -0.2756 -3.937, -1.3197 -0.2756 -3.937, -1.5067 -0.5512 -0.5906, -1.2508 -0.5512 -0.5906, -1.2508 -0.4799 -0.5999, -1.5067 -0.4799 -0.5999, -1.2508 -0.4134 -0.6275, -1.5067 -0.4134 -0.6275, -1.2508 -0.3563 -0.6713, -1.5067 -0.3563 -0.6713, -1.2508 -0.3125 -0.7283, -1.5067 -0.3125 -0.7283, -1.2508 -0.285 -0.7948, -1.5067 -0.285 -0.7948, -1.2508 -0.6299 -0.5906, -1.2508 -0.6299 -0.6693, -1.5067 -0.5512 -0.6693, -1.2508 -0.5512 -0.6693, -1.2508 -0.3543 -2.0125, -1.172 -0.3543 -2.1063, -1.172 -0.3543 -2.1457, -1.2508 -0.3543 -2.2395, -1.2508 -0.3543 -3.6799, -1.3197 -0.3543 -3.937, -1.4378 -0.3543 -3.937, -1.5067 -0.3543 -3.6799, -1.5067 -0.3543 -2.2395, -1.5854 -0.3543 -2.1457, -1.5854 -0.3543 -2.1063, -1.5067 -0.3543 -2.0125, -1.5067 -0.5002 -0.676, -1.5067 -0.4528 -0.6957, -1.5067 -0.412 -0.7269, -1.5067 -0.3807 -0.7677, -1.5067 -0.361 -0.8152, -1.5067 -0.3543 -0.8661, -1.2508 -0.3543 -0.8661, -1.2508 -0.361 -0.8152, -1.2508 -0.3807 -0.7677, -1.2508 -0.412 -0.7269, -1.2508 -0.4528 -0.6957, -1.2508 -0.5002 -0.676, -0.5716 -4.5721 -0.8506, -0.5716 -4.5721 -0.7718, -0.5716 -4.5434 -0.8532, -0.5716 -4.5328 -0.7752, -0.5716 -4.4833 -0.8675, -0.5716 -4.4577 -0.7931, -0.5716 -4.4272 -0.8932, -0.5716 -4.3875 -0.8252, -0.5716 -4.3771 -0.9294, -0.5716 -4.325 -0.8704, -0.5716 -4.1066 -1.1688, -0.5716 -4.0544 -1.1098, -0.5716 -4.0395 -1.2166, -0.5716 -3.9862 -1.1558, -0.5716 -3.9641 -1.2494, -0.5716 -3.9085 -1.1826, -0.5716 -1.811 -0.5906, -0.5716 -1.811 -0.6693, -0.5716 -1.9291 -0.5906, -0.5716 -1.9291 -0.6693, -0.5716 -2.0051 -0.5967, -0.5716 -1.9924 -0.6744, -0.5716 -2.079 -0.615, -0.5716 -2.0541 -0.6896, -0.5716 -3.7457 -1.1726, -0.5716 -3.7208 -1.2473, -0.5716 -3.8265 -1.1883, -0.5716 -3.8011 -1.2651, -0.5716 -3.8834 -1.2658, -0.4732 -4.8425 -0.8438, -0.4732 -4.8425 -0.7866, -0.5579 -4.6099 -0.7723, -0.4737 -4.8412 -0.8654, -0.5596 -4.6051 -0.8509, -0.3157 -4.8425 -0.8438, -0.3152 -4.8412 -0.8654, -0.2293 -4.6051 -0.8509, -0.2311 -4.6099 -0.7723, -0.3157 -4.8425 -0.7866, -0.2173 -4.3771 -0.9294, -0.2173 -4.4272 -0.8932, -0.2173 -4.4833 -0.8675, -0.2173 -4.5434 -0.8532, -0.2173 -4.5721 -0.8506, -0.2173 -4.1066 -1.1688, -0.2173 -3.7208 -1.2473, -0.2173 -3.8011 -1.2651, -0.2173 -3.8834 -1.2658, -0.2173 -3.9641 -1.2494, -0.2173 -4.0395 -1.2166, -0.2173 -2.0541 -0.6896, -0.2173 -2.079 -0.615, -0.2173 -3.7457 -1.1726, -0.2173 -4.0544 -1.1098, -0.2173 -3.9862 -1.1558, -0.2173 -3.9085 -1.1826, -0.2173 -3.8265 -1.1883, -0.2173 -4.325 -0.8704, -0.2173 -4.5721 -0.7718, -0.2173 -4.5328 -0.7752, -0.2173 -4.4577 -0.7931, -0.2173 -4.3875 -0.8252, -0.2173 -1.9291 -0.6693, -0.2173 -1.9924 -0.6744, -0.2173 -2.0051 -0.5967, -0.2173 -1.9291 -0.5906, -0.2173 -1.811 -0.6693, -0.2173 -1.811 -0.5906, -0.1189 -1.6405 -0.6693, -0.1189 -1.6405 -0.5906, -0.1008 -1.4339 -0.6693, -0.1008 -1.4339 -0.5906, -0.1779 -1.3893 -0.6693, -0.1779 -1.3893 -0.5906, -0.1779 -1.2514 -0.6693, -0.1779 -1.2514 -0.5906, -0.0985 -1.172 -0.6693, -0.0985 -1.172 -0.5906, -0.0985 -1.0328 -0.6693, -0.0985 -1.0328 -0.5906, -0.0848 -1.05 -0.5906, -0.0848 -1.05 -0.6693, -0.0752 -1.0699 -0.5906, -0.0752 -1.0699 -0.6693, -0.0703 -1.0913 -0.5906, -0.0703 -1.0913 -0.6693, -0.0703 -1.1134 -0.5906, -0.0703 -1.1134 -0.6693, -0.0752 -1.1349 -0.5906, -0.0752 -1.1349 -0.6693, -0.0848 -1.1547 -0.5906, -0.0848 -1.1547 -0.6693, -0.1779 -0.9533 -0.6693, -0.1779 -0.9533 -0.5906, -0.1779 -0.8154 -0.6693, -0.1779 -0.8154 -0.5906, -0.1189 -0.7813 -0.6693, -0.1189 -0.7813 -0.5906, -0.1056 -0.6299 -0.6693, -0.1056 -0.6299 -0.5906, -0.6833 -0.6299 -0.6693, -0.6701 -0.7813 -0.6693, -0.6833 -0.6299 -0.5906, -0.6701 -0.7813 -0.5906, -0.611 -0.8154 -0.6693, -0.611 -0.8154 -0.5906, -0.611 -0.9533 -0.6693, -0.611 -0.9533 -0.5906, -0.6904 -1.0328 -0.6693, -0.6904 -1.0328 -0.5906, -0.6904 -1.172 -0.6693, -0.6904 -1.172 -0.5906, -0.7042 -1.1547 -0.5906, -0.7042 -1.1547 -0.6693, -0.7137 -1.1349 -0.5906, -0.7137 -1.1349 -0.6693, -0.7187 -1.1134 -0.5906, -0.7187 -1.1134 -0.6693, -0.7187 -1.0913 -0.5906, -0.7187 -1.0913 -0.6693, -0.7137 -1.0699 -0.5906, -0.7137 -1.0699 -0.6693, -0.7042 -1.05 -0.5906, -0.7042 -1.05 -0.6693, -0.611 -1.2514 -0.6693, -0.611 -1.2514 -0.5906, -0.611 -1.3893 -0.6693, -0.611 -1.3893 -0.5906, -0.6881 -1.4339 -0.6693, -0.6881 -1.4339 -0.5906, -0.6701 -1.6405 -0.6693, -0.6701 -1.6405 -0.5906, -0.2665 -0.6299 -0.6693, -0.2665 -0.6299 -0.5906, -0.6012 -0.3543 -2.1457, -0.5224 -0.3543 -2.2395, -0.1878 -0.3543 -2.1063, -0.2665 -0.3543 -0.8661, -0.5224 -0.3543 -0.8661, -0.2665 -0.3543 -2.0125, -0.5224 -0.3543 -2.0125, -0.6012 -0.3543 -2.1063, -0.1878 -0.3543 -2.1457, -0.2665 -0.3543 -2.2395, -0.2665 -0.3543 -3.6799, -0.5224 -0.3543 -3.6799, -0.3354 -0.3543 -3.937, -0.4535 -0.3543 -3.937, -0.5224 -0.361 -0.8152, -0.2665 -0.361 -0.8152, -0.5224 -0.3807 -0.7677, -0.2665 -0.3807 -0.7677, -0.5224 -0.412 -0.7269, -0.2665 -0.412 -0.7269, -0.5224 -0.4528 -0.6957, -0.2665 -0.4528 -0.6957, -0.5224 -0.5002 -0.676, -0.2665 -0.5002 -0.676, -0.5224 -0.5512 -0.6693, -0.2665 -0.5512 -0.6693, -0.5224 -0.6299 -0.6693, -0.5224 -0.6299 -0.5906, -0.2665 -0.5512 -0.5906, -0.5224 -0.5512 -0.5906, -0.2665 -0.4799 -0.5999, -0.5224 -0.4799 -0.5999, -0.2665 -0.4134 -0.6275, -0.5224 -0.4134 -0.6275, -0.2665 -0.3563 -0.6713, -0.5224 -0.3563 -0.6713, -0.2665 -0.3125 -0.7283, -0.5224 -0.3125 -0.7283, -0.2665 -0.285 -0.7948, -0.5224 -0.285 -0.7948, -0.2665 -0.2756 -0.8661, -0.5224 -0.2756 -0.8661, -0.2665 -0.2756 -2.0125, -0.1878 -0.2756 -2.1063, -0.1878 -0.2756 -2.1457, -0.2665 -0.2756 -2.2395, -0.2665 -0.2756 -3.6799, -0.3354 -0.2756 -3.937, -0.4535 -0.2756 -3.937, -0.5224 -0.2756 -3.6799, -0.5224 -0.2756 -2.2395, -0.6012 -0.2756 -2.1457, -0.6012 -0.2756 -2.1063, -0.5224 -0.2756 -2.0125, 0.2158 -4.5721 -0.8506, 0.2158 -4.5721 -0.7718, 0.2158 -4.5434 -0.8532, 0.2158 -4.5328 -0.7752, 0.2158 -4.4833 -0.8675, 0.2158 -4.4577 -0.7931, 0.2158 -4.4272 -0.8932, 0.2158 -4.3875 -0.8252, 0.2158 -4.3771 -0.9294, 0.2158 -4.325 -0.8704, 0.2158 -4.1066 -1.1688, 0.2158 -4.0544 -1.1098, 0.2158 -4.0395 -1.2166, 0.2158 -3.9862 -1.1558, 0.2158 -3.9641 -1.2494, 0.2158 -3.9085 -1.1826, 0.2158 -1.811 -0.5906, 0.2158 -1.811 -0.6693, 0.2158 -1.9291 -0.5906, 0.2158 -1.9291 -0.6693, 0.2158 -2.0051 -0.5967, 0.2158 -1.9924 -0.6744, 0.2158 -2.079 -0.615, 0.2158 -2.0541 -0.6896, 0.2158 -3.7457 -1.1726, 0.2158 -3.7208 -1.2473, 0.2158 -3.8265 -1.1883, 0.2158 -3.8011 -1.2651, 0.2158 -3.8834 -1.2658, 0.3142 -4.8425 -0.8438, 0.3142 -4.8425 -0.7866, 0.2295 -4.6099 -0.7723, 0.3137 -4.8412 -0.8654, 0.2278 -4.6051 -0.8509, 0.4717 -4.8425 -0.8438, 0.4722 -4.8412 -0.8654, 0.5581 -4.6051 -0.8509, 0.5563 -4.6099 -0.7723, 0.4717 -4.8425 -0.7866, 0.5701 -4.3771 -0.9294, 0.5701 -4.4272 -0.8932, 0.5701 -4.4833 -0.8675, 0.5701 -4.5434 -0.8532, 0.5701 -4.5721 -0.8506, 0.5701 -4.1066 -1.1688, 0.5701 -3.7208 -1.2473, 0.5701 -3.8011 -1.2651, 0.5701 -3.8834 -1.2658, 0.5701 -3.9641 -1.2494, 0.5701 -4.0395 -1.2166, 0.5701 -2.0541 -0.6896, 0.5701 -2.079 -0.615, 0.5701 -3.7457 -1.1726, 0.5701 -4.0544 -1.1098, 0.5701 -3.9862 -1.1558, 0.5701 -3.9085 -1.1826, 0.5701 -3.8265 -1.1883, 0.5701 -4.325 -0.8704, 0.5701 -4.5721 -0.7718, 0.5701 -4.5328 -0.7752, 0.5701 -4.4577 -0.7931, 0.5701 -4.3875 -0.8252, 0.5701 -1.9291 -0.6693, 0.5701 -1.9924 -0.6744, 0.5701 -2.0051 -0.5967, 0.5701 -1.9291 -0.5906, 0.5701 -1.811 -0.6693, 0.5701 -1.811 -0.5906, 0.6685 -1.6405 -0.6693, 0.6685 -1.6405 -0.5906, 0.6866 -1.4339 -0.6693, 0.6866 -1.4339 -0.5906, 0.6095 -1.3893 -0.6693, 0.6095 -1.3893 -0.5906, 0.6095 -1.2514 -0.6693, 0.6095 -1.2514 -0.5906, 0.6889 -1.172 -0.6693, 0.6889 -1.172 -0.5906, 0.6889 -1.0328 -0.6693, 0.6889 -1.0328 -0.5906, 0.7026 -1.05 -0.5906, 0.7026 -1.05 -0.6693, 0.7122 -1.0699 -0.5906, 0.7122 -1.0699 -0.6693, 0.7171 -1.0913 -0.5906, 0.7171 -1.0913 -0.6693, 0.7171 -1.1134 -0.5906, 0.7171 -1.1134 -0.6693, 0.7122 -1.1349 -0.5906, 0.7122 -1.1349 -0.6693, 0.7026 -1.1547 -0.5906, 0.7026 -1.1547 -0.6693, 0.6095 -0.9533 -0.6693, 0.6095 -0.9533 -0.5906, 0.6095 -0.8154 -0.6693, 0.6095 -0.8154 -0.5906, 0.6685 -0.7813 -0.6693, 0.6685 -0.7813 -0.5906, 0.6818 -0.6299 -0.6693, 0.6818 -0.6299 -0.5906, 0.1041 -0.6299 -0.6693, 0.1173 -0.7813 -0.6693, 0.1041 -0.6299 -0.5906, 0.1173 -0.7813 -0.5906, 0.1764 -0.8154 -0.6693, 0.1764 -0.8154 -0.5906, 0.1764 -0.9533 -0.6693, 0.1764 -0.9533 -0.5906, 0.097 -1.0328 -0.6693, 0.097 -1.0328 -0.5906, 0.097 -1.172 -0.6693, 0.097 -1.172 -0.5906, 0.0832 -1.1547 -0.5906, 0.0832 -1.1547 -0.6693, 0.0737 -1.1349 -0.5906, 0.0737 -1.1349 -0.6693, 0.0687 -1.1134 -0.5906, 0.0687 -1.1134 -0.6693, 0.0687 -1.0913 -0.5906, 0.0687 -1.0913 -0.6693, 0.0737 -1.0699 -0.5906, 0.0737 -1.0699 -0.6693, 0.0832 -1.05 -0.5906, 0.0832 -1.05 -0.6693, 0.1764 -1.2514 -0.6693, 0.1764 -1.2514 -0.5906, 0.1764 -1.3893 -0.6693, 0.1764 -1.3893 -0.5906, 0.0993 -1.4339 -0.6693, 0.0993 -1.4339 -0.5906, 0.1173 -1.6405 -0.6693, 0.1173 -1.6405 -0.5906, 0.5209 -0.6299 -0.6693, 0.5209 -0.6299 -0.5906, 0.1862 -0.3543 -2.1063, 0.5209 -0.3543 -2.2395, 0.265 -0.3543 -2.0125, 0.5996 -0.3543 -2.1457, 0.1862 -0.3543 -2.1457, 0.265 -0.3543 -2.2395, 0.5209 -0.3543 -3.6799, 0.265 -0.3543 -3.6799, 0.452 -0.3543 -3.937, 0.3339 -0.3543 -3.937, 0.5209 -0.3543 -0.8661, 0.265 -0.3543 -0.8661, 0.5209 -0.3543 -2.0125, 0.5996 -0.3543 -2.1063, 0.265 -0.361 -0.8152, 0.5209 -0.361 -0.8152, 0.265 -0.3807 -0.7677, 0.5209 -0.3807 -0.7677, 0.265 -0.412 -0.7269, 0.5209 -0.412 -0.7269, 0.265 -0.4528 -0.6957, 0.5209 -0.4528 -0.6957, 0.265 -0.5002 -0.676, 0.5209 -0.5002 -0.676, 0.265 -0.5512 -0.6693, 0.5209 -0.5512 -0.6693, 0.265 -0.6299 -0.6693, 0.265 -0.6299 -0.5906, 0.5209 -0.5512 -0.5906, 0.265 -0.5512 -0.5906, 0.5209 -0.4799 -0.5999, 0.265 -0.4799 -0.5999, 0.5209 -0.4134 -0.6275, 0.265 -0.4134 -0.6275, 0.5209 -0.3563 -0.6713, 0.265 -0.3563 -0.6713, 0.5209 -0.3125 -0.7283, 0.265 -0.3125 -0.7283, 0.5209 -0.285 -0.7948, 0.265 -0.285 -0.7948, 0.5209 -0.2756 -0.8661, 0.265 -0.2756 -0.8661, 0.5209 -0.2756 -2.0125, 0.5996 -0.2756 -2.1063, 0.5996 -0.2756 -2.1457, 0.5209 -0.2756 -2.2395, 0.5209 -0.2756 -3.6799, 0.452 -0.2756 -3.937, 0.3339 -0.2756 -3.937, 0.265 -0.2756 -3.6799, 0.265 -0.2756 -2.2395, 0.1862 -0.2756 -2.1457, 0.1862 -0.2756 -2.1063, 0.265 -0.2756 -2.0125, 1.2 -4.5721 -0.8506, 1.2 -4.5721 -0.7718, 1.2 -4.5434 -0.8532, 1.2 -4.5328 -0.7752, 1.2 -4.4833 -0.8675, 1.2 -4.4577 -0.7931, 1.2 -4.4272 -0.8932, 1.2 -4.3875 -0.8252, 1.2 -4.3771 -0.9294, 1.2 -4.325 -0.8704, 1.2 -4.1066 -1.1688, 1.2 -4.0544 -1.1098, 1.2 -4.0395 -1.2166, 1.2 -3.9862 -1.1558, 1.2 -3.9641 -1.2494, 1.2 -3.9085 -1.1826, 1.2 -1.811 -0.5906, 1.2 -1.811 -0.6693, 1.2 -1.9291 -0.5906, 1.2 -1.9291 -0.6693, 1.2 -2.0051 -0.5967, 1.2 -1.9924 -0.6744, 1.2 -2.079 -0.615, 1.2 -2.0541 -0.6896, 1.2 -3.7457 -1.1726, 1.2 -3.7208 -1.2473, 1.2 -3.8265 -1.1883, 1.2 -3.8011 -1.2651, 1.2 -3.8834 -1.2658, 1.2984 -4.8425 -0.8438, 1.2984 -4.8425 -0.7866, 1.2138 -4.6099 -0.7723, 1.298 -4.8412 -0.8654, 1.212 -4.6051 -0.8509, 1.4559 -4.8425 -0.8438, 1.4564 -4.8412 -0.8654, 1.5423 -4.6051 -0.8509, 1.5406 -4.6099 -0.7723, 1.4559 -4.8425 -0.7866, 1.5543 -4.3771 -0.9294, 1.5543 -4.4272 -0.8932, 1.5543 -4.4833 -0.8675, 1.5543 -4.5434 -0.8532, 1.5543 -4.5721 -0.8506, 1.5543 -4.1066 -1.1688, 1.5543 -3.7208 -1.2473, 1.5543 -3.8011 -1.2651, 1.5543 -3.8834 -1.2658, 1.5543 -3.9641 -1.2494, 1.5543 -4.0395 -1.2166, 1.5543 -2.0541 -0.6896, 1.5543 -2.079 -0.615, 1.5543 -3.7457 -1.1726, 1.5543 -4.0544 -1.1098, 1.5543 -3.9862 -1.1558, 1.5543 -3.9085 -1.1826, 1.5543 -3.8265 -1.1883, 1.5543 -4.325 -0.8704, 1.5543 -4.5721 -0.7718, 1.5543 -4.5328 -0.7752, 1.5543 -4.4577 -0.7931, 1.5543 -4.3875 -0.8252, 1.5543 -2.0051 -0.5967, 1.5543 -1.9291 -0.5906, 1.1016 -1.6405 -0.6693, 1.1016 -1.6405 -0.5906, 1.0835 -1.4339 -0.6693, 1.0835 -1.4339 -0.5906, 1.1606 -1.3893 -0.6693, 1.1606 -1.3893 -0.5906, 1.1606 -1.2514 -0.6693, 1.1606 -1.2514 -0.5906, 1.0812 -1.172 -0.6693, 1.0812 -1.172 -0.5906, 1.0656 -1.1516 -0.5906, 1.0656 -1.1516 -0.6693, 1.0557 -1.1278 -0.5906, 1.0557 -1.1278 -0.6693, 1.0524 -1.1024 -0.5906, 1.0524 -1.1024 -0.6693, 1.0557 -1.0769 -0.5906, 1.0557 -1.0769 -0.6693, 1.0656 -1.0531 -0.5906, 1.0656 -1.0531 -0.6693, 1.0812 -1.0328 -0.5906, 1.0812 -1.0328 -0.6693, 1.1606 -0.9533 -0.6693, 1.1606 -0.9533 -0.5906, 1.1606 -0.8154 -0.6693, 1.1606 -0.8154 -0.5906, 1.1016 -0.7813 -0.6693, 1.1016 -0.7813 -0.5906, 1.0883 -0.6299 -0.6693, 1.0883 -0.6299 -0.5906, 1.6528 -0.7813 -0.6693, 1.666 -0.6299 -0.6693, 1.6528 -0.7813 -0.5906, 1.666 -0.6299 -0.5906, 1.5937 -0.8154 -0.6693, 1.5937 -0.8154 -0.5906, 1.5937 -0.9533 -0.6693, 1.5937 -0.9533 -0.5906, 1.6732 -1.0328 -0.6693, 1.6732 -1.0328 -0.5906, 1.6869 -1.05 -0.5906, 1.6869 -1.05 -0.6693, 1.6965 -1.0699 -0.5906, 1.6965 -1.0699 -0.6693, 1.7014 -1.0913 -0.5906, 1.7014 -1.0913 -0.6693, 1.7014 -1.1134 -0.5906, 1.7014 -1.1134 -0.6693, 1.6965 -1.1349 -0.5906, 1.6965 -1.1349 -0.6693, 1.6869 -1.1547 -0.5906, 1.6869 -1.1547 -0.6693, 1.6732 -1.172 -0.5906, 1.6732 -1.172 -0.6693, 1.5937 -1.2514 -0.6693, 1.5937 -1.2514 -0.5906, 1.5937 -1.3893 -0.6693, 1.5937 -1.3893 -0.5906, 1.6709 -1.4339 -0.6693, 1.6709 -1.4339 -0.5906, 1.6528 -1.6405 -0.6693, 1.6528 -1.6405 -0.5906, 1.5543 -1.811 -0.6693, 1.5543 -1.811 -0.5906, 1.5543 -1.9291 -0.6693, 1.5543 -1.9924 -0.6744, 1.2492 -0.6299 -0.6693, 1.2492 -0.6299 -0.5906, 1.5051 -0.2756 -2.2395, 1.1705 -0.2756 -2.1063, 1.5839 -0.2756 -2.1457, 1.2492 -0.2756 -2.0125, 1.5839 -0.2756 -2.1063, 1.5051 -0.2756 -2.0125, 1.5051 -0.2756 -0.8661, 1.2492 -0.2756 -0.8661, 1.4362 -0.2756 -3.937, 1.3181 -0.2756 -3.937, 1.5051 -0.2756 -3.6799, 1.2492 -0.2756 -3.6799, 1.2492 -0.2756 -2.2395, 1.1705 -0.2756 -2.1457, 1.2492 -0.5512 -0.5906, 1.5051 -0.5512 -0.5906, 1.5051 -0.4799 -0.5999, 1.2492 -0.4799 -0.5999, 1.5051 -0.4134 -0.6275, 1.2492 -0.4134 -0.6275, 1.5051 -0.3563 -0.6713, 1.2492 -0.3563 -0.6713, 1.5051 -0.3125 -0.7283, 1.2492 -0.3125 -0.7283, 1.5051 -0.285 -0.7948, 1.2492 -0.285 -0.7948, 1.5051 -0.6299 -0.5906, 1.5051 -0.6299 -0.6693, 1.2492 -0.5512 -0.6693, 1.5051 -0.5512 -0.6693, 1.5051 -0.3543 -2.0125, 1.5839 -0.3543 -2.1063, 1.5839 -0.3543 -2.1457, 1.5051 -0.3543 -2.2395, 1.5051 -0.3543 -3.6799, 1.4362 -0.3543 -3.937, 1.3181 -0.3543 -3.937, 1.2492 -0.3543 -3.6799, 1.2492 -0.3543 -2.2395, 1.1705 -0.3543 -2.1457, 1.1705 -0.3543 -2.1063, 1.2492 -0.3543 -2.0125, 1.2492 -0.5002 -0.676, 1.2492 -0.4528 -0.6957, 1.2492 -0.412 -0.7269, 1.2492 -0.3807 -0.7677, 1.2492 -0.361 -0.8152, 1.2492 -0.3543 -0.8661, 1.5051 -0.3543 -0.8661, 1.5051 -0.361 -0.8152, 1.5051 -0.3807 -0.7677, 1.5051 -0.412 -0.7269, 1.5051 -0.4528 -0.6957, 1.5051 -0.5002 -0.676, 1.5051 -0.5002 -0.676
            ]
        }
        coordIndex [
            0,1,2,-1,3,0,4,-1,4,0,5,-1,3,6,0,-1,0,6,7,-1,0,7,1,-1,8,9,10,-1,11,12,2,-1,2,12,13,-1,5,14,4,-1,4,14,8,-1,4,8,15,-1,15,8,10,-1,13,16,2,-1,2,16,17,-1,2,17,0,-1,18,19,2,-1,2,19,20,-1,2,20,11,-1,21,22,23,-1,23,22,24,-1,23,24,8,-1,8,24,25,-1,8,25,9,-1,26,27,28,-1,28,27,29,-1,28,29,30,-1,30,29,31,-1,30,31,32,-1,32,31,33,-1,32,33,34,-1,34,33,35,-1,34,35,36,-1,36,35,37,-1,36,37,38,-1,38,37,39,-1,38,39,40,-1,40,39,41,-1,42,43,44,-1,44,43,45,-1,44,45,46,-1,46,45,47,-1,46,47,48,-1,48,47,49,-1,48,49,50,-1,50,49,51,-1,50,51,52,-1,52,51,53,-1,52,53,41,-1,41,53,54,-1,41,54,40,-1,55,56,57,-1,58,55,59,-1,59,55,57,-1,59,57,26,-1,26,57,27,-1,55,58,60,-1,60,58,61,-1,58,59,61,-1,61,59,62,-1,57,56,63,-1,63,56,64,-1,55,60,56,-1,56,60,64,-1,34,65,32,-1,32,65,66,-1,32,66,30,-1,30,66,67,-1,30,67,28,-1,28,67,68,-1,28,68,26,-1,26,68,69,-1,26,69,59,-1,59,69,62,-1,34,36,65,-1,65,36,70,-1,51,71,72,-1,51,72,53,-1,53,72,73,-1,53,73,54,-1,54,73,74,-1,54,74,40,-1,40,74,75,-1,40,75,38,-1,38,75,70,-1,38,70,36,-1,51,49,71,-1,71,49,76,-1,48,50,77,-1,77,50,78,-1,37,79,39,-1,39,79,80,-1,39,80,41,-1,41,80,81,-1,41,81,52,-1,52,81,82,-1,52,82,50,-1,50,82,78,-1,37,35,79,-1,79,35,83,-1,57,63,27,-1,27,63,84,-1,27,84,29,-1,84,85,29,-1,29,85,86,-1,29,86,31,-1,31,86,87,-1,31,87,33,-1,33,87,83,-1,33,83,35,-1,60,61,62,-1,69,84,62,-1,62,84,63,-1,62,63,60,-1,60,63,64,-1,48,77,88,-1,48,88,46,-1,46,88,89,-1,46,89,44,-1,90,43,91,-1,91,43,42,-1,92,90,93,-1,93,90,91,-1,94,92,95,-1,95,92,93,-1,96,94,97,-1,97,94,95,-1,98,96,99,-1,99,96,97,-1,98,99,100,-1,98,100,101,-1,101,100,102,-1,101,102,103,-1,103,102,104,-1,103,104,105,-1,105,104,106,-1,105,106,107,-1,107,106,108,-1,107,108,109,-1,109,108,110,-1,109,110,111,-1,111,110,112,-1,111,112,113,-1,114,113,115,-1,115,113,112,-1,116,114,117,-1,117,114,115,-1,118,116,119,-1,119,116,117,-1,120,118,121,-1,121,118,119,-1,122,123,124,-1,124,123,125,-1,126,122,127,-1,127,122,124,-1,128,126,129,-1,129,126,127,-1,130,128,131,-1,131,128,129,-1,130,131,132,-1,130,132,133,-1,133,132,134,-1,133,134,135,-1,135,134,136,-1,135,136,137,-1,137,136,138,-1,137,138,139,-1,139,138,140,-1,139,140,141,-1,141,140,142,-1,141,142,143,-1,144,143,145,-1,145,143,142,-1,146,144,147,-1,147,144,145,-1,148,146,149,-1,149,146,147,-1,150,148,151,-1,151,148,149,-1,152,150,153,-1,153,150,151,-1,152,153,154,-1,154,153,89,-1,154,89,155,-1,155,89,88,-1,155,88,76,-1,76,88,77,-1,76,77,71,-1,71,77,78,-1,71,78,72,-1,72,78,82,-1,72,82,73,-1,73,82,81,-1,73,81,74,-1,74,81,80,-1,84,69,85,-1,85,69,68,-1,85,68,86,-1,86,68,67,-1,86,67,87,-1,87,67,66,-1,87,66,83,-1,83,66,65,-1,83,65,79,-1,79,65,70,-1,79,70,80,-1,80,70,75,-1,80,75,74,-1,45,154,47,-1,47,154,155,-1,47,155,49,-1,49,155,76,-1,156,120,157,-1,157,120,121,-1,158,159,160,-1,160,159,161,-1,162,160,163,-1,163,160,161,-1,163,161,164,-1,164,161,165,-1,166,159,167,-1,167,159,158,-1,167,158,168,-1,168,158,169,-1,168,169,170,-1,170,169,171,-1,172,173,174,-1,172,174,175,-1,175,174,176,-1,175,176,177,-1,177,176,178,-1,177,178,179,-1,179,178,180,-1,179,180,181,-1,181,180,182,-1,181,182,183,-1,183,182,164,-1,183,164,165,-1,173,172,184,-1,184,172,157,-1,151,95,93,-1,42,44,89,-1,93,91,151,-1,151,91,42,-1,151,42,153,-1,153,42,89,-1,121,119,157,-1,157,119,117,-1,157,117,184,-1,184,117,115,-1,184,115,108,-1,108,115,112,-1,108,112,110,-1,151,149,95,-1,95,149,147,-1,95,147,97,-1,97,147,145,-1,97,145,99,-1,124,125,127,-1,127,125,184,-1,127,184,129,-1,129,184,108,-1,129,108,131,-1,104,102,145,-1,145,102,100,-1,145,100,99,-1,131,108,145,-1,145,108,106,-1,145,106,104,-1,145,142,131,-1,131,142,140,-1,131,140,138,-1,138,136,131,-1,131,136,134,-1,131,134,132,-1,123,185,125,-1,125,185,184,-1,156,186,187,-1,114,116,185,-1,185,123,122,-1,118,120,116,-1,116,120,156,-1,116,156,185,-1,185,156,187,-1,92,94,90,-1,90,94,150,-1,90,150,43,-1,43,150,152,-1,43,152,45,-1,45,152,154,-1,143,144,130,-1,109,111,113,-1,122,126,185,-1,185,126,109,-1,185,109,114,-1,114,109,113,-1,148,150,146,-1,146,150,94,-1,146,94,144,-1,144,94,96,-1,144,96,98,-1,130,144,128,-1,98,101,144,-1,144,101,103,-1,144,103,105,-1,126,128,109,-1,109,128,144,-1,109,144,107,-1,107,144,105,-1,137,130,135,-1,135,130,133,-1,137,139,130,-1,130,139,141,-1,130,141,143,-1,188,189,163,-1,163,189,162,-1,189,190,162,-1,162,190,160,-1,190,191,160,-1,160,191,158,-1,191,192,158,-1,158,192,169,-1,192,193,169,-1,169,193,171,-1,193,194,171,-1,171,194,170,-1,194,195,170,-1,170,195,168,-1,195,196,168,-1,168,196,167,-1,196,197,167,-1,167,197,166,-1,197,198,166,-1,166,198,159,-1,198,199,159,-1,159,199,161,-1,156,157,186,-1,186,157,172,-1,186,172,200,-1,200,172,175,-1,200,175,201,-1,201,175,177,-1,201,177,202,-1,202,177,179,-1,202,179,203,-1,203,179,181,-1,203,181,204,-1,204,181,183,-1,204,183,205,-1,205,183,165,-1,205,165,199,-1,199,165,161,-1,205,206,204,-1,204,206,207,-1,204,207,203,-1,203,207,208,-1,203,208,202,-1,202,208,209,-1,202,209,201,-1,201,209,210,-1,201,210,200,-1,200,210,211,-1,200,211,186,-1,186,211,187,-1,188,163,206,-1,206,163,164,-1,206,164,207,-1,207,164,182,-1,207,182,208,-1,208,182,180,-1,208,180,209,-1,209,180,178,-1,209,178,210,-1,210,178,176,-1,210,176,211,-1,211,176,174,-1,211,174,187,-1,187,174,173,-1,187,173,185,-1,185,173,184,-1,198,191,190,-1,188,206,205,-1,194,193,195,-1,195,193,192,-1,195,192,196,-1,196,192,191,-1,196,191,197,-1,197,191,198,-1,190,189,198,-1,198,189,188,-1,198,188,199,-1,199,188,205,-1,212,213,214,-1,214,213,215,-1,214,215,216,-1,216,215,217,-1,216,217,218,-1,218,217,219,-1,218,219,220,-1,220,219,221,-1,220,221,222,-1,222,221,223,-1,222,223,224,-1,224,223,225,-1,224,225,226,-1,226,225,227,-1,228,229,230,-1,230,229,231,-1,230,231,232,-1,232,231,233,-1,232,233,234,-1,234,233,235,-1,234,235,236,-1,236,235,237,-1,236,237,238,-1,238,237,239,-1,238,239,227,-1,227,239,240,-1,227,240,226,-1,241,242,243,-1,244,241,245,-1,245,241,243,-1,245,243,212,-1,212,243,213,-1,241,244,246,-1,246,244,247,-1,244,245,247,-1,247,245,248,-1,243,242,249,-1,249,242,250,-1,241,246,242,-1,242,246,250,-1,220,251,218,-1,218,251,252,-1,218,252,216,-1,216,252,253,-1,216,253,214,-1,214,253,254,-1,214,254,212,-1,212,254,255,-1,212,255,245,-1,245,255,248,-1,220,222,251,-1,251,222,256,-1,237,257,258,-1,237,258,239,-1,239,258,259,-1,239,259,240,-1,240,259,260,-1,240,260,226,-1,226,260,261,-1,226,261,224,-1,224,261,256,-1,224,256,222,-1,237,235,257,-1,257,235,262,-1,234,236,263,-1,263,236,264,-1,223,265,225,-1,225,265,266,-1,225,266,227,-1,227,266,267,-1,227,267,238,-1,238,267,268,-1,238,268,236,-1,236,268,264,-1,223,221,265,-1,265,221,269,-1,243,249,270,-1,243,270,213,-1,213,270,271,-1,213,271,215,-1,215,271,272,-1,215,272,217,-1,217,272,273,-1,217,273,219,-1,219,273,269,-1,219,269,221,-1,246,247,248,-1,255,270,248,-1,248,270,249,-1,248,249,246,-1,246,249,250,-1,231,274,233,-1,233,274,275,-1,233,275,235,-1,235,275,262,-1,234,263,276,-1,234,276,232,-1,232,276,277,-1,232,277,230,-1,278,279,274,-1,274,279,277,-1,274,277,275,-1,275,277,276,-1,275,276,262,-1,262,276,263,-1,262,263,257,-1,257,263,264,-1,257,264,258,-1,258,264,268,-1,258,268,259,-1,259,268,267,-1,259,267,260,-1,260,267,266,-1,270,255,271,-1,271,255,254,-1,271,254,272,-1,272,254,253,-1,272,253,273,-1,273,253,252,-1,273,252,269,-1,269,252,251,-1,269,251,265,-1,265,251,256,-1,265,256,266,-1,266,256,261,-1,266,261,260,-1,278,280,279,-1,279,280,281,-1,280,282,281,-1,281,282,283,-1,282,284,283,-1,283,284,285,-1,284,286,285,-1,285,286,287,-1,286,288,287,-1,287,288,289,-1,290,291,292,-1,290,292,293,-1,293,292,294,-1,293,294,295,-1,295,294,296,-1,295,296,297,-1,297,296,298,-1,297,298,299,-1,299,298,300,-1,299,300,301,-1,301,300,302,-1,301,302,303,-1,303,302,289,-1,303,289,288,-1,290,304,291,-1,291,304,305,-1,304,306,305,-1,305,306,307,-1,306,308,307,-1,307,308,309,-1,308,310,309,-1,309,310,311,-1,312,313,314,-1,314,313,315,-1,313,316,315,-1,315,316,317,-1,316,318,317,-1,317,318,319,-1,318,320,319,-1,319,320,321,-1,322,323,324,-1,322,324,325,-1,325,324,326,-1,325,326,327,-1,327,326,328,-1,327,328,329,-1,329,328,330,-1,329,330,331,-1,331,330,332,-1,331,332,333,-1,333,332,334,-1,333,334,335,-1,335,334,321,-1,335,321,320,-1,322,336,323,-1,323,336,337,-1,336,338,337,-1,337,338,339,-1,338,340,339,-1,339,340,341,-1,340,342,341,-1,341,342,343,-1,342,229,343,-1,343,229,228,-1,310,344,311,-1,311,344,345,-1,346,347,348,-1,349,350,351,-1,351,350,352,-1,351,352,348,-1,348,352,353,-1,348,353,346,-1,354,348,355,-1,355,348,347,-1,355,347,356,-1,356,347,357,-1,356,357,358,-1,358,357,359,-1,350,349,360,-1,360,349,361,-1,360,361,362,-1,362,361,363,-1,362,363,364,-1,364,363,365,-1,364,365,366,-1,366,365,367,-1,366,367,368,-1,368,367,369,-1,368,369,370,-1,370,369,371,-1,372,370,371,-1,318,316,344,-1,313,312,316,-1,316,312,372,-1,316,372,344,-1,344,372,371,-1,340,338,342,-1,342,338,280,-1,342,280,229,-1,229,280,278,-1,229,278,231,-1,231,278,274,-1,310,308,344,-1,344,308,306,-1,333,335,320,-1,282,280,284,-1,284,280,338,-1,284,338,286,-1,286,338,336,-1,286,336,288,-1,288,336,290,-1,290,336,304,-1,304,336,322,-1,304,322,306,-1,306,322,325,-1,306,325,327,-1,290,293,288,-1,288,293,295,-1,288,295,297,-1,297,299,288,-1,288,299,301,-1,288,301,303,-1,320,318,333,-1,333,318,344,-1,333,344,331,-1,331,344,306,-1,331,306,329,-1,329,306,327,-1,372,312,373,-1,373,312,314,-1,373,314,315,-1,292,291,289,-1,281,339,341,-1,228,230,277,-1,309,311,307,-1,307,311,345,-1,341,343,281,-1,281,343,228,-1,281,228,279,-1,279,228,277,-1,374,375,345,-1,345,375,373,-1,345,373,317,-1,317,373,315,-1,281,283,339,-1,339,283,285,-1,339,285,337,-1,334,332,321,-1,321,332,319,-1,289,291,287,-1,285,287,337,-1,337,287,291,-1,337,291,323,-1,323,291,305,-1,323,305,324,-1,324,305,307,-1,324,307,326,-1,326,307,328,-1,317,319,345,-1,345,319,332,-1,345,332,307,-1,307,332,330,-1,307,330,328,-1,298,289,300,-1,300,289,302,-1,298,296,289,-1,289,296,294,-1,289,294,292,-1,375,374,376,-1,375,376,377,-1,377,376,378,-1,377,378,379,-1,379,378,380,-1,379,380,381,-1,381,380,382,-1,381,382,383,-1,383,382,384,-1,383,384,385,-1,385,384,386,-1,385,386,387,-1,351,388,349,-1,349,388,386,-1,349,386,361,-1,361,386,384,-1,361,384,363,-1,363,384,382,-1,363,382,365,-1,365,382,380,-1,365,380,367,-1,367,380,378,-1,367,378,369,-1,369,378,376,-1,369,376,371,-1,371,376,374,-1,371,374,344,-1,344,374,345,-1,351,348,388,-1,388,348,389,-1,348,354,389,-1,389,354,390,-1,354,355,390,-1,390,355,391,-1,355,356,391,-1,391,356,392,-1,356,358,392,-1,392,358,393,-1,358,359,393,-1,393,359,394,-1,359,357,394,-1,394,357,395,-1,357,347,395,-1,395,347,396,-1,347,346,396,-1,396,346,397,-1,346,353,397,-1,397,353,398,-1,353,352,398,-1,398,352,399,-1,372,373,370,-1,370,373,375,-1,370,375,368,-1,368,375,377,-1,368,377,366,-1,366,377,379,-1,366,379,364,-1,364,379,381,-1,364,381,362,-1,362,381,383,-1,362,383,360,-1,360,383,385,-1,360,385,350,-1,350,385,387,-1,350,387,352,-1,352,387,399,-1,389,396,397,-1,399,387,386,-1,393,394,392,-1,392,394,395,-1,392,395,391,-1,391,395,396,-1,391,396,390,-1,390,396,389,-1,397,398,389,-1,389,398,399,-1,389,399,388,-1,388,399,386,-1,400,401,402,-1,402,401,403,-1,402,403,404,-1,404,403,405,-1,404,405,406,-1,406,405,407,-1,406,407,408,-1,408,407,409,-1,408,409,410,-1,410,409,411,-1,410,411,412,-1,412,411,413,-1,412,413,414,-1,414,413,415,-1,416,417,418,-1,418,417,419,-1,418,419,420,-1,420,419,421,-1,420,421,422,-1,422,421,423,-1,422,423,424,-1,424,423,425,-1,424,425,426,-1,426,425,427,-1,426,427,415,-1,415,427,428,-1,415,428,414,-1,429,430,431,-1,432,429,433,-1,433,429,431,-1,433,431,400,-1,400,431,401,-1,429,432,434,-1,434,432,435,-1,432,433,435,-1,435,433,436,-1,431,430,437,-1,437,430,438,-1,429,434,430,-1,430,434,438,-1,408,439,406,-1,406,439,440,-1,406,440,404,-1,404,440,441,-1,404,441,402,-1,402,441,442,-1,402,442,400,-1,400,442,443,-1,400,443,433,-1,433,443,436,-1,408,410,439,-1,439,410,444,-1,425,445,446,-1,425,446,427,-1,427,446,447,-1,427,447,428,-1,428,447,448,-1,428,448,414,-1,414,448,449,-1,414,449,412,-1,412,449,444,-1,412,444,410,-1,425,423,445,-1,445,423,450,-1,422,424,451,-1,451,424,452,-1,411,453,413,-1,413,453,454,-1,413,454,415,-1,415,454,455,-1,415,455,426,-1,426,455,456,-1,426,456,424,-1,424,456,452,-1,411,409,453,-1,453,409,457,-1,431,437,458,-1,431,458,401,-1,401,458,459,-1,401,459,403,-1,403,459,460,-1,403,460,405,-1,405,460,461,-1,405,461,407,-1,407,461,457,-1,407,457,409,-1,434,435,436,-1,443,458,436,-1,436,458,437,-1,436,437,434,-1,434,437,438,-1,419,462,421,-1,421,462,463,-1,421,463,423,-1,423,463,450,-1,422,451,464,-1,422,464,420,-1,420,464,465,-1,420,465,418,-1,466,467,462,-1,462,467,465,-1,462,465,463,-1,463,465,464,-1,463,464,450,-1,450,464,451,-1,450,451,445,-1,445,451,452,-1,445,452,446,-1,446,452,456,-1,446,456,447,-1,447,456,455,-1,447,455,448,-1,448,455,454,-1,458,443,459,-1,459,443,442,-1,459,442,460,-1,460,442,441,-1,460,441,461,-1,461,441,440,-1,461,440,457,-1,457,440,439,-1,457,439,453,-1,453,439,444,-1,453,444,454,-1,454,444,449,-1,454,449,448,-1,466,468,467,-1,467,468,469,-1,468,470,469,-1,469,470,471,-1,470,472,471,-1,471,472,473,-1,472,474,473,-1,473,474,475,-1,474,476,475,-1,475,476,477,-1,478,479,480,-1,478,480,481,-1,481,480,482,-1,481,482,483,-1,483,482,484,-1,483,484,485,-1,485,484,486,-1,485,486,487,-1,487,486,488,-1,487,488,489,-1,489,488,490,-1,489,490,491,-1,491,490,477,-1,491,477,476,-1,478,492,479,-1,479,492,493,-1,492,494,493,-1,493,494,495,-1,494,496,495,-1,495,496,497,-1,496,498,497,-1,497,498,499,-1,500,501,502,-1,502,501,503,-1,501,504,503,-1,503,504,505,-1,504,506,505,-1,505,506,507,-1,506,508,507,-1,507,508,509,-1,510,511,512,-1,510,512,513,-1,513,512,514,-1,513,514,515,-1,515,514,516,-1,515,516,517,-1,517,516,518,-1,517,518,519,-1,519,518,520,-1,519,520,521,-1,521,520,522,-1,521,522,523,-1,523,522,509,-1,523,509,508,-1,510,524,511,-1,511,524,525,-1,524,526,525,-1,525,526,527,-1,526,528,527,-1,527,528,529,-1,528,530,529,-1,529,530,531,-1,530,417,531,-1,531,417,416,-1,498,532,499,-1,499,532,533,-1,534,535,536,-1,536,535,537,-1,534,538,535,-1,535,538,539,-1,535,539,540,-1,540,539,541,-1,540,541,542,-1,542,541,543,-1,544,545,546,-1,546,545,536,-1,546,536,547,-1,547,536,537,-1,545,544,548,-1,548,544,549,-1,548,549,550,-1,550,549,551,-1,550,551,552,-1,552,551,553,-1,552,553,554,-1,554,553,555,-1,554,555,556,-1,556,555,557,-1,556,557,558,-1,558,557,559,-1,558,559,560,-1,560,559,532,-1,528,526,530,-1,530,526,468,-1,530,468,417,-1,417,468,466,-1,417,466,419,-1,419,466,462,-1,498,496,532,-1,532,496,494,-1,532,494,560,-1,560,494,492,-1,560,492,483,-1,483,492,478,-1,483,478,481,-1,470,468,472,-1,472,468,526,-1,472,526,474,-1,474,526,524,-1,487,489,524,-1,524,510,506,-1,489,491,524,-1,524,491,476,-1,524,476,474,-1,501,500,504,-1,504,500,560,-1,504,560,506,-1,506,560,483,-1,506,483,524,-1,524,483,485,-1,524,485,487,-1,517,519,515,-1,515,519,513,-1,519,521,513,-1,513,521,523,-1,513,523,510,-1,510,523,508,-1,510,508,506,-1,560,500,561,-1,561,500,502,-1,562,563,533,-1,533,563,561,-1,495,497,499,-1,469,527,529,-1,416,418,465,-1,529,531,469,-1,469,531,416,-1,469,416,467,-1,467,416,465,-1,499,533,495,-1,495,533,561,-1,495,561,493,-1,493,561,482,-1,493,482,479,-1,479,482,480,-1,502,503,561,-1,561,503,505,-1,561,505,482,-1,482,505,507,-1,469,471,527,-1,527,471,473,-1,527,473,525,-1,525,473,475,-1,525,475,477,-1,512,511,522,-1,522,511,509,-1,477,490,525,-1,525,490,488,-1,525,488,486,-1,486,484,525,-1,525,484,482,-1,525,482,511,-1,511,482,507,-1,511,507,509,-1,522,520,512,-1,512,520,518,-1,512,518,514,-1,514,518,516,-1,563,562,564,-1,563,564,565,-1,565,564,566,-1,565,566,567,-1,567,566,568,-1,567,568,569,-1,569,568,570,-1,569,570,571,-1,571,570,572,-1,571,572,573,-1,573,572,574,-1,573,574,575,-1,546,576,544,-1,544,576,574,-1,544,574,549,-1,549,574,572,-1,549,572,551,-1,551,572,570,-1,551,570,553,-1,553,570,568,-1,553,568,555,-1,555,568,566,-1,555,566,557,-1,557,566,564,-1,557,564,559,-1,559,564,562,-1,559,562,532,-1,532,562,533,-1,546,547,576,-1,576,547,577,-1,547,537,577,-1,577,537,578,-1,537,535,578,-1,578,535,579,-1,535,540,579,-1,579,540,580,-1,540,542,580,-1,580,542,581,-1,542,543,581,-1,581,543,582,-1,543,541,582,-1,582,541,583,-1,541,539,583,-1,583,539,584,-1,539,538,584,-1,584,538,585,-1,538,534,585,-1,585,534,586,-1,534,536,586,-1,586,536,587,-1,560,561,558,-1,558,561,563,-1,558,563,556,-1,556,563,565,-1,556,565,554,-1,554,565,567,-1,554,567,552,-1,552,567,569,-1,552,569,550,-1,550,569,571,-1,550,571,548,-1,548,571,573,-1,548,573,545,-1,545,573,575,-1,545,575,536,-1,536,575,587,-1,579,586,578,-1,578,586,587,-1,577,578,576,-1,576,578,587,-1,576,587,574,-1,574,587,575,-1,581,582,580,-1,580,582,583,-1,580,583,579,-1,579,583,584,-1,579,584,586,-1,586,584,585,-1,588,589,590,-1,590,589,591,-1,590,591,592,-1,592,591,593,-1,592,593,594,-1,594,593,595,-1,594,595,596,-1,596,595,597,-1,596,597,598,-1,598,597,599,-1,598,599,600,-1,600,599,601,-1,600,601,602,-1,602,601,603,-1,604,605,606,-1,606,605,607,-1,606,607,608,-1,608,607,609,-1,608,609,610,-1,610,609,611,-1,610,611,612,-1,612,611,613,-1,612,613,614,-1,614,613,615,-1,614,615,603,-1,603,615,616,-1,603,616,602,-1,617,618,619,-1,620,617,621,-1,621,617,619,-1,621,619,588,-1,588,619,589,-1,617,620,622,-1,622,620,623,-1,620,621,623,-1,623,621,624,-1,619,618,625,-1,625,618,626,-1,617,622,618,-1,618,622,626,-1,596,627,594,-1,594,627,628,-1,594,628,592,-1,592,628,629,-1,592,629,590,-1,590,629,630,-1,590,630,588,-1,588,630,631,-1,588,631,621,-1,621,631,624,-1,596,598,627,-1,627,598,632,-1,613,633,634,-1,613,634,615,-1,615,634,635,-1,615,635,616,-1,616,635,636,-1,616,636,602,-1,602,636,637,-1,602,637,600,-1,600,637,632,-1,600,632,598,-1,613,611,633,-1,633,611,638,-1,610,612,639,-1,639,612,640,-1,599,641,601,-1,601,641,642,-1,601,642,603,-1,603,642,643,-1,603,643,614,-1,614,643,644,-1,614,644,612,-1,612,644,640,-1,599,597,641,-1,641,597,645,-1,619,625,646,-1,619,646,589,-1,589,646,647,-1,589,647,591,-1,591,647,648,-1,591,648,593,-1,593,648,649,-1,593,649,595,-1,595,649,645,-1,595,645,597,-1,622,623,624,-1,631,646,624,-1,624,646,625,-1,624,625,622,-1,622,625,626,-1,610,639,650,-1,610,650,608,-1,608,650,651,-1,608,651,606,-1,652,605,653,-1,653,605,604,-1,654,652,655,-1,655,652,653,-1,656,654,657,-1,657,654,655,-1,658,656,659,-1,659,656,657,-1,660,658,661,-1,661,658,659,-1,660,661,662,-1,660,662,663,-1,663,662,664,-1,663,664,665,-1,665,664,666,-1,665,666,667,-1,667,666,668,-1,667,668,669,-1,669,668,670,-1,669,670,671,-1,671,670,672,-1,671,672,673,-1,674,673,675,-1,675,673,672,-1,676,674,677,-1,677,674,675,-1,678,676,679,-1,679,676,677,-1,680,678,681,-1,681,678,679,-1,682,683,684,-1,684,683,685,-1,686,682,687,-1,687,682,684,-1,688,686,689,-1,689,686,687,-1,690,688,691,-1,691,688,689,-1,690,691,692,-1,690,692,693,-1,693,692,694,-1,693,694,695,-1,695,694,696,-1,695,696,697,-1,697,696,698,-1,697,698,699,-1,699,698,700,-1,699,700,701,-1,701,700,702,-1,701,702,703,-1,703,702,704,-1,703,704,705,-1,706,705,707,-1,707,705,704,-1,708,706,709,-1,709,706,707,-1,710,708,711,-1,711,708,709,-1,712,710,713,-1,713,710,711,-1,714,712,715,-1,715,712,713,-1,714,715,716,-1,716,715,651,-1,716,651,717,-1,717,651,650,-1,717,650,638,-1,638,650,639,-1,638,639,633,-1,633,639,640,-1,633,640,634,-1,634,640,644,-1,634,644,635,-1,635,644,643,-1,635,643,636,-1,636,643,642,-1,646,631,647,-1,647,631,630,-1,647,630,648,-1,648,630,629,-1,648,629,649,-1,649,629,628,-1,649,628,645,-1,645,628,627,-1,645,627,641,-1,641,627,632,-1,641,632,642,-1,642,632,637,-1,642,637,636,-1,607,716,609,-1,609,716,717,-1,609,717,611,-1,611,717,638,-1,718,680,719,-1,719,680,681,-1,720,721,722,-1,722,721,723,-1,724,722,725,-1,725,722,723,-1,725,723,726,-1,726,723,727,-1,728,729,730,-1,730,729,731,-1,730,731,720,-1,720,731,732,-1,720,732,721,-1,721,732,733,-1,734,735,736,-1,734,736,737,-1,737,736,738,-1,737,738,739,-1,739,738,740,-1,739,740,741,-1,741,740,742,-1,741,742,743,-1,743,742,744,-1,743,744,745,-1,745,744,726,-1,745,726,727,-1,719,681,679,-1,713,657,655,-1,604,606,651,-1,684,685,687,-1,687,685,746,-1,655,653,713,-1,713,653,604,-1,713,604,715,-1,715,604,651,-1,735,734,746,-1,746,734,719,-1,746,719,677,-1,677,719,679,-1,670,668,672,-1,672,668,675,-1,659,691,661,-1,661,691,689,-1,661,689,662,-1,662,689,687,-1,662,687,664,-1,713,711,657,-1,657,711,709,-1,657,709,659,-1,659,709,707,-1,659,707,691,-1,691,707,704,-1,677,675,746,-1,746,675,668,-1,746,668,687,-1,687,668,666,-1,687,666,664,-1,702,694,704,-1,704,694,692,-1,704,692,691,-1,702,700,694,-1,694,700,698,-1,694,698,696,-1,683,747,685,-1,685,747,746,-1,747,683,682,-1,654,656,652,-1,652,656,712,-1,652,712,605,-1,605,712,714,-1,605,714,607,-1,607,714,716,-1,673,674,660,-1,678,680,676,-1,676,680,718,-1,748,749,718,-1,718,749,747,-1,718,747,686,-1,686,747,682,-1,693,695,690,-1,690,695,688,-1,660,674,658,-1,686,688,718,-1,718,688,695,-1,718,695,676,-1,676,695,674,-1,695,697,674,-1,674,697,699,-1,674,699,701,-1,667,669,671,-1,710,712,708,-1,708,712,656,-1,708,656,706,-1,706,656,658,-1,706,658,705,-1,705,658,674,-1,705,674,703,-1,703,674,701,-1,667,671,665,-1,673,660,671,-1,671,660,663,-1,671,663,665,-1,750,751,725,-1,725,751,724,-1,751,752,724,-1,724,752,722,-1,752,753,722,-1,722,753,720,-1,753,754,720,-1,720,754,730,-1,754,755,730,-1,730,755,728,-1,755,756,728,-1,728,756,729,-1,756,757,729,-1,729,757,731,-1,757,758,731,-1,731,758,732,-1,758,759,732,-1,732,759,733,-1,759,760,733,-1,733,760,721,-1,760,761,721,-1,721,761,723,-1,718,719,748,-1,748,719,734,-1,748,734,762,-1,762,734,737,-1,762,737,763,-1,763,737,739,-1,763,739,764,-1,764,739,741,-1,764,741,765,-1,765,741,743,-1,765,743,766,-1,766,743,745,-1,766,745,767,-1,767,745,727,-1,767,727,761,-1,761,727,723,-1,767,768,766,-1,766,768,769,-1,766,769,765,-1,765,769,770,-1,765,770,764,-1,764,770,771,-1,764,771,763,-1,763,771,772,-1,763,772,762,-1,762,772,773,-1,762,773,748,-1,748,773,749,-1,750,725,768,-1,768,725,726,-1,768,726,769,-1,769,726,744,-1,769,744,770,-1,770,744,742,-1,770,742,771,-1,771,742,740,-1,771,740,772,-1,772,740,738,-1,772,738,773,-1,773,738,736,-1,773,736,749,-1,749,736,735,-1,749,735,747,-1,747,735,746,-1,760,753,752,-1,750,768,767,-1,760,759,753,-1,753,759,758,-1,753,758,754,-1,754,758,757,-1,754,757,755,-1,755,757,756,-1,752,751,760,-1,760,751,750,-1,760,750,761,-1,761,750,767,-1,
        ]
    }
}